StartDate,EndDate,Status,Progress,Duration (in seconds),Finished,RecordedDate,ResponseId,RecipientLastName,RecipientFirstName,RecipientEmail,ExternalReference,DistributionChannel,UserLanguage,consent,extra_1_T1_1,extra_2_T1_1,neuro_1_T1_1,neuro_2_T1_1,con_1_T1_1,con_2_T1_1,agree_1_T1_1,agree_2_T1_1,open_1_T1_1,open_2_T1_1,commitment,Q11,Q11 Countdown_First Click,Q11 Countdown_Last Click,Q11 Countdown_Page Submit,Q11 Countdown_Click Count,Q1,Q1 Countdown_First Click,Q1 Countdown_Last Click,Q1 Countdown_Page Submit,Q1 Countdown_Click Count,Q21,Q21 Countdown_First Click,Q21 Countdown_Last Click,Q21 Countdown_Page Submit,Q21 Countdown_Click Count,Q29,Q29 Countdown_First Click,Q29 Countdown_Last Click,Q29 Countdown_Page Submit,Q29 Countdown_Click Count,Q34,Q34 Countdown_First Click,Q34 Countdown_Last Click,Q34 Countdown_Page Submit,Q34 Countdown_Click Count,Q36,Q36 Countdown_First Click,Q36 Countdown_Last Click,Q36 Countdown_Page Submit,Q36 Countdown_Click Count,Q37,Q37 Countdown_First Click,Q37 Countdown_Last Click,Q37 Countdown_Page Submit,Q37 Countdown_Click Count,Q39,Q39 Countdown_First Click,Q39 Countdown_Last Click,Q39 Countdown_Page Submit,Q39 Countdown_Click Count,Q16,Q7,Q25,Q27,Q56,Q60,Q51,Q59,momentary_stress,affect,extra_1_T2_1,extra_2_T2_1,neuro_1_T2_1,neuro_2_T2_1,con_1_T2_1,con_2_T2_1,agree_1_T2_1,agree_2_T2_1,open_1_T2_1,open_2_T2_1,attn,gender,race,race_8_TEXT,age,english,SES,education,education_11_TEXT,job_status,SC0,Condition,Score,FL_37_DO,PersonalityStatesT1_DO,PersonalityStatesT2_DO
Start Date,End Date,Response Type,Progress,Duration (in seconds),Finished,Recorded Date,Response ID,Recipient Last Name,Recipient First Name,Recipient Email,External Data Reference,Distribution Channel,User Language,"Key information:

We invite you to participate in the following survey. The results of these studies are for research purposes and de-identified data may be shared with other researchers or used for future research. 



Purpose:

This research (Columbia IRB #: AAAV0918) examines everyday feelings and behaviors. 



Procedures: 

You will be asked to engage in a brief activity and answer questions about yourself. Your participation will take approximately 6 minutes. 



Voluntariness: 

This study is completely voluntary. You can withdraw from this study at any time by closing your Internet browser window. You may not skip questions unless otherwise noted. 



Confidentiality: 

We do not ask for your name or any other information that might identify you. Although collected data may be made public or used for future research purposes, your identity will always remain confidential. In addition to the research investigators on this project, authorities from Columbia University, including the IRB (i.e., committee organized to protect the rights and welfare of people involved in research), and the federal Office of  Human Research Protections may obtain access to data collected for this study. However, this data cannot and will not be traced back to you. 



Risks and benefits: 

We do not anticipate any risks to participants. There are no benefits to participation. 



Compensation: 

You will be compensated $1.20 for your time. Additional bonuses are possible. 

To receive payment, you must submit the completion code that you will receive at the end of the 

survey. 



Your questions: 

If you have any questions about the research, please contact me the researchers at sm4409@gsb.columbia.edu or sjg2222@columbia.edu. We recommend that you write down the researchers’ contact information. If you have questions about your rights as a research subject, contact Columbia’s Campus Institutional Review Board at askirb@columbia.edu or at 212-305-5883. 



Do you wish to participate in this study?",extra_1_T1,extra_2_T1,neuro_1_T1,neuro_2_T1,con_1_T1,con_2_T1,agree_1_T1,agree_2_T1,open_1_T1,open_2_T1,"Data from this study may ultimately contribute to improving the field of behavioral science. Hence, it is important to us that you do NOT use outside sources, like a calculator or the internet. Will you answer the following questions without help from outside sources?",Ruth goes walking to work at 8.10 a.m. She stops to buy a tea and read her newspaper for 15 minutes and arrives at work at 9.55 a.m. The distance between her house and work is 6 miles. What is her average walking speed in miles per hour? (please type the number only).,Timing - First Click,Timing - Last Click,Timing - Page Submit,Timing - Click Count,A pen and pad cost one dollar and ten cents. The pen costs one dollar more than the pad. How much does the pad cost (in cents)? (please type the number only).,Timing - First Click,Timing - Last Click,Timing - Page Submit,Timing - Click Count,What is the answer? 8÷4+2 ×5=,Timing - First Click,Timing - Last Click,Timing - Page Submit,Timing - Click Count,What is the answer? 3-3×3÷3^2 =,Timing - First Click,Timing - Last Click,Timing - Page Submit,Timing - Click Count,"If x⁄3 = x^2, then value of x can be which of the following?

I. -1/3

II. 0

III. 1/3",Timing - First Click,Timing - Last Click,Timing - Page Submit,Timing - Click Count,Which one of the following categories is NOT awarded a Nobel Prize?,Timing - First Click,Timing - Last Click,Timing - Page Submit,Timing - Click Count,What percentage cocoa solids must chocolate contain to be legally called chocolate?,Timing - First Click,Timing - Last Click,Timing - Page Submit,Timing - Click Count,Samite is a type of?,Timing - First Click,Timing - Last Click,Timing - Page Submit,Timing - Click Count,A car travels along a road at a rate of 40 mph for 4.5 hours. How far does the car travel in miles? (please type the number only).,A boy had five bananas and ate all but three. How many bananas were left? (please type the number only),"What is the answer?
 75-8=","What is the answer?
 5 ×2^2-3 =",What is the capital of the United States?,Who invented the telephone?,Where is Kenya located?,Which country is home to the kangaroo?,"RIGHT NOW, I am feeling","RIGHT NOW, I am feeling",extra_1_T2,extra_2_T2,neuro_1_T2,neuro_2_T2,con_1_T2,con_2_T2,agree_1_T2,agree_2_T2,open_1_T2,open_2_T2,Think about what you are doing now. If you are reading and paying attention please enter the numerical sum of 12 plus twelve.,What is your gender?,What is your race? - Selected Choice,What is your race? - Other - Text,What is your age in years?,Is English your native language?,Which category best describes your socioeconomic status?,What is your highest level of education? - Selected Choice,What is your highest level of education? - Other higher level degree (Please specify) - Text,Please select the status of your job from the options below:,Score,Condition,Score,FL_37 - Block Randomizer - Display Order,Personality States T1 - Display Order,Personality States T2 - Display Order
"{""ImportId"":""startDate"",""timeZone"":""America/Denver""}","{""ImportId"":""endDate"",""timeZone"":""America/Denver""}","{""ImportId"":""status""}","{""ImportId"":""progress""}","{""ImportId"":""duration""}","{""ImportId"":""finished""}","{""ImportId"":""recordedDate"",""timeZone"":""America/Denver""}","{""ImportId"":""_recordId""}","{""ImportId"":""recipientLastName""}","{""ImportId"":""recipientFirstName""}","{""ImportId"":""recipientEmail""}","{""ImportId"":""externalDataReference""}","{""ImportId"":""distributionChannel""}","{""ImportId"":""userLanguage""}","{""ImportId"":""QID1""}","{""ImportId"":""QID111_1""}","{""ImportId"":""QID112_1""}","{""ImportId"":""QID113_1""}","{""ImportId"":""QID114_1""}","{""ImportId"":""QID115_1""}","{""ImportId"":""QID116_1""}","{""ImportId"":""QID117_1""}","{""ImportId"":""QID118_1""}","{""ImportId"":""QID119_1""}","{""ImportId"":""QID120_1""}","{""ImportId"":""QID3""}","{""ImportId"":""QID6_TEXT""}","{""ImportId"":""QID7_FIRST_CLICK""}","{""ImportId"":""QID7_LAST_CLICK""}","{""ImportId"":""QID7_PAGE_SUBMIT""}","{""ImportId"":""QID7_CLICK_COUNT""}","{""ImportId"":""QID8_TEXT""}","{""ImportId"":""QID9_FIRST_CLICK""}","{""ImportId"":""QID9_LAST_CLICK""}","{""ImportId"":""QID9_PAGE_SUBMIT""}","{""ImportId"":""QID9_CLICK_COUNT""}","{""ImportId"":""QID15_TEXT""}","{""ImportId"":""QID16_FIRST_CLICK""}","{""ImportId"":""QID16_LAST_CLICK""}","{""ImportId"":""QID16_PAGE_SUBMIT""}","{""ImportId"":""QID16_CLICK_COUNT""}","{""ImportId"":""QID19_TEXT""}","{""ImportId"":""QID22_FIRST_CLICK""}","{""ImportId"":""QID22_LAST_CLICK""}","{""ImportId"":""QID22_PAGE_SUBMIT""}","{""ImportId"":""QID22_CLICK_COUNT""}","{""ImportId"":""QID23""}","{""ImportId"":""QID24_FIRST_CLICK""}","{""ImportId"":""QID24_LAST_CLICK""}","{""ImportId"":""QID24_PAGE_SUBMIT""}","{""ImportId"":""QID24_CLICK_COUNT""}","{""ImportId"":""QID27""}","{""ImportId"":""QID28_FIRST_CLICK""}","{""ImportId"":""QID28_LAST_CLICK""}","{""ImportId"":""QID28_PAGE_SUBMIT""}","{""ImportId"":""QID28_CLICK_COUNT""}","{""ImportId"":""QID31""}","{""ImportId"":""QID32_FIRST_CLICK""}","{""ImportId"":""QID32_LAST_CLICK""}","{""ImportId"":""QID32_PAGE_SUBMIT""}","{""ImportId"":""QID32_CLICK_COUNT""}","{""ImportId"":""QID35""}","{""ImportId"":""QID36_FIRST_CLICK""}","{""ImportId"":""QID36_LAST_CLICK""}","{""ImportId"":""QID36_PAGE_SUBMIT""}","{""ImportId"":""QID36_CLICK_COUNT""}","{""ImportId"":""QID42_TEXT""}","{""ImportId"":""QID43_TEXT""}","{""ImportId"":""QID44_TEXT""}","{""ImportId"":""QID45_TEXT""}","{""ImportId"":""QID46""}","{""ImportId"":""QID47""}","{""ImportId"":""QID48""}","{""ImportId"":""QID49""}","{""ImportId"":""QID50""}","{""ImportId"":""QID123""}","{""ImportId"":""QID85_1""}","{""ImportId"":""QID53_1""}","{""ImportId"":""QID56_1""}","{""ImportId"":""QID57_1""}","{""ImportId"":""QID60_1""}","{""ImportId"":""QID61_1""}","{""ImportId"":""QID64_1""}","{""ImportId"":""QID65_1""}","{""ImportId"":""QID68_1""}","{""ImportId"":""QID69_1""}","{""ImportId"":""QID84_TEXT""}","{""ImportId"":""QID72""}","{""ImportId"":""QID73""}","{""ImportId"":""QID73_9_TEXT""}","{""ImportId"":""QID75_TEXT""}","{""ImportId"":""QID76""}","{""ImportId"":""QID77""}","{""ImportId"":""QID121""}","{""ImportId"":""QID121_11_TEXT""}","{""ImportId"":""QID122""}","{""ImportId"":""SC_6kZcT5newbi3BgW""}","{""ImportId"":""Condition""}","{""ImportId"":""Score""}","{""ImportId"":""FL_37_DO""}","{""ImportId"":""BL_9z7bCMKTMDKtUsm_DO""}","{""ImportId"":""BL_cuUzMbiANufeAQK_DO""}"
3/25/25 20:51,3/25/25 20:52,0,100,63,1,3/25/25 20:52,R_3QWv7IPKAlcnqat,,,,,anonymous,EN,1,4,4,4,4,4,4,4,4,4,4,1,,,,,,,,,,,,,,,,,,,,,,,,,,,,,,,,,,,,,,,,,,,,,,,,,1,4,4,4,4,4,4,4,4,4,4,4,,,,,,,,,,,0,,,,Description|agree_1_T1|open_2_T1|neuro_1_T1|con_2_T1|open_1_T1|con_1_T1|agree_2_T1|neuro_2_T1|extra_1_T1|extra_2_T1,Description|con_1_T2|extra_1_T2|open_1_T2|open_2_T2|extra_2_T2|con_2_T2|neuro_1_T2|agree_1_T2|neuro_2_T2|agree_2_T2
3/25/25 20:57,3/25/25 20:59,0,100,125,1,3/25/25 20:59,R_5Kq2VVzMtK6qVBk,,,,,anonymous,EN,1,4,4,4,4,4,4,4,4,4,4,1,4,8.21,8.21,10.242,1,5,1.186,1.186,3.112,1,12,1.022,1.022,4.944,1,,0,0,7.007,0,4,1.587,1.587,2.811,1,3,1.495,2.812,3.178,2,5,2.946,2.946,4.153,1,4,1.296,1.296,2.52,1,,,,,,,,,4,2,4,4,4,4,4,4,4,4,4,4,0,,,,,,,,,,7,Stress,7,FL_35,Description|agree_1_T1|open_2_T1|neuro_1_T1|neuro_2_T1|extra_1_T1|con_1_T1|extra_2_T1|con_2_T1|open_1_T1|agree_2_T1,Description|con_2_T2|extra_2_T2|agree_1_T2|open_2_T2|open_1_T2|agree_2_T2|extra_1_T2|con_1_T2|neuro_1_T2|neuro_2_T2
3/25/25 20:59,3/25/25 21:01,0,100,120,1,3/25/25 21:01,R_6jjHSFo9rIuMYf1,,,,,anonymous,EN,1,4,4,4,4,4,4,4,4,4,4,1,,0,0,1.258,0,,0,0,8.107,0,,0,0,0.883,0,,0,0,7.105,0,,0,0,8.98,0,3,2.239,2.239,3.158,1,,0,0,1.85,0,,0,0,5.006,0,,,,,,,,,4,2,4,4,4,4,4,4,4,4,4,4,0,,,,,,,,,,1,Stress,1,FL_35,Description|neuro_1_T1|con_2_T1|open_1_T1|open_2_T1|extra_2_T1|extra_1_T1|agree_1_T1|neuro_2_T1|agree_2_T1|con_1_T1,Description|open_1_T2|open_2_T2|extra_1_T2|neuro_1_T2|con_2_T2|con_1_T2|extra_2_T2|agree_2_T2|neuro_2_T2|agree_1_T2
3/25/25 21:01,3/25/25 21:02,0,100,60,1,3/25/25 21:02,R_6G7e2jDl3V11Sp8,,,,,anonymous,EN,1,4,4,4,4,4,4,4,4,4,4,1,,,,,,,,,,,,,,,,,,,,,,,,,,,,,,,,,,,,,,,,,,,,,3,,,,1,3,4,4,4,4,4,4,4,4,4,4,0,,,,,,,,,,0,Nonstress,,FL_36,Description|extra_2_T1|agree_2_T1|extra_1_T1|agree_1_T1|neuro_1_T1|neuro_2_T1|con_1_T1|open_1_T1|open_2_T1|con_2_T1,Description|neuro_1_T2|agree_2_T2|extra_1_T2|con_2_T2|open_1_T2|open_2_T2|con_1_T2|agree_1_T2|extra_2_T2|neuro_2_T2
3/26/25 9:47,3/26/25 9:49,0,100,164,1,3/26/25 9:49,R_59iPydHXpKNHnmF,,,,,anonymous,EN,1,4,4,4,4,4,4,4,4,4,4,1,4,3.383,3.383,5.131,1,,0,0,0.58,0,,0,0,0.801,0,,0,0,0.851,0,,0,0,1.492,0,,0,0,1.882,0,,0,0,1.426,0,,0,0,1.438,0,,,,,,,,,4,2,4,4,4,4,4,4,4,4,4,4,,,,,,,,,,,1,Stress,1,FL_35,Description|open_2_T1|extra_1_T1|open_1_T1|neuro_2_T1|con_1_T1|agree_2_T1|neuro_1_T1|extra_2_T1|agree_1_T1|con_2_T1,Description|open_2_T2|agree_1_T2|neuro_2_T2|extra_1_T2|con_2_T2|neuro_1_T2|agree_2_T2|con_1_T2|extra_2_T2|open_1_T2
3/26/25 9:56,3/26/25 10:02,0,100,388,1,3/26/25 10:02,R_3wzqpDOYaeobQfT,,,,,anonymous,EN,1,5,2,6,5,7,3,2,6,3,6,1,,1.6,37.099,44.007,3,,0,0,8.007,0,,0,0,11.006,0,,0,0,6.197,0,,0,0,16.633,0,,0,0,7.007,0,3,4.619,4.619,8.006,1,5,5.047,5.047,5.102,1,,,,,,,,,4,2,5,7,5,6,6,3,2,6,3,6,24,2,6,,24,1,2,4,,3,0,Stress,0,FL_35,Description|extra_1_T1|open_1_T1|extra_2_T1|neuro_1_T1|con_2_T1|neuro_2_T1|agree_1_T1|open_2_T1|agree_2_T1|con_1_T1,Description|open_1_T2|extra_1_T2|extra_2_T2|open_2_T2|con_1_T2|agree_2_T2|neuro_1_T2|neuro_2_T2|agree_1_T2|con_2_T2
3/26/25 9:59,3/26/25 10:03,0,100,238,1,3/26/25 10:03,R_67Q0umd761Vo2aA,,,,,anonymous,EN,1,4,7,4,7,7,4,4,2,4,4,1,,,,,,,,,,,,,,,,,,,,,,,,,,,,,,,,,,,,,,,,,180,2,67,2,1,5,2,1,3,2,4,7,4,7,7,4,4,4,4,4,24,1,6,,31,1,6,2,,1,0,Nonstress,,FL_36,Description|neuro_2_T1|extra_1_T1|agree_1_T1|agree_2_T1|neuro_1_T1|con_2_T1|open_1_T1|con_1_T1|open_2_T1|extra_2_T1,Description|open_2_T2|agree_1_T2|neuro_2_T2|agree_2_T2|extra_2_T2|con_1_T2|neuro_1_T2|con_2_T2|open_1_T2|extra_1_T2
3/26/25 10:05,3/26/25 10:11,0,100,367,1,3/26/25 10:11,R_7VDGqpSkOMevGDf,,,,,anonymous,EN,1,5,5,5,2,6,3,3,5,5,6,1,,,,,,,,,,,,,,,,,,,,,,,,,,,,,,,,,,,,,,,,,180,3,68,5,1,5,2,1,1,4,5,5,5,2,6,3,3,5,5,6,24,2,6,,37,1,5,2,,4,0,Nonstress,,FL_36,Description|extra_2_T1|con_2_T1|agree_2_T1|agree_1_T1|open_1_T1|neuro_1_T1|extra_1_T1|open_2_T1|con_1_T1|neuro_2_T1,Description|con_1_T2|neuro_2_T2|agree_1_T2|con_2_T2|neuro_1_T2|agree_2_T2|open_2_T2|extra_1_T2|open_1_T2|extra_2_T2
3/26/25 10:06,3/26/25 10:13,0,100,439,1,3/26/25 10:13,R_1CQtNrSzyxnex6S,,,,,anonymous,EN,1,2,6,2,2,6,3,7,7,7,5,1,,,,,,,,,,,,,,,,,,,,,,,,,,,,,,,,,,,,,,,,,180,3,77,17,1,5,2,1,2,5,2,7,5,3,6,2,7,5,7,6,24,2,6,,33,1,5,2,,3,0,Nonstress,,FL_36,Description|extra_2_T1|con_2_T1|neuro_1_T1|open_2_T1|agree_2_T1|agree_1_T1|open_1_T1|con_1_T1|neuro_2_T1|extra_1_T1,Description|con_2_T2|extra_2_T2|neuro_2_T2|open_1_T2|agree_1_T2|open_2_T2|extra_1_T2|con_1_T2|agree_2_T2|neuro_1_T2
3/26/25 10:10,3/26/25 10:14,0,100,275,1,3/26/25 10:14,R_3dMExKuQM3ezMyu,,,,,anonymous,EN,1,6,2,6,2,5,2,6,5,6,6,1,,0,0,44.013,0,,2.831,2.831,8.022,1,12,2.143,2.143,8.131,1,,1.951,1.951,7.019,1,4,13.528,13.528,17.023,1,5,5.076,5.076,6.125,1,4,4.769,5.761,6.229,2,2,2.648,2.648,3.711,1,,,,,,,,,2,2,6,2,6,3,6,2,6,5,6,6,24,1,6,,45,1,5,4,,1,2,Stress,2,FL_35,Description|con_1_T1|agree_1_T1|agree_2_T1|open_2_T1|neuro_1_T1|con_2_T1|open_1_T1|neuro_2_T1|extra_2_T1|extra_1_T1,Description|neuro_2_T2|open_2_T2|open_1_T2|con_1_T2|neuro_1_T2|con_2_T2|agree_1_T2|agree_2_T2|extra_1_T2|extra_2_T2
3/26/25 10:11,3/26/25 10:15,0,100,267,1,3/26/25 10:15,R_7Ne5tKBF80Ba2TI,,,,,anonymous,EN,1,3,4,4,5,5,4,6,3,6,6,1,,,,,,,,,,,,,,,,,,,,,,,,,,,,,,,,,,,,,,,,,400,3,67,17,1,5,2,1,3,2,3,4,4,5,6,2,6,4,6,6,24,2,3,,43,1,4,4,,1,0,Nonstress,,FL_36,Description|agree_1_T1|neuro_2_T1|extra_1_T1|agree_2_T1|extra_2_T1|neuro_1_T1|open_2_T1|con_2_T1|open_1_T1|con_1_T1,Description|con_2_T2|agree_1_T2|extra_2_T2|neuro_1_T2|neuro_2_T2|con_1_T2|open_1_T2|agree_2_T2|open_2_T2|extra_1_T2
3/26/25 10:11,3/26/25 10:16,0,100,265,1,3/26/25 10:16,R_7DHdsOkcrZ7wQmo,,,,,anonymous,EN,1,3,6,3,5,6,5,5,2,7,7,1,,,,,,,,,,,,,,,,,,,,,,,,,,,,,,,,,,,,,,,,,180,3,67,17,1,5,2,1,2,3,3,6,3,5,6,5,5,2,7,7,24,2,6,,30,1,5,4,,2,0,Nonstress,,FL_36,Description|open_2_T1|agree_1_T1|extra_2_T1|neuro_1_T1|agree_2_T1|neuro_2_T1|con_2_T1|open_1_T1|con_1_T1|extra_1_T1,Description|neuro_2_T2|con_2_T2|extra_2_T2|con_1_T2|extra_1_T2|agree_1_T2|open_1_T2|neuro_1_T2|agree_2_T2|open_2_T2
3/26/25 10:12,3/26/25 10:16,0,100,249,1,3/26/25 10:16,R_15EeFWaPvmqWDPr,,,,,anonymous,EN,1,5,3,2,3,6,2,3,6,5,6,1,,,,,,,,,,,,,,,,,,,,,,,,,,,,,,,,,,,,,,,,,180,3,67,17,1,5,2,1,1,4,6,6,5,2,7,1,2,7,6,6,24,1,6,,36,1,5,3,,1,0,Nonstress,,FL_36,Description|agree_1_T1|con_2_T1|extra_1_T1|neuro_2_T1|neuro_1_T1|open_1_T1|extra_2_T1|agree_2_T1|con_1_T1|open_2_T1,Description|neuro_2_T2|extra_2_T2|con_2_T2|extra_1_T2|con_1_T2|neuro_1_T2|agree_2_T2|open_2_T2|agree_1_T2|open_1_T2
3/26/25 10:14,3/26/25 10:17,0,100,203,1,3/26/25 10:17,R_5VLloKMLuW8oQhz,,,,,anonymous,EN,1,5,3,6,2,6,2,3,5,5,6,1,4,28.729,28.729,30.4,1,,1.182,1.182,8.006,1,12,4.402,4.402,5.494,1,,0,0,7.006,0,3,1.165,13.667,14.558,3,3,1.043,5.208,6.23,2,2,0.973,4.98,5.853,2,2,3.07,3.07,4.108,1,,,,,,,,,2,2,3,6,1,6,3,5,3,3,3,3,24,1,6,,25,1,3,4,,1,3,Stress,3,FL_35,Description|neuro_2_T1|con_1_T1|extra_1_T1|open_1_T1|con_2_T1|neuro_1_T1|agree_1_T1|agree_2_T1|extra_2_T1|open_2_T1,Description|agree_2_T2|open_2_T2|extra_2_T2|con_1_T2|extra_1_T2|con_2_T2|agree_1_T2|neuro_1_T2|neuro_2_T2|open_1_T2
3/26/25 10:14,3/26/25 10:17,0,100,223,1,3/26/25 10:17,R_52rNUGeOFiefbyB,,,,,anonymous,EN,1,3,6,3,5,6,2,5,6,7,6,1,,,,,,,,,,,,,,,,,,,,,,,,,,,,,,,,,,,,,,,,,180,3,67,12,1,5,2,1,3,3,3,7,3,6,7,3,5,5,7,7,24,1,6,,30,1,3,2,,3,0,Nonstress,,FL_36,Description|open_1_T1|neuro_1_T1|open_2_T1|con_2_T1|neuro_2_T1|con_1_T1|extra_2_T1|agree_2_T1|agree_1_T1|extra_1_T1,Description|extra_2_T2|neuro_2_T2|con_1_T2|agree_2_T2|extra_1_T2|con_2_T2|open_1_T2|open_2_T2|agree_1_T2|neuro_1_T2
3/26/25 10:11,3/26/25 10:18,0,100,390,1,3/26/25 10:18,R_7LbtxXvzmaO6Tkd,,,,,anonymous,EN,1,5,5,2,5,5,5,6,5,3,6,1,5,25.657,25.657,28.579,1,,0,0,8.012,0,,0,0,11.012,0,2,4.048,4.048,6.888,1,1,7.182,8.741,12.163,2,2,5.399,6.749,7.015,2,4,4.734,6.441,7.271,3,2,3.087,4.176,5.01,2,,,,,,,,,4,2,3,5,2,6,5,3,5,3,3,5,24,2,3,,46,1,4,2,,3,1,Stress,1,FL_35,Description|extra_1_T1|neuro_2_T1|agree_1_T1|open_2_T1|neuro_1_T1|con_2_T1|agree_2_T1|con_1_T1|extra_2_T1|open_1_T1,Description|agree_1_T2|con_1_T2|neuro_2_T2|open_2_T2|con_2_T2|agree_2_T2|extra_2_T2|extra_1_T2|neuro_1_T2|open_1_T2
3/26/25 10:16,3/26/25 10:20,0,100,241,1,3/26/25 10:20,R_7j56zFEGlFyUYtr,,,,,anonymous,EN,1,5,4,5,6,6,2,6,7,3,5,1,,,,,,,,,,,,,,,,,,,,,,,,,,,,,,,,,,,,,,,,,180,3,67,17,1,5,2,1,2,3,6,2,5,2,6,3,5,5,2,6,24,1,2,,19,1,2,2,,1,0,Nonstress,,FL_36,Description|extra_2_T1|neuro_1_T1|neuro_2_T1|open_1_T1|extra_1_T1|con_1_T1|agree_1_T1|agree_2_T1|con_2_T1|open_2_T1,Description|neuro_1_T2|open_2_T2|extra_2_T2|agree_2_T2|extra_1_T2|con_2_T2|neuro_2_T2|con_1_T2|open_1_T2|agree_1_T2
3/26/25 10:18,3/26/25 10:20,0,100,146,1,3/26/25 10:20,R_72DeCcieKqTa5r8,,,,,anonymous,EN,1,7,1,5,3,6,3,6,7,7,6,1,,,,,,,,,,,,,,,,,,,,,,,,,,,,,,,,,,,,,,,,,180,3,67,17,1,5,2,1,1,4,7,1,6,3,7,2,7,7,7,7,24,1,6,,36,1,3,4,,1,0,Nonstress,,FL_36,Description|con_2_T1|neuro_2_T1|open_2_T1|extra_2_T1|agree_2_T1|con_1_T1|neuro_1_T1|open_1_T1|extra_1_T1|agree_1_T1,Description|agree_2_T2|con_2_T2|agree_1_T2|extra_2_T2|neuro_2_T2|con_1_T2|open_2_T2|open_1_T2|neuro_1_T2|extra_1_T2
3/26/25 10:15,3/26/25 10:21,0,100,361,1,3/26/25 10:21,R_3Wv4dCtjfUmO9K1,,,,,anonymous,EN,1,6,4,4,4,6,1,6,5,5,6,1,10,2.111,2.111,35.134,1,,0,0,8.114,0,,0,0,11.121,0,,0,0,5.733,0,2,4.923,4.923,13.241,1,4,6.376,6.376,7.12,1,1,4.761,4.761,7.033,1,2,2.618,2.618,4.442,1,,,,,,,,,2,2,6,4,4,4,6,1,6,4,5,5,24,1,6,,62,1,3,9,,2,0,Stress,0,FL_35,Description|agree_1_T1|open_2_T1|extra_1_T1|extra_2_T1|open_1_T1|con_1_T1|neuro_2_T1|neuro_1_T1|agree_2_T1|con_2_T1,Description|extra_2_T2|neuro_2_T2|neuro_1_T2|agree_2_T2|extra_1_T2|open_1_T2|con_1_T2|agree_1_T2|con_2_T2|open_2_T2
3/26/25 10:16,3/26/25 10:21,0,100,295,1,3/26/25 10:21,R_7RkBEWrzNXZP7Xx,,,,,anonymous,EN,1,4,3,4,4,5,4,4,5,4,7,1,,,,,,,,,,,,,,,,,,,,,,,,,,,,,,,,,,,,,,,,,180,3,67,17,1,5,2,1,2,3,4,3,4,5,6,3,5,5,5,7,24,2,6,,71,1,4,3,,4,0,Nonstress,,FL_36,Description|neuro_1_T1|agree_2_T1|con_2_T1|open_1_T1|con_1_T1|open_2_T1|extra_1_T1|agree_1_T1|neuro_2_T1|extra_2_T1,Description|con_1_T2|neuro_1_T2|neuro_2_T2|agree_2_T2|extra_2_T2|open_1_T2|agree_1_T2|extra_1_T2|open_2_T2|con_2_T2
3/26/25 10:16,3/26/25 10:22,0,100,321,1,3/26/25 10:22,R_7llVpDbnPju3UGN,,,,,anonymous,EN,1,5,6,4,2,6,1,4,4,5,3,1,15,11.402,11.402,37.156,1,,0,0,8.118,0,20,2.043,2.043,6.606,1,0,1.541,1.541,5.932,1,,0,0,17.117,0,4,6.966,6.966,7.024,1,3,6.749,6.749,8.027,1,2,3.626,3.626,5.015,1,,,,,,,,,2,2,4,4,4,4,4,4,4,4,4,4,24,2,6,,46,1,3,4,,1,0,Stress,0,FL_35,Description|neuro_2_T1|open_2_T1|agree_2_T1|extra_2_T1|neuro_1_T1|con_1_T1|agree_1_T1|open_1_T1|con_2_T1|extra_1_T1,Description|open_1_T2|agree_2_T2|neuro_1_T2|extra_2_T2|agree_1_T2|open_2_T2|con_2_T2|con_1_T2|neuro_2_T2|extra_1_T2
3/26/25 10:16,3/26/25 10:23,0,100,448,1,3/26/25 10:23,R_7IkLPSPEk2PP8tj,,,,,anonymous,EN,1,3,2,6,6,5,5,5,5,2,5,1,1,23.136,23.136,38.201,1,,0,0,8.108,0,,0,0,11.012,0,,0,0,7.01,0,,0,0,17.113,0,5,5.675,5.675,7.01,1,,0,0,8.109,0,2,3.58,3.58,5.117,1,,,,,,,,,5,1,6,2,1,7,4,3,3,2,2,5,24,1,6,,29,1,6,2,,4,0,Stress,0,FL_35,Description|agree_1_T1|con_1_T1|neuro_1_T1|agree_2_T1|neuro_2_T1|extra_2_T1|open_2_T1|con_2_T1|open_1_T1|extra_1_T1,Description|neuro_2_T2|extra_2_T2|agree_2_T2|neuro_1_T2|agree_1_T2|extra_1_T2|con_2_T2|open_1_T2|open_2_T2|con_1_T2
3/26/25 10:19,3/26/25 10:23,0,100,259,1,3/26/25 10:23,R_5OrXHIfjpBmyyBg,,,,,anonymous,EN,1,2,5,5,5,5,3,3,2,4,6,1,2,14.29,14.29,37.084,1,,5.14,5.14,7.734,1,2,8.462,8.462,9.858,1,,0,0,7.038,0,4,15.664,15.664,16.942,1,,0,0,7.012,0,3,4.205,4.205,5.564,1,2,3.026,3.026,4.545,1,,,,,,,,,1,3,4,5,5,3,5,3,3,2,4,3,24,1,6,,37,1,3,4,,1,1,Stress,1,FL_35,Description|neuro_1_T1|extra_2_T1|extra_1_T1|con_2_T1|open_1_T1|agree_2_T1|con_1_T1|agree_1_T1|neuro_2_T1|open_2_T1,Description|neuro_2_T2|con_1_T2|extra_2_T2|con_2_T2|open_1_T2|agree_2_T2|neuro_1_T2|agree_1_T2|extra_1_T2|open_2_T2
3/26/25 10:17,3/26/25 10:24,0,100,405,1,3/26/25 10:24,R_11hYiW1lsICRdrr,,,,,anonymous,EN,1,6,4,6,3,3,3,5,7,7,7,1,,0,0,44.114,0,,6.414,6.414,8.112,1,20,6.784,6.784,11.111,1,,0,0,7.118,0,3,11.645,11.645,13.306,1,5,5.199,5.199,6.76,1,,0,0,8.014,0,4,2.762,2.762,5.014,1,,,,,,,,,5,1,6,4,6,7,5,2,5,3,6,7,24,2,6,,49,1,4,4,,4,1,Stress,1,FL_35,Description|neuro_2_T1|extra_1_T1|con_1_T1|open_1_T1|open_2_T1|extra_2_T1|neuro_1_T1|agree_1_T1|con_2_T1|agree_2_T1,Description|open_2_T2|extra_2_T2|con_1_T2|extra_1_T2|neuro_1_T2|open_1_T2|con_2_T2|agree_1_T2|agree_2_T2|neuro_2_T2
3/26/25 10:19,3/26/25 10:24,0,100,286,1,3/26/25 10:24,R_6Mm1BbGuea9Zzwk,,,,,anonymous,EN,1,5,3,4,3,6,1,4,6,6,5,1,20,6.039,6.039,24.017,1,0.1,2.991,2.991,8.01,1,20,1.165,1.165,8.51,1,,0,0,7.005,0,2,4.609,4.609,5.364,1,4,5.882,5.882,6.469,1,3,7.023,7.023,7.801,1,1,3.195,3.195,4.238,1,,,,,,,,,4,2,6,3,3,4,7,2,5,6,6,6,24,2,6,,41,1,4,6,,1,0,Stress,0,FL_35,Description|open_2_T1|con_2_T1|extra_1_T1|neuro_2_T1|con_1_T1|neuro_1_T1|extra_2_T1|agree_2_T1|open_1_T1|agree_1_T1,Description|con_2_T2|neuro_1_T2|open_1_T2|neuro_2_T2|agree_1_T2|extra_2_T2|agree_2_T2|extra_1_T2|con_1_T2|open_2_T2
3/26/25 10:17,3/26/25 10:24,0,100,389,1,3/26/25 10:24,R_1OxkaONX9qQA4aj,,,,,anonymous,EN,1,6,4,5,2,6,2,6,4,6,6,1,,,,,,,,,,,,,,,,,,,,,,,,,,,,,,,,,,,,,,,,,180,3,67,17,1,1,2,4,1,5,6,4,5,2,6,2,6,4,6,6,24,2,2,,22,1,3,2,,3,0,Nonstress,,FL_36,Description|con_1_T1|extra_1_T1|neuro_2_T1|open_2_T1|agree_2_T1|extra_2_T1|con_2_T1|agree_1_T1|open_1_T1|neuro_1_T1,Description|neuro_2_T2|open_1_T2|con_2_T2|agree_2_T2|con_1_T2|agree_1_T2|extra_1_T2|neuro_1_T2|open_2_T2|extra_2_T2
3/26/25 10:18,3/26/25 10:24,0,100,346,1,3/26/25 10:24,R_7CBH4zBCrDL7a7N,,,,,anonymous,EN,1,4,4,4,3,6,3,6,5,4,5,1,,,,,,,,,,,,,,,,,,,,,,,,,,,,,,,,,,,,,,,,,180,2,67,10,1,1,2,1,3,3,4,4,4,3,5,3,6,6,4,5,24,2,6,,32,1,4,2,,4,0,Nonstress,,FL_36,Description|neuro_1_T1|neuro_2_T1|extra_2_T1|agree_2_T1|open_1_T1|con_2_T1|open_2_T1|agree_1_T1|con_1_T1|extra_1_T1,Description|open_1_T2|neuro_1_T2|extra_2_T2|open_2_T2|agree_2_T2|neuro_2_T2|con_2_T2|agree_1_T2|con_1_T2|extra_1_T2
3/26/25 10:14,3/26/25 10:24,0,100,596,1,3/26/25 10:24,R_1qUa4M59C72fHq4,,,,,anonymous,EN,1,6,4,6,2,6,2,5,7,7,7,1,,,,,,,,,,,,,,,,,,,,,,,,,,,,,,,,,,,,,,,,,180,2,67,17,1,5,2,1,2,4,5,4,7,3,6,2,5,7,7,7,24,2,2,,37,1,3,6,,2,0,Nonstress,,FL_36,Description|neuro_2_T1|con_2_T1|neuro_1_T1|open_2_T1|open_1_T1|extra_2_T1|agree_1_T1|con_1_T1|agree_2_T1|extra_1_T1,Description|neuro_2_T2|extra_2_T2|open_1_T2|extra_1_T2|con_1_T2|neuro_1_T2|agree_1_T2|con_2_T2|open_2_T2|agree_2_T2
3/26/25 10:22,3/26/25 10:24,0,100,173,1,3/26/25 10:24,R_6IY7ph3YgIfcF53,,,,,anonymous,EN,1,5,6,4,4,5,4,4,7,2,4,1,,,,,,,,,,,,,,,,,,,,,,,,,,,,,,,,,,,,,,,,,180,3,67,17,1,5,2,1,1,3,5,6,4,4,5,4,4,7,2,4,24,2,1,,30,1,3,6,,3,0,Nonstress,,FL_36,Description|agree_2_T1|open_1_T1|con_2_T1|neuro_1_T1|extra_1_T1|extra_2_T1|open_2_T1|agree_1_T1|con_1_T1|neuro_2_T1,Description|con_1_T2|agree_2_T2|extra_2_T2|open_1_T2|con_2_T2|neuro_2_T2|open_2_T2|neuro_1_T2|agree_1_T2|extra_1_T2
3/26/25 10:17,3/26/25 10:25,0,100,449,1,3/26/25 10:25,R_7yT9rUsA5nNAAI9,,,,,anonymous,EN,1,6,1,5,3,7,2,7,6,5,6,1,18,37.394,37.394,44.115,1,,0,0,8.014,0,20,3.136,7.681,10.223,3,,4.327,5.778,7.108,2,,0,0,17.113,0,,0,0,7.113,0,2,6.166,6.166,8.011,1,2,3.542,3.542,5.008,1,,,,,,,,,5,1,5,1,3,6,7,2,7,7,5,6,24,2,6,,61,1,5,4,,2,0,Stress,0,FL_35,Description|open_1_T1|neuro_2_T1|open_2_T1|agree_2_T1|con_1_T1|con_2_T1|extra_1_T1|agree_1_T1|extra_2_T1|neuro_1_T1,Description|con_2_T2|neuro_2_T2|agree_1_T2|neuro_1_T2|extra_2_T2|con_1_T2|agree_2_T2|extra_1_T2|open_1_T2|open_2_T2
3/26/25 10:17,3/26/25 10:25,0,100,445,1,3/26/25 10:25,R_7Ej3BeiLstkgouB,,,,,anonymous,EN,1,2,7,2,7,6,1,6,7,6,5,1,,,,,,,,,,,,,,,,,,,,,,,,,,,,,,,,,,,,,,,,,180,3,67,17,1,5,2,1,2,2,2,7,1,7,6,1,6,6,6,5,24,1,6,,41,1,5,4,,1,0,Nonstress,,FL_36,Description|agree_2_T1|con_1_T1|open_2_T1|neuro_2_T1|open_1_T1|agree_1_T1|extra_2_T1|con_2_T1|neuro_1_T1|extra_1_T1,Description|open_1_T2|con_2_T2|extra_2_T2|con_1_T2|neuro_2_T2|open_2_T2|neuro_1_T2|agree_2_T2|extra_1_T2|agree_1_T2
3/26/25 10:21,3/26/25 10:26,0,100,261,1,3/26/25 10:26,R_5z5AJCoSxhmRWqz,,,,,anonymous,EN,1,5,5,3,3,5,2,3,6,5,5,1,,,,,,,,,,,,,,,,,,,,,,,,,,,,,,,,,,,,,,,,,180,3,67,17,1,5,2,1,1,5,5,5,3,4,5,2,3,6,5,5,24,1,6,,24,1,4,4,,3,0,Nonstress,,FL_36,Description|agree_2_T1|neuro_1_T1|con_2_T1|open_2_T1|extra_2_T1|con_1_T1|neuro_2_T1|extra_1_T1|open_1_T1|agree_1_T1,Description|con_2_T2|open_1_T2|neuro_2_T2|con_1_T2|open_2_T2|agree_2_T2|agree_1_T2|neuro_1_T2|extra_2_T2|extra_1_T2
3/26/25 10:21,3/26/25 10:27,0,100,381,1,3/26/25 10:27,R_73pyGTTTehkxZca,,,,,anonymous,EN,1,7,7,5,2,7,1,6,6,2,6,1,3.5,14.187,14.187,39.066,1,,3.377,3.377,8.009,1,10,2.193,5.585,8.808,2,0,1.121,3.606,6.273,2,3,5.899,5.899,7.997,1,3,2.744,2.744,5.017,1,4,4.075,4.075,5.827,1,2,3.813,3.813,5.007,1,,,,,,,,,5,1,2,7,2,6,3,5,3,2,6,1,24,1,2,,33,1,4,4,,1,1,Stress,1,FL_35,Description|open_1_T1|open_2_T1|con_2_T1|agree_1_T1|con_1_T1|extra_1_T1|agree_2_T1|neuro_1_T1|extra_2_T1|neuro_2_T1,Description|agree_2_T2|extra_2_T2|agree_1_T2|con_2_T2|neuro_1_T2|open_2_T2|con_1_T2|neuro_2_T2|open_1_T2|extra_1_T2
3/26/25 10:23,3/26/25 10:27,0,100,241,1,3/26/25 10:27,R_6lFjsBSOB0XdfbZ,,,,,anonymous,EN,1,4,7,3,3,4,6,7,6,4,7,1,,,,,,,,,,,,,,,,,,,,,,,,,,,,,,,,,,,,,,,,,180,2,67,17,1,5,2,1,2,3,4,1,3,3,5,3,6,6,4,6,24,2,6,,27,1,2,4,,1,0,Nonstress,,FL_36,Description|agree_2_T1|extra_2_T1|agree_1_T1|con_2_T1|open_1_T1|open_2_T1|extra_1_T1|neuro_2_T1|con_1_T1|neuro_1_T1,Description|neuro_1_T2|neuro_2_T2|con_2_T2|con_1_T2|agree_1_T2|open_1_T2|open_2_T2|extra_2_T2|agree_2_T2|extra_1_T2
3/26/25 10:24,3/26/25 10:28,0,100,216,1,3/26/25 10:28,R_6E6yJbbvQf4EmeR,,,,,anonymous,EN,1,4,4,6,3,7,2,5,7,5,5,1,,,,,,,,,,,,,,,,,,,,,,,,,,,,,,,,,,,,,,,,,180,2,68,2,1,5,2,1,3,1,4,4,7,3,6,2,5,7,5,5,24,1,3,,36,1,5,2,,1,0,Nonstress,,FL_36,Description|neuro_2_T1|agree_2_T1|con_2_T1|agree_1_T1|extra_2_T1|open_2_T1|neuro_1_T1|extra_1_T1|open_1_T1|con_1_T1,Description|agree_1_T2|neuro_2_T2|open_1_T2|agree_2_T2|con_1_T2|open_2_T2|extra_1_T2|neuro_1_T2|extra_2_T2|con_2_T2
3/26/25 10:23,3/26/25 10:28,0,100,267,1,3/26/25 10:28,R_5TGCOuJkomXs31M,,,,,anonymous,EN,1,3,5,2,5,5,4,4,5,3,6,1,4,7.918,7.918,43.41,1,,5.775,6.994,8.006,2,12,1.211,1.211,8.24,1,-3,0.965,0.965,7.006,1,5,4.917,15.453,17.004,5,3,5.261,5.261,6.41,1,2,4.047,4.047,7.65,1,2,2.611,2.611,3.728,1,,,,,,,,,4,2,3,5,2,5,5,4,4,5,3,6,24,2,5,,30,1,3,6,,1,3,Stress,3,FL_35,Description|con_1_T1|neuro_1_T1|agree_2_T1|extra_1_T1|agree_1_T1|neuro_2_T1|extra_2_T1|open_2_T1|con_2_T1|open_1_T1,Description|open_1_T2|extra_1_T2|neuro_2_T2|con_1_T2|agree_1_T2|neuro_1_T2|extra_2_T2|agree_2_T2|open_2_T2|con_2_T2
3/26/25 10:25,3/26/25 10:28,0,100,175,1,3/26/25 10:28,R_7RxscxwzCmP3QpP,,,,,anonymous,EN,1,5,6,3,5,7,2,5,3,5,7,1,,,,,,,,,,,,,,,,,,,,,,,,,,,,,,,,,,,,,,,,,180,3,67,17,1,5,2,1,2,3,5,6,3,5,6,2,5,5,6,7,24,2,6,,51,1,2,4,,2,0,Nonstress,,FL_36,Description|extra_2_T1|neuro_1_T1|con_1_T1|agree_2_T1|con_2_T1|open_1_T1|extra_1_T1|agree_1_T1|neuro_2_T1|open_2_T1,Description|con_2_T2|con_1_T2|agree_2_T2|open_1_T2|open_2_T2|extra_2_T2|extra_1_T2|agree_1_T2|neuro_1_T2|neuro_2_T2
3/26/25 10:23,3/26/25 10:28,0,100,288,1,3/26/25 10:28,R_33WXWz5JEHr0MXb,,,,,anonymous,EN,1,2,2,2,6,6,5,5,6,5,6,1,5,2.82,2.82,40.039,1,,2.761,2.761,8.111,1,,6.757,6.757,11.112,1,,1.415,1.415,7.11,1,,0,0,17.11,0,5,4.887,4.887,6.09,1,2,6.539,6.539,8.118,1,2,2.795,2.795,3.846,1,,,,,,,,,4,2,2,3,2,7,6,5,6,5,5,5,24,2,6,,29,1,4,11,,1,0,Stress,0,FL_35,Description|neuro_1_T1|open_1_T1|agree_2_T1|open_2_T1|con_1_T1|extra_2_T1|agree_1_T1|neuro_2_T1|extra_1_T1|con_2_T1,Description|open_1_T2|extra_2_T2|agree_2_T2|extra_1_T2|neuro_1_T2|con_2_T2|open_2_T2|agree_1_T2|neuro_2_T2|con_1_T2
3/26/25 10:23,3/26/25 10:29,0,100,342,1,3/26/25 10:29,R_1lrbVAWsixKAGOq,,,,,anonymous,EN,1,5,5,6,5,6,3,5,4,6,6,1,,,,,,,,,,,,,,,,,,,,,,,,,,,,,,,,,,,,,,,,,60,3,67,17,1,5,2,1,2,4,6,5,6,5,6,3,5,4,6,6,24,2,6,,64,1,4,3,,2,0,Nonstress,,FL_36,Description|con_1_T1|open_1_T1|agree_1_T1|con_2_T1|agree_2_T1|neuro_2_T1|extra_2_T1|open_2_T1|extra_1_T1|neuro_1_T1,Description|open_1_T2|agree_1_T2|open_2_T2|con_1_T2|neuro_1_T2|con_2_T2|agree_2_T2|extra_2_T2|neuro_2_T2|extra_1_T2
3/26/25 10:20,3/26/25 10:29,0,100,539,1,3/26/25 10:29,R_73F8OfSUOwKzIDD,,,,,anonymous,EN,1,1,4,1,7,5,4,7,5,7,7,1,,,,,,,,,,,,,,,,,,,,,,,,,,,,,,,,,,,,,,,,,180,3,67,2,1,1,2,1,4,3,4,3,3,5,5,5,7,5,7,7,24,2,2,,36,1,5,5,,3,0,Nonstress,,FL_36,Description|neuro_2_T1|extra_1_T1|con_2_T1|neuro_1_T1|con_1_T1|agree_1_T1|extra_2_T1|agree_2_T1|open_2_T1|open_1_T1,Description|open_1_T2|neuro_1_T2|con_1_T2|neuro_2_T2|con_2_T2|agree_2_T2|open_2_T2|extra_1_T2|extra_2_T2|agree_1_T2
3/26/25 10:27,3/26/25 10:30,0,100,169,1,3/26/25 10:30,R_7HpXu9MkSZIE9Qj,,,,,anonymous,EN,1,6,4,6,3,7,1,7,6,4,4,1,,,,,,,,,,,,,,,,,,,,,,,,,,,,,,,,,,,,,,,,,180,3,67,17,1,5,2,1,1,5,6,4,6,2,6,1,7,6,4,4,24,2,6,,35,1,3,2,,3,0,Nonstress,,FL_36,Description|con_1_T1|agree_1_T1|neuro_1_T1|agree_2_T1|extra_2_T1|open_1_T1|extra_1_T1|neuro_2_T1|open_2_T1|con_2_T1,Description|con_2_T2|neuro_1_T2|extra_2_T2|neuro_2_T2|agree_1_T2|open_2_T2|extra_1_T2|open_1_T2|agree_2_T2|con_1_T2
3/26/25 10:25,3/26/25 10:30,0,100,302,1,3/26/25 10:30,R_7Rhb2poCpUI2JsB,,,,,anonymous,EN,1,2,7,2,6,3,5,3,2,1,3,1,,,,,,,,,,,,,,,,,,,,,,,,,,,,,,,,,,,,,,,,,180,3,67,5,1,5,2,1,3,2,1,2,1,5,3,6,3,2,2,1,24,1,1,,55,1,5,4,,2,0,Nonstress,,FL_36,Description|agree_1_T1|agree_2_T1|open_2_T1|open_1_T1|con_2_T1|extra_1_T1|con_1_T1|neuro_2_T1|neuro_1_T1|extra_2_T1,Description|neuro_2_T2|con_2_T2|neuro_1_T2|con_1_T2|agree_2_T2|open_2_T2|extra_1_T2|extra_2_T2|open_1_T2|agree_1_T2
3/26/25 10:26,3/26/25 10:30,0,100,249,1,3/26/25 10:30,R_7rEwKT2Ls09ZeG5,,,,,anonymous,EN,1,2,7,2,3,5,6,1,2,2,2,1,,,,,,,,,,,,,,,,,,,,,,,,,,,,,,,,,,,,,,,,,180,3,67,17,1,5,2,1,2,3,3,7,2,3,5,6,2,2,2,2,24,1,6,,33,1,3,4,,1,0,Nonstress,,FL_36,Description|extra_2_T1|open_2_T1|con_2_T1|open_1_T1|agree_1_T1|neuro_2_T1|neuro_1_T1|agree_2_T1|con_1_T1|extra_1_T1,Description|extra_1_T2|open_1_T2|neuro_1_T2|open_2_T2|agree_2_T2|con_2_T2|neuro_2_T2|con_1_T2|extra_2_T2|agree_1_T2
3/26/25 10:24,3/26/25 10:30,0,100,330,1,3/26/25 10:30,R_13qZUOh8eOctg60,,,,,anonymous,EN,1,3,5,3,5,5,3,6,3,7,7,1,5,35.203,35.203,38.436,1,,0,0,8.008,0,10,5.105,5.105,8.084,1,,0,0,7.006,0,3,6.984,6.984,8.319,1,,0,0,7.107,0,5,4.429,4.429,8.008,1,2,4.02,4.02,5.006,1,,,,,,,,,3,3,3,5,2,5,6,2,6,3,7,7,24,2,6,,51,1,6,3,,3,1,Stress,1,FL_35,Description|agree_2_T1|open_2_T1|con_1_T1|extra_2_T1|extra_1_T1|con_2_T1|neuro_1_T1|agree_1_T1|open_1_T1|neuro_2_T1,Description|con_1_T2|neuro_2_T2|open_2_T2|extra_2_T2|neuro_1_T2|con_2_T2|agree_2_T2|agree_1_T2|open_1_T2|extra_1_T2
3/26/25 10:27,3/26/25 10:30,0,100,195,1,3/26/25 10:30,R_30SJsuNg2q5k2JM,,,,,anonymous,EN,1,2,5,5,4,7,3,2,5,3,5,1,,,,,,,,,,,,,,,,,,,,,,,,,,,,,,,,,,,,,,,,,180,3,67,17,1,5,2,1,1,3,2,5,6,4,7,3,3,5,3,5,24,2,1,,30,1,2,4,,1,0,Nonstress,,FL_36,Description|extra_2_T1|open_1_T1|agree_1_T1|con_2_T1|neuro_2_T1|agree_2_T1|open_2_T1|neuro_1_T1|con_1_T1|extra_1_T1,Description|neuro_1_T2|agree_2_T2|open_2_T2|extra_2_T2|con_1_T2|agree_1_T2|neuro_2_T2|extra_1_T2|open_1_T2|con_2_T2
3/26/25 10:23,3/26/25 10:30,0,100,393,1,3/26/25 10:30,R_6PXXo3bFfJyF6kF,,,,,anonymous,EN,1,6,1,7,3,7,1,7,7,7,7,1,,12.242,12.242,44.107,1,9,5.046,33.734,38.993,5,4,2.603,2.603,11.009,1,0,5.284,5.284,7.003,1,1,6.694,6.694,8.275,1,3,5.245,5.245,7.109,1,2,5.632,5.632,8.108,1,,0,0,5.113,0,,,,,,,,,5,1,7,1,7,5,7,1,7,7,7,7,24,2,6,,74,1,3,6,,4,1,Stress,1,FL_35,Description|neuro_2_T1|con_1_T1|extra_1_T1|open_1_T1|con_2_T1|neuro_1_T1|agree_2_T1|extra_2_T1|open_2_T1|agree_1_T1,Description|open_1_T2|open_2_T2|agree_2_T2|con_2_T2|neuro_1_T2|extra_1_T2|con_1_T2|extra_2_T2|neuro_2_T2|agree_1_T2
3/26/25 10:25,3/26/25 10:30,0,100,285,1,3/26/25 10:30,R_3IPYTMZG2naodzP,,,,,anonymous,EN,1,2,7,5,1,6,3,5,2,1,7,1,,,,,,,,,,,,,,,,,,,,,,,,,,,,,,,,,,,,,,,,,180,3,67,17,1,5,2,1,2,3,2,7,3,2,6,3,6,2,1,7,24,1,1,,30,1,5,3,,1,0,Nonstress,,FL_36,Description|neuro_1_T1|open_1_T1|con_2_T1|extra_1_T1|con_1_T1|neuro_2_T1|agree_2_T1|extra_2_T1|open_2_T1|agree_1_T1,Description|extra_2_T2|con_1_T2|neuro_1_T2|agree_1_T2|neuro_2_T2|extra_1_T2|agree_2_T2|open_2_T2|open_1_T2|con_2_T2
3/26/25 10:19,3/26/25 10:30,0,100,634,1,3/26/25 10:30,R_5CK7ysqCYcRdQGJ,,,,,anonymous,EN,1,7,7,7,1,7,1,7,7,7,6,1,,,,,,,,,,,,,,,,,,,,,,,,,,,,,,,,,,,,,,,,,180,2,67,97,1,5,2,1,1,5,7,7,7,1,7,1,7,7,7,1,24,2,2,,23,1,3,2,,1,0,Nonstress,,FL_36,Description|agree_2_T1|open_1_T1|con_2_T1|extra_1_T1|neuro_1_T1|open_2_T1|extra_2_T1|con_1_T1|neuro_2_T1|agree_1_T1,Description|extra_2_T2|open_2_T2|agree_2_T2|extra_1_T2|neuro_2_T2|agree_1_T2|con_2_T2|con_1_T2|neuro_1_T2|open_1_T2
3/26/25 10:24,3/26/25 10:30,0,100,345,1,3/26/25 10:30,R_5rkuhpwNE074rEy,,,,,anonymous,EN,1,5,6,5,2,6,3,5,5,5,5,1,2,2.785,2.785,40.635,1,,0,0,8.015,0,20,5.851,5.851,10.369,1,,6.136,6.136,7.013,1,1,5.95,5.95,7.504,1,,0,0,7.108,0,1,7.222,7.222,8.108,1,2,2.684,2.684,3.568,1,,,,,,,,,1,3,5,6,6,3,6,3,5,5,6,6,24,2,6,,54,1,4,2,,1,0,Stress,0,FL_35,Description|con_2_T1|extra_1_T1|open_1_T1|neuro_2_T1|extra_2_T1|con_1_T1|agree_2_T1|agree_1_T1|neuro_1_T1|open_2_T1,Description|extra_2_T2|open_1_T2|con_2_T2|neuro_2_T2|open_2_T2|con_1_T2|agree_1_T2|extra_1_T2|agree_2_T2|neuro_1_T2
3/26/25 10:25,3/26/25 10:30,0,100,324,1,3/26/25 10:30,R_7KvY27jOr3HSgia,,,,,anonymous,EN,1,3,5,3,5,4,4,6,3,5,6,1,5,12.753,12.753,17.94,1,10,3.41,3.41,6.45,1,20,9.163,9.163,11.009,1,,0,0,7.007,0,2,3.576,3.576,6.597,1,5,4.323,4.323,7.108,1,4,4.163,4.163,6.868,1,2,3.113,3.113,5.012,1,,,,,,,,,3,2,5,3,3,6,4,4,6,2,5,6,24,2,6,,49,1,5,3,,2,0,Stress,0,FL_35,Description|neuro_2_T1|con_2_T1|extra_1_T1|open_2_T1|con_1_T1|agree_2_T1|open_1_T1|extra_2_T1|neuro_1_T1|agree_1_T1,Description|agree_2_T2|neuro_1_T2|extra_2_T2|open_1_T2|con_1_T2|con_2_T2|neuro_2_T2|extra_1_T2|agree_1_T2|open_2_T2
3/26/25 10:26,3/26/25 10:30,0,100,285,1,3/26/25 10:30,R_7vkOUAwM8QfnvTc,,,,,anonymous,EN,1,2,4,6,2,2,5,7,6,7,7,1,13,0.955,1.401,40.335,2,,1.115,1.115,8.108,1,12,0.956,0.956,7.194,1,,1.25,3.931,7.109,2,2,8.86,8.86,9.659,1,3,5.34,5.34,6.026,1,4,5.008,5.008,5.582,1,2,2.139,2.139,2.777,1,,,,,,,,,4,1,2,7,3,5,6,4,4,5,7,7,24,2,6,,32,1,5,4,,2,2,Stress,2,FL_35,Description|open_1_T1|agree_2_T1|extra_1_T1|neuro_2_T1|neuro_1_T1|agree_1_T1|extra_2_T1|con_1_T1|open_2_T1|con_2_T1,Description|extra_1_T2|extra_2_T2|agree_1_T2|agree_2_T2|neuro_2_T2|open_1_T2|con_1_T2|open_2_T2|neuro_1_T2|con_2_T2
3/26/25 10:25,3/26/25 10:31,0,100,306,1,3/26/25 10:31,R_3tLOEC4fyjdckDI,,,,,anonymous,EN,1,7,4,7,2,7,2,7,5,6,6,1,,,,,,,,,,,,,,,,,,,,,,,,,,,,,,,,,,,,,,,,,40,3,67,2,1,5,2,1,1,5,7,4,7,1,7,2,7,6,6,6,24,2,2,,67,1,4,4,,4,0,Nonstress,,FL_36,Description|neuro_1_T1|extra_2_T1|open_1_T1|con_2_T1|con_1_T1|agree_1_T1|agree_2_T1|neuro_2_T1|extra_1_T1|open_2_T1,Description|agree_1_T2|neuro_2_T2|con_2_T2|neuro_1_T2|agree_2_T2|open_2_T2|open_1_T2|con_1_T2|extra_2_T2|extra_1_T2
3/26/25 10:27,3/26/25 10:31,0,100,241,1,3/26/25 10:31,R_6OqppNtWCFKdzos,,,,,anonymous,EN,1,2,6,2,2,3,3,2,3,2,5,1,2,37.075,37.075,40.116,1,0.05,3.976,3.976,8.103,1,32,9.092,9.092,11.101,1,,0,0,6.819,0,3,1.944,1.944,2.835,1,3,0.558,0.558,2.625,1,2,0.718,0.718,3.903,1,1,0.517,0.517,1.503,1,,,,,,,,,3,1,1,7,1,1,1,2,1,1,2,2,24,1,6,,37,1,3,4,,1,1,Stress,1,FL_35,Description|neuro_1_T1|extra_2_T1|extra_1_T1|con_1_T1|agree_2_T1|agree_1_T1|con_2_T1|neuro_2_T1|open_1_T1|open_2_T1,Description|open_1_T2|agree_1_T2|neuro_1_T2|con_1_T2|extra_1_T2|con_2_T2|neuro_2_T2|agree_2_T2|extra_2_T2|open_2_T2
3/26/25 10:25,3/26/25 10:31,0,100,354,1,3/26/25 10:31,R_5qVzDztCml2LqeC,,,,,anonymous,EN,1,5,6,3,2,7,2,3,6,5,6,1,3,33.024,33.024,40.145,1,0.5,4.48,4.48,8.005,1,20,1.925,1.925,7.045,1,,2.04,2.04,7.007,1,1,13.147,13.147,14.112,1,5,4.589,4.589,5.345,1,2,4.412,4.412,5.551,1,2,2.198,2.198,2.985,1,,,,,,,,,3,2,4,6,3,5,6,3,4,3,5,6,24,1,6,,43,1,4,4,,3,0,Stress,0,FL_35,Description|neuro_2_T1|extra_2_T1|extra_1_T1|agree_2_T1|agree_1_T1|open_2_T1|open_1_T1|con_2_T1|con_1_T1|neuro_1_T1,Description|agree_1_T2|neuro_2_T2|agree_2_T2|neuro_1_T2|con_1_T2|open_1_T2|extra_1_T2|con_2_T2|extra_2_T2|open_2_T2
3/26/25 10:27,3/26/25 10:32,0,100,284,1,3/26/25 10:32,R_11za4seNlUazSJx,,,,,anonymous,EN,1,4,5,6,3,6,2,5,5,3,3,1,,,,,,,,,,,,,,,,,,,,,,,,,,,,,,,,,,,,,,,,,180,3,67,17,1,5,2,1,3,3,4,5,6,3,6,3,5,5,4,4,24,2,1,,31,1,2,11,,1,0,Nonstress,,FL_36,Description|extra_2_T1|open_2_T1|open_1_T1|agree_1_T1|con_1_T1|con_2_T1|neuro_2_T1|extra_1_T1|neuro_1_T1|agree_2_T1,Description|con_1_T2|extra_2_T2|con_2_T2|neuro_2_T2|open_2_T2|neuro_1_T2|agree_2_T2|extra_1_T2|agree_1_T2|open_1_T2
3/26/25 10:27,3/26/25 10:32,0,100,319,1,3/26/25 10:32,R_7ozJakujGoj5aqv,,,,,anonymous,EN,1,2,6,7,6,7,1,2,1,7,7,1,8,1.501,1.501,44.109,1,,0,0,8.007,0,,1.91,1.91,11.106,1,,0,0,7.005,0,1,3.888,6.317,17.009,3,4,5.74,5.74,7.01,1,1,7.122,7.122,8.006,1,4,3.489,3.489,5.004,1,,,,,,,,,5,1,5,7,2,6,7,1,2,1,7,7,24,1,1,,23,1,6,2,,3,1,Stress,1,FL_35,Description|con_2_T1|open_1_T1|agree_2_T1|extra_1_T1|con_1_T1|neuro_2_T1|neuro_1_T1|agree_1_T1|extra_2_T1|open_2_T1,Description|agree_1_T2|neuro_2_T2|open_1_T2|con_1_T2|extra_2_T2|extra_1_T2|con_2_T2|neuro_1_T2|agree_2_T2|open_2_T2
3/26/25 10:28,3/26/25 10:32,0,100,267,1,3/26/25 10:32,R_7QqJCW9DtqyvwCR,,,,,anonymous,EN,1,6,7,7,2,7,1,7,7,6,7,1,,,,,,,,,,,,,,,,,,,,,,,,,,,,,,,,,,,,,,,,,180,3,67,2,1,5,2,1,1,5,6,7,7,1,7,2,7,7,6,7,24,2,6,,49,1,4,4,,1,0,Nonstress,,FL_36,Description|extra_1_T1|open_2_T1|open_1_T1|neuro_2_T1|agree_2_T1|extra_2_T1|neuro_1_T1|con_1_T1|con_2_T1|agree_1_T1,Description|neuro_1_T2|agree_1_T2|con_1_T2|neuro_2_T2|con_2_T2|open_1_T2|extra_1_T2|agree_2_T2|open_2_T2|extra_2_T2
3/26/25 10:28,3/26/25 10:32,0,100,272,1,3/26/25 10:32,R_5V0QCyo9nFK4pdD,,,,,anonymous,EN,1,4,6,6,2,6,2,6,5,7,5,1,,,,,,,,,,,,,,,,,,,,,,,,,,,,,,,,,,,,,,,,,180,3,67,17,1,5,2,1,1,3,4,6,6,2,6,2,6,5,7,5,24,1,6,,51,1,4,4,,1,0,Nonstress,,FL_36,Description|agree_2_T1|con_1_T1|open_1_T1|neuro_1_T1|neuro_2_T1|extra_2_T1|extra_1_T1|open_2_T1|agree_1_T1|con_2_T1,Description|extra_2_T2|neuro_1_T2|open_2_T2|extra_1_T2|open_1_T2|agree_1_T2|con_1_T2|con_2_T2|agree_2_T2|neuro_2_T2
3/26/25 10:29,3/26/25 10:32,0,100,194,1,3/26/25 10:32,R_1WswtNbRN8k7Qkx,,,,,anonymous,EN,1,2,6,2,2,3,6,5,2,7,7,1,,,,,,,,,,,,,,,,,,,,,,,,,,,,,,,,,,,,,,,,,180,3,67,17,1,5,2,1,1,3,2,6,2,2,3,6,5,2,7,7,24,1,6,,37,1,3,4,,1,0,Nonstress,,FL_36,Description|agree_1_T1|con_1_T1|open_2_T1|open_1_T1|extra_2_T1|neuro_2_T1|agree_2_T1|extra_1_T1|con_2_T1|neuro_1_T1,Description|neuro_1_T2|extra_1_T2|agree_2_T2|con_2_T2|extra_2_T2|open_2_T2|neuro_2_T2|con_1_T2|open_1_T2|agree_1_T2
3/26/25 10:26,3/26/25 10:33,0,100,386,1,3/26/25 10:33,R_1qwy9PE18wLKfSO,,,,,anonymous,EN,1,4,6,5,3,6,3,6,2,6,5,1,0.25,33.827,33.827,44.096,1,,0,0,8.017,0,20,7.615,7.615,10.979,1,,0,0,6.945,0,1,12.513,12.513,13.661,1,5,5.776,5.776,7.104,1,3,5.32,5.32,6.595,1,2,3.441,3.441,4.524,1,,,,,,,,,1,3,4,6,5,3,6,3,6,2,6,6,24,1,6,,40,1,5,2,,2,0,Stress,0,FL_35,Description|open_2_T1|agree_1_T1|agree_2_T1|extra_1_T1|extra_2_T1|con_1_T1|neuro_2_T1|con_2_T1|open_1_T1|neuro_1_T1,Description|agree_2_T2|con_1_T2|open_1_T2|con_2_T2|extra_1_T2|neuro_2_T2|open_2_T2|agree_1_T2|neuro_1_T2|extra_2_T2
3/26/25 10:28,3/26/25 10:33,0,100,294,1,3/26/25 10:33,R_6HctCN9j9RCl5Fj,,,,,anonymous,EN,1,3,7,3,6,6,3,6,4,7,5,1,,,,,,,,,,,,,,,,,,,,,,,,,,,,,,,,,,,,,,,,,180,3,67,5,1,5,2,1,2,3,3,7,3,6,6,3,6,4,7,6,24,2,6,,22,1,3,4,,1,0,Nonstress,,FL_36,Description|agree_1_T1|neuro_2_T1|extra_2_T1|extra_1_T1|open_1_T1|neuro_1_T1|agree_2_T1|open_2_T1|con_1_T1|con_2_T1,Description|extra_1_T2|agree_1_T2|con_1_T2|open_2_T2|con_2_T2|neuro_1_T2|agree_2_T2|extra_2_T2|open_1_T2|neuro_2_T2
3/26/25 10:27,3/26/25 10:33,0,100,359,1,3/26/25 10:33,R_7S8j7Pv8Ynw49QN,,,,,anonymous,EN,1,5,3,2,6,5,2,4,6,6,6,1,,,,,,,,,,,,,,,,,,,,,,,,,,,,,,,,,,,,,,,,,240,3,67,2,1,1,2,1,5,3,6,2,2,6,6,1,5,6,6,5,24,2,6,,22,1,6,2,,2,0,Nonstress,,FL_36,Description|agree_1_T1|con_1_T1|extra_2_T1|agree_2_T1|open_1_T1|extra_1_T1|con_2_T1|neuro_2_T1|neuro_1_T1|open_2_T1,Description|open_2_T2|extra_1_T2|neuro_2_T2|con_1_T2|open_1_T2|agree_1_T2|agree_2_T2|con_2_T2|extra_2_T2|neuro_1_T2
3/26/25 10:24,3/26/25 10:33,0,100,546,1,3/26/25 10:33,R_7n8jtFotywYMBB2,,,,,anonymous,EN,1,6,5,6,3,6,1,6,7,3,6,1,,,,,,,,,,,,,,,,,,,,,,,,,,,,,,,,,,,,,,,,,180,10,67,17,2,5,2,1,1,5,7,3,6,2,6,1,7,7,4,7,24,2,6,,37,1,3,6,,1,0,Nonstress,,FL_36,Description|agree_2_T1|extra_1_T1|extra_2_T1|open_1_T1|neuro_1_T1|con_2_T1|con_1_T1|neuro_2_T1|open_2_T1|agree_1_T1,Description|open_2_T2|neuro_1_T2|agree_1_T2|open_1_T2|agree_2_T2|con_2_T2|con_1_T2|neuro_2_T2|extra_2_T2|extra_1_T2
3/26/25 10:27,3/26/25 10:33,0,100,373,1,3/26/25 10:33,R_3QlLpaNYNHmLSZk,,,,,anonymous,EN,1,2,6,2,6,3,4,4,7,2,5,1,2.5,0.701,14.781,44.006,3,,0.963,0.963,8.106,1,,0.691,0.691,11.106,1,,0.814,4.6,7.003,2,4,4.798,5.24,17.006,2,4,6.541,6.541,7.003,1,,0,0,8.108,0,4,3.129,3.129,5.107,1,,,,,,,,,2,2,2,7,2,6,4,2,4,7,2,5,24,1,6,,26,1,6,4,,1,2,Stress,2,FL_35,Description|agree_2_T1|extra_1_T1|neuro_1_T1|open_1_T1|open_2_T1|con_2_T1|con_1_T1|neuro_2_T1|agree_1_T1|extra_2_T1,Description|extra_1_T2|con_2_T2|agree_1_T2|neuro_2_T2|agree_2_T2|open_1_T2|con_1_T2|open_2_T2|neuro_1_T2|extra_2_T2
3/26/25 10:28,3/26/25 10:34,0,100,333,1,3/26/25 10:34,R_5N2mXtLSPeAH4b1,,,,,anonymous,EN,1,5,5,5,3,5,2,4,5,6,6,1,5,9.22,31.353,37.607,2,,5.536,5.536,8.012,1,20,4.928,7.144,7.746,2,,0,0,7.01,0,1,10.067,11.318,13.723,2,5,4.323,4.323,5.395,1,2,4.343,4.343,8.013,1,2,2.384,2.384,3.538,1,,,,,,,,,4,1,3,6,3,6,3,4,4,3,5,5,24,2,6,,48,1,5,3,,3,0,Stress,0,FL_35,Description|neuro_1_T1|extra_1_T1|con_2_T1|agree_1_T1|con_1_T1|extra_2_T1|open_1_T1|neuro_2_T1|agree_2_T1|open_2_T1,Description|extra_2_T2|open_1_T2|open_2_T2|con_2_T2|neuro_1_T2|con_1_T2|extra_1_T2|agree_1_T2|agree_2_T2|neuro_2_T2
3/26/25 10:29,3/26/25 10:34,0,100,310,1,3/26/25 10:34,R_13hwJJJEeCrci0V,,,,,anonymous,EN,1,6,4,5,3,4,1,6,4,7,7,1,4,31.311,31.311,35.333,1,,0,0,8.007,0,16,4.56,4.56,8.251,1,,0,0,3.572,0,3,11.602,11.602,12.957,1,3,6.197,6.197,7.113,1,5,4.2,4.2,5.16,1,2,3.184,4.426,5.113,3,,,,,,,,,2,2,5,4,5,4,4,1,6,4,7,7,24,1,6,,62,1,5,4,,2,3,Stress,3,FL_35,Description|agree_1_T1|extra_2_T1|con_1_T1|extra_1_T1|open_2_T1|con_2_T1|agree_2_T1|open_1_T1|neuro_2_T1|neuro_1_T1,Description|extra_1_T2|neuro_2_T2|agree_1_T2|open_2_T2|con_1_T2|open_1_T2|neuro_1_T2|agree_2_T2|con_2_T2|extra_2_T2
3/26/25 10:29,3/26/25 10:34,0,100,287,1,3/26/25 10:34,R_1bK9OTqt1cUhxyL,,,,,anonymous,EN,1,2,5,2,6,3,5,5,1,3,5,1,,,,,,,,,,,,,,,,,,,,,,,,,,,,,,,,,,,,,,,,,180,3,67,17,1,5,2,1,3,2,3,5,1,5,3,5,5,1,3,5,24,2,6,,32,1,3,3,,3,0,Nonstress,,FL_36,Description|neuro_1_T1|neuro_2_T1|extra_1_T1|agree_1_T1|open_1_T1|extra_2_T1|agree_2_T1|con_2_T1|con_1_T1|open_2_T1,Description|open_2_T2|extra_2_T2|neuro_2_T2|open_1_T2|con_1_T2|con_2_T2|agree_1_T2|neuro_1_T2|extra_1_T2|agree_2_T2
3/26/25 10:29,3/26/25 10:34,0,100,298,1,3/26/25 10:34,R_1kFmBk20ZT1bjuI,,,,,anonymous,EN,1,4,4,7,2,7,4,5,5,3,7,1,3,2.52,22.488,44.008,2,,1.117,3.491,7.864,3,12,2.136,2.136,10.4,1,,0,0,7.111,0,3,11.345,11.345,12.983,1,,1.086,1.086,7.013,1,5,1.483,7.49,8.006,3,2,2.942,2.942,4.173,1,,,,,,,,,2,2,4,5,7,4,7,3,5,4,3,7,24,2,6,,29,1,2,11,,1,2,Stress,2,FL_35,Description|open_2_T1|open_1_T1|neuro_1_T1|agree_1_T1|extra_2_T1|extra_1_T1|con_1_T1|agree_2_T1|neuro_2_T1|con_2_T1,Description|extra_1_T2|con_1_T2|neuro_1_T2|neuro_2_T2|open_1_T2|con_2_T2|agree_1_T2|extra_2_T2|agree_2_T2|open_2_T2
3/26/25 10:30,3/26/25 10:34,0,100,268,1,3/26/25 10:34,R_7bJI8O2xnnM5kCV,,,,,anonymous,EN,1,1,7,1,3,5,7,4,3,6,3,1,,,,,,,,,,,,,,,,,,,,,,,,,,,,,,,,,,,,,,,,,200,3,67,97,1,1,2,1,1,3,1,7,1,3,4,7,4,3,6,4,24,1,6,,35,1,6,2,,3,0,Nonstress,,FL_36,Description|agree_1_T1|neuro_2_T1|con_1_T1|open_2_T1|con_2_T1|extra_2_T1|open_1_T1|agree_2_T1|neuro_1_T1|extra_1_T1,Description|open_1_T2|extra_2_T2|open_2_T2|agree_2_T2|agree_1_T2|con_2_T2|neuro_1_T2|con_1_T2|extra_1_T2|neuro_2_T2
3/26/25 10:28,3/26/25 10:35,0,100,396,1,3/26/25 10:35,R_17XnRRHNPwxTQWt,,,,,anonymous,EN,1,3,7,3,3,1,2,7,3,3,7,1,,,,,,,,,,,,,,,,,,,,,,,,,,,,,,,,,,,,,,,,,20,3,67,17,1,5,2,1,3,5,5,7,6,3,7,3,7,3,5,6,24,1,1,,52,1,3,3,,1,0,Nonstress,,FL_36,Description|extra_2_T1|agree_1_T1|con_1_T1|neuro_1_T1|con_2_T1|agree_2_T1|open_2_T1|neuro_2_T1|open_1_T1|extra_1_T1,Description|neuro_1_T2|open_2_T2|agree_1_T2|extra_2_T2|open_1_T2|con_1_T2|con_2_T2|extra_1_T2|neuro_2_T2|agree_2_T2
3/26/25 10:30,3/26/25 10:35,0,100,257,1,3/26/25 10:35,R_1X70RbzDiwgvXrk,,,,,anonymous,EN,1,5,4,3,3,6,3,6,7,5,6,1,3,5.71,5.71,37.409,1,,0.951,0.951,8.109,1,14,6.159,6.159,10.874,1,,0,0,7.108,0,4,6.856,6.856,9.223,1,2,5.568,5.568,6.178,1,3,3.991,3.991,4.781,1,2,1.883,1.883,3.633,1,,,,,,,,,2,2,5,4,3,5,5,2,7,7,5,6,24,2,6,,34,1,4,4,,1,1,Stress,1,FL_35,Description|extra_1_T1|neuro_1_T1|extra_2_T1|con_2_T1|neuro_2_T1|con_1_T1|open_1_T1|agree_1_T1|agree_2_T1|open_2_T1,Description|extra_2_T2|agree_2_T2|neuro_2_T2|agree_1_T2|open_2_T2|con_1_T2|con_2_T2|open_1_T2|extra_1_T2|neuro_1_T2
3/26/25 10:29,3/26/25 10:35,0,100,322,1,3/26/25 10:35,R_7yryiIImWhRVPmn,,,,,anonymous,EN,1,2,2,5,3,3,3,3,4,6,6,1,9,9.438,9.438,44.011,1,5,2.485,2.485,7.386,1,,0,0,11.005,0,,6.156,6.156,7.012,1,3,7.7,7.7,17.006,1,4,6.027,6.027,7.005,1,3,5.505,5.505,8.005,1,2,2.806,2.806,5.006,1,,,,,,,,,2,2,3,2,5,3,3,3,3,4,6,6,24,2,6,,38,1,5,2,,2,1,Stress,1,FL_35,Description|con_2_T1|agree_1_T1|con_1_T1|extra_1_T1|open_1_T1|open_2_T1|agree_2_T1|neuro_1_T1|extra_2_T1|neuro_2_T1,Description|agree_2_T2|extra_2_T2|con_1_T2|extra_1_T2|con_2_T2|agree_1_T2|open_1_T2|neuro_2_T2|neuro_1_T2|open_2_T2
3/26/25 10:30,3/26/25 10:35,0,100,300,1,3/26/25 10:35,R_7mj0N56E45V7J4J,,,,,anonymous,EN,1,4,4,4,4,6,2,7,7,5,6,1,,,,,,,,,,,,,,,,,,,,,,,,,,,,,,,,,,,,,,,,,180,3,67,17,1,5,2,1,2,3,4,4,4,4,6,3,7,7,7,6,24,1,7,,23,1,2,4,,2,0,Nonstress,,FL_36,Description|open_2_T1|agree_1_T1|extra_1_T1|neuro_2_T1|con_1_T1|neuro_1_T1|open_1_T1|con_2_T1|agree_2_T1|extra_2_T1,Description|con_1_T2|neuro_1_T2|agree_1_T2|agree_2_T2|neuro_2_T2|open_1_T2|con_2_T2|extra_1_T2|extra_2_T2|open_2_T2
3/26/25 10:30,3/26/25 10:35,0,100,298,1,3/26/25 10:35,R_6kFvtQabkiPIGVb,,,,,anonymous,EN,1,4,6,1,6,3,3,2,2,7,7,1,,,,,,,,,,,,,,,,,,,,,,,,,,,,,,,,,,,,,,,,,85,3,67,17,1,5,2,1,4,1,3,6,2,6,3,4,2,1,6,6,24,2,6,,40,1,4,4,,1,0,Nonstress,,FL_36,Description|con_2_T1|neuro_1_T1|agree_1_T1|open_1_T1|extra_1_T1|agree_2_T1|neuro_2_T1|open_2_T1|extra_2_T1|con_1_T1,Description|extra_1_T2|agree_1_T2|extra_2_T2|agree_2_T2|con_1_T2|con_2_T2|neuro_1_T2|neuro_2_T2|open_1_T2|open_2_T2
3/26/25 10:23,3/26/25 10:35,0,100,722,1,3/26/25 10:35,R_7eyr3RX3DKwuo25,,,,,anonymous,EN,1,6,1,5,3,5,4,6,5,6,6,1,3.75,3.344,15.398,18.362,2,,3.45,3.45,8.006,1,20,2.076,5.804,10.931,3,0,4.514,4.514,6.293,1,3,5.394,5.394,7.239,1,2,5.642,5.642,7.005,1,2,6.09,6.09,7.512,1,2,4.093,4.093,5.104,1,,,,,,,,,4,2,7,1,5,5,5,2,5,6,7,6,24,2,2,,21,1,3,4,,1,0,Stress,0,FL_35,Description|extra_1_T1|agree_1_T1|con_2_T1|neuro_1_T1|con_1_T1|agree_2_T1|extra_2_T1|open_2_T1|open_1_T1|neuro_2_T1,Description|neuro_2_T2|con_2_T2|extra_2_T2|con_1_T2|extra_1_T2|agree_1_T2|agree_2_T2|open_2_T2|open_1_T2|neuro_1_T2
3/26/25 10:28,3/26/25 10:36,0,100,444,1,3/26/25 10:36,R_6aOUZTTgXvM3SUF,,,,,anonymous,EN,1,5,4,5,3,6,4,4,6,6,6,1,,2.443,2.443,44.013,1,5,1.078,2.707,8.016,2,20,0.799,3,8.587,3,0,0.949,0.949,4.075,1,1,7.549,7.549,9.401,1,5,6.75,6.75,7.014,1,2,3.482,3.482,5.048,1,2,3.197,3.197,5.013,1,,,,,,,,,1,3,5,4,5,2,6,4,5,6,6,6,24,1,6,,35,1,3,4,,1,1,Stress,1,FL_35,Description|con_1_T1|open_2_T1|neuro_2_T1|agree_1_T1|agree_2_T1|open_1_T1|extra_2_T1|extra_1_T1|neuro_1_T1|con_2_T1,Description|agree_1_T2|neuro_1_T2|con_1_T2|open_1_T2|extra_1_T2|open_2_T2|con_2_T2|extra_2_T2|agree_2_T2|neuro_2_T2
3/26/25 10:30,3/26/25 10:36,0,100,369,1,3/26/25 10:36,R_72D2y0CHytDqZe1,,,,,anonymous,EN,1,3,5,3,2,5,5,4,4,6,6,1,5,12.346,12.346,27.432,1,5,1.557,1.557,8.107,1,12,1.726,1.726,7.419,1,,1.162,1.162,7.014,1,4,8.419,8.419,9.728,1,3,3.656,3.656,4.972,1,5,3.895,3.895,5.029,1,2,2.451,2.451,5.019,1,,,,,,,,,1,3,3,5,3,2,5,5,4,4,5,6,24,2,6,,28,1,3,6,,2,5,Stress,5,FL_35,Description|neuro_1_T1|agree_2_T1|extra_2_T1|open_2_T1|extra_1_T1|neuro_2_T1|con_2_T1|agree_1_T1|con_1_T1|open_1_T1,Description|neuro_1_T2|open_1_T2|agree_1_T2|agree_2_T2|extra_1_T2|open_2_T2|con_2_T2|neuro_2_T2|extra_2_T2|con_1_T2
3/26/25 10:29,3/26/25 10:36,0,100,431,1,3/26/25 10:36,R_3goxXXc9yY17Hfm,,,,,anonymous,EN,1,6,5,7,1,1,7,1,1,7,7,1,,,,,,,,,,,,,,,,,,,,,,,,,,,,,,,,,,,,,,,,,100,2,67,17,1,5,2,1,1,5,7,1,7,1,7,1,7,7,7,7,24,2,2,,56,1,3,4,,1,0,Nonstress,,FL_36,Description|extra_1_T1|con_2_T1|open_1_T1|agree_2_T1|agree_1_T1|con_1_T1|extra_2_T1|neuro_2_T1|open_2_T1|neuro_1_T1,Description|agree_2_T2|extra_1_T2|neuro_1_T2|neuro_2_T2|extra_2_T2|open_1_T2|agree_1_T2|con_1_T2|con_2_T2|open_2_T2
3/26/25 10:31,3/26/25 10:36,0,100,304,1,3/26/25 10:36,R_1vQA80hqf2jyRO1,,,,,anonymous,EN,1,5,7,7,2,7,2,4,6,7,7,1,4,1.544,1.544,36.324,1,10,0.969,0.969,8.106,1,20,1.249,1.249,6.434,1,0,1.043,1.453,7.007,2,,0,0,17.106,0,2,4.698,4.698,5.822,1,2,4.858,5.689,5.893,2,4,1.649,2.69,3.36,2,,,,,,,,,5,1,5,7,7,2,7,1,4,6,7,7,24,3,6,,33,1,3,3,,4,2,Stress,2,FL_35,Description|agree_1_T1|con_2_T1|open_2_T1|agree_2_T1|open_1_T1|neuro_2_T1|con_1_T1|neuro_1_T1|extra_1_T1|extra_2_T1,Description|neuro_1_T2|open_1_T2|extra_1_T2|extra_2_T2|con_1_T2|open_2_T2|neuro_2_T2|agree_2_T2|agree_1_T2|con_2_T2
3/26/25 10:30,3/26/25 10:36,0,100,367,1,3/26/25 10:36,R_1Oq5OoqXQgTTIbO,,,,,anonymous,EN,1,6,5,4,5,6,3,7,4,7,7,1,4,1.426,26.947,44.003,3,10,1.327,1.327,8.01,1,2,1.302,4.615,11.109,2,,1.222,1.222,7.003,1,2,7.828,8.357,17.01,2,3,4.531,5.323,7.113,2,2,1.158,4.223,5.945,3,2,2.737,2.737,5.116,1,,,,,,,,,1,2,5,5,6,2,7,2,7,4,7,5,24,1,5,,34,1,5,4,,2,2,Stress,2,FL_35,Description|neuro_2_T1|con_1_T1|extra_2_T1|open_1_T1|agree_2_T1|open_2_T1|agree_1_T1|extra_1_T1|con_2_T1|neuro_1_T1,Description|open_2_T2|neuro_1_T2|con_2_T2|extra_1_T2|extra_2_T2|agree_2_T2|neuro_2_T2|open_1_T2|con_1_T2|agree_1_T2
3/26/25 10:31,3/26/25 10:37,0,100,322,1,3/26/25 10:37,R_7JVcWgMN0Nsp9Kj,,,,,anonymous,EN,1,6,4,3,3,5,1,7,7,7,7,1,24,12.621,12.621,26.613,1,,0,0,8.112,0,12,4.481,4.481,9.571,1,,1.072,5.826,7.01,2,,0,0,17.006,0,5,3.243,3.243,4.229,1,3,3.761,3.761,4.677,1,4,1.53,2.207,2.963,2,,,,,,,,,2,2,6,4,3,2,6,1,7,6,7,6,24,2,1,,21,2,6,4,,2,2,Stress,2,FL_35,Description|agree_2_T1|con_1_T1|open_2_T1|agree_1_T1|open_1_T1|extra_2_T1|neuro_2_T1|con_2_T1|neuro_1_T1|extra_1_T1,Description|agree_1_T2|con_2_T2|open_1_T2|agree_2_T2|neuro_2_T2|open_2_T2|neuro_1_T2|con_1_T2|extra_2_T2|extra_1_T2
3/26/25 10:33,3/26/25 10:37,0,100,206,1,3/26/25 10:37,R_1lDhMYHXUKOqPE5,,,,,anonymous,EN,1,3,4,2,6,3,2,5,2,3,6,1,,,,,,,,,,,,,,,,,,,,,,,,,,,,,,,,,,,,,,,,,180,3,67,17,1,5,2,1,3,3,3,5,2,6,3,3,5,2,2,6,24,2,6,,36,1,3,3,,1,0,Nonstress,,FL_36,Description|con_2_T1|extra_1_T1|open_1_T1|agree_1_T1|extra_2_T1|agree_2_T1|open_2_T1|neuro_1_T1|con_1_T1|neuro_2_T1,Description|open_1_T2|extra_2_T2|agree_1_T2|agree_2_T2|neuro_2_T2|con_2_T2|neuro_1_T2|extra_1_T2|open_2_T2|con_1_T2
3/26/25 10:34,3/26/25 10:37,0,100,195,1,3/26/25 10:37,R_5JOrSq4xno6BBDj,,,,,anonymous,EN,1,1,7,1,6,2,7,2,1,2,7,1,,,,,,,,,,,,,,,,,,,,,,,,,,,,,,,,,,,,,,,,,180,3,67,17,1,5,2,1,3,2,1,7,1,7,2,7,2,1,1,7,24,1,6,,23,1,4,2,,3,0,Nonstress,,FL_36,Description|neuro_1_T1|con_2_T1|open_1_T1|extra_2_T1|con_1_T1|neuro_2_T1|open_2_T1|agree_2_T1|agree_1_T1|extra_1_T1,Description|agree_2_T2|agree_1_T2|extra_1_T2|con_1_T2|neuro_1_T2|neuro_2_T2|open_1_T2|extra_2_T2|con_2_T2|open_2_T2
3/26/25 10:34,3/26/25 10:37,0,100,199,1,3/26/25 10:37,R_7fvgFFYbb35Q4xC,,,,,anonymous,EN,1,4,4,4,3,6,3,4,5,5,6,1,,,,,,,,,,,,,,,,,,,,,,,,,,,,,,,,,,,,,,,,,180,3,67,17,1,5,2,1,1,5,4,4,4,3,5,3,4,5,5,6,24,2,6,,41,1,3,6,,1,0,Nonstress,,FL_36,Description|open_2_T1|con_2_T1|extra_1_T1|con_1_T1|extra_2_T1|neuro_1_T1|agree_2_T1|neuro_2_T1|open_1_T1|agree_1_T1,Description|neuro_2_T2|open_2_T2|con_1_T2|open_1_T2|con_2_T2|agree_1_T2|extra_1_T2|neuro_1_T2|extra_2_T2|agree_2_T2
3/26/25 10:32,3/26/25 10:37,0,100,316,1,3/26/25 10:37,R_3fQ7TqWEThOx0ZB,,,,,anonymous,EN,1,3,5,5,1,5,6,2,3,7,7,1,,,,,,,,,,,,,,,,,,,,,,,,,,,,,,,,,,,,,,,,,180,3,67,17,1,5,2,1,1,4,3,7,5,2,5,5,1,2,6,6,24,1,6,,32,1,4,3,,1,0,Nonstress,,FL_36,Description|agree_1_T1|neuro_1_T1|con_2_T1|extra_1_T1|agree_2_T1|con_1_T1|open_2_T1|open_1_T1|extra_2_T1|neuro_2_T1,Description|extra_2_T2|extra_1_T2|open_2_T2|neuro_2_T2|agree_1_T2|con_2_T2|neuro_1_T2|agree_2_T2|open_1_T2|con_1_T2
3/26/25 10:27,3/26/25 10:37,0,100,569,1,3/26/25 10:37,R_5IlHe2eY8iJKop3,,,,,anonymous,EN,1,5,4,5,1,6,3,6,5,6,4,1,10,16.529,16.529,32.853,1,,7.387,7.387,8.105,1,30,1.49,1.49,6.519,1,,0,0,7.003,0,3,4.052,4.052,5.781,1,,0,0,7.028,0,4,4.19,4.846,7.101,2,4,3.548,3.548,5.104,1,,,,,,,,,1,4,5,4,6,1,6,3,6,5,6,6,24,2,2,,48,1,4,3,,1,1,Stress,1,FL_35,Description|neuro_2_T1|open_2_T1|agree_2_T1|open_1_T1|agree_1_T1|neuro_1_T1|extra_1_T1|con_1_T1|extra_2_T1|con_2_T1,Description|extra_2_T2|open_1_T2|neuro_1_T2|open_2_T2|neuro_2_T2|con_1_T2|agree_2_T2|agree_1_T2|extra_1_T2|con_2_T2
3/26/25 10:32,3/26/25 10:37,0,100,291,1,3/26/25 10:37,R_7CV7ZOM1Y0LdsBz,,,,,anonymous,EN,1,4,4,6,2,6,3,4,4,5,7,1,,,,,,,,,,,,,,,,,,,,,,,,,,,,,,,,,,,,,,,,,1620,3,67,17,1,5,2,1,1,4,4,4,5,2,6,3,4,4,5,7,24,2,7,,68,1,5,3,,3,0,Nonstress,,FL_36,Description|extra_1_T1|neuro_2_T1|con_2_T1|open_1_T1|neuro_1_T1|extra_2_T1|con_1_T1|agree_2_T1|agree_1_T1|open_2_T1,Description|agree_1_T2|agree_2_T2|neuro_2_T2|neuro_1_T2|open_2_T2|open_1_T2|extra_2_T2|con_2_T2|extra_1_T2|con_1_T2
3/26/25 10:33,3/26/25 10:37,0,100,273,1,3/26/25 10:37,R_7ktvwtIIDG8zpaR,,,,,anonymous,EN,1,6,2,6,2,6,2,7,6,6,6,1,1,2.03,2.03,13.194,1,10,4.606,4.606,8.104,1,,0,0,11.005,0,15,2.302,2.302,4.704,1,3,2.179,2.179,3.727,1,,0,0,7.003,0,3,3.397,3.397,4.928,1,2,3.48,3.48,5.112,1,,,,,,,,,5,1,4,2,3,7,5,2,7,2,6,6,24,2,6,,68,1,3,9,,1,0,Stress,0,FL_35,Description|neuro_1_T1|open_1_T1|extra_2_T1|con_2_T1|open_2_T1|extra_1_T1|agree_1_T1|neuro_2_T1|con_1_T1|agree_2_T1,Description|open_1_T2|extra_2_T2|agree_2_T2|extra_1_T2|neuro_2_T2|con_2_T2|open_2_T2|agree_1_T2|con_1_T2|neuro_1_T2
3/26/25 10:32,3/26/25 10:37,0,100,325,1,3/26/25 10:37,R_6lWdw0TIUN2x0RD,,,,,anonymous,EN,1,4,3,4,4,5,4,5,5,5,5,1,1,14.898,14.898,42.095,1,,1.984,1.984,8.119,1,14,6.359,6.359,8.461,1,,1.491,1.491,7.114,1,2,15.853,15.853,17.115,1,3,6.464,6.464,7.018,1,4,6.414,6.414,8.01,1,2,3.078,3.078,4.311,1,,,,,,,,,5,1,4,3,3,7,5,4,5,3,4,5,24,2,6,,34,1,4,4,,1,1,Stress,1,FL_35,Description|agree_2_T1|open_2_T1|neuro_1_T1|open_1_T1|con_2_T1|con_1_T1|extra_1_T1|extra_2_T1|neuro_2_T1|agree_1_T1,Description|neuro_1_T2|agree_2_T2|neuro_2_T2|con_1_T2|extra_2_T2|agree_1_T2|extra_1_T2|open_1_T2|open_2_T2|con_2_T2
3/26/25 10:31,3/26/25 10:37,0,100,408,1,3/26/25 10:37,R_6oglPCoW7UBRpAd,,,,,anonymous,EN,1,5,3,5,4,6,2,4,4,4,4,1,5,9.599,31.866,36.719,6,5,2.253,2.253,4.934,1,20,4.02,4.02,5.366,1,0,3.158,3.158,4.292,1,3,2.756,2.756,3.655,1,3,3.282,6.833,7.007,3,4,3.857,3.857,4.558,1,2,1.745,1.745,2.682,1,,,,,,,,,1,5,4,3,6,4,5,2,4,4,4,4,24,2,6,,39,1,2,5,,2,2,Stress,2,FL_35,Description|neuro_2_T1|extra_2_T1|extra_1_T1|neuro_1_T1|open_1_T1|con_2_T1|con_1_T1|open_2_T1|agree_2_T1|agree_1_T1,Description|agree_2_T2|con_1_T2|extra_1_T2|open_1_T2|con_2_T2|neuro_1_T2|agree_1_T2|neuro_2_T2|open_2_T2|extra_2_T2
3/26/25 10:33,3/26/25 10:38,0,100,265,1,3/26/25 10:38,R_6cL3fdUvY11DOmZ,,,,,anonymous,EN,1,5,1,6,4,6,3,7,5,7,7,1,,,,,,,,,,,,,,,,,,,,,,,,,,,,,,,,,,,,,,,,,200,3,73,17,1,5,2,1,2,2,5,1,5,4,6,3,7,6,7,7,24,2,6,,28,1,3,6,,1,0,Nonstress,,FL_36,Description|con_1_T1|neuro_2_T1|open_2_T1|extra_1_T1|agree_1_T1|con_2_T1|extra_2_T1|open_1_T1|neuro_1_T1|agree_2_T1,Description|open_2_T2|open_1_T2|con_1_T2|extra_2_T2|con_2_T2|agree_1_T2|agree_2_T2|neuro_1_T2|extra_1_T2|neuro_2_T2
3/26/25 10:32,3/26/25 10:38,0,100,319,1,3/26/25 10:38,R_1eS5dDc1i1Y7LaY,,,,,anonymous,EN,1,5,4,5,3,5,3,5,5,5,5,1,,,,,,,,,,,,,,,,,,,,,,,,,,,,,,,,,,,,,,,,,180,3,67,97,1,5,2,1,2,4,5,4,5,3,5,3,5,5,5,5,24,2,6,,52,1,2,4,,1,0,Nonstress,,FL_36,Description|agree_2_T1|extra_2_T1|extra_1_T1|open_1_T1|con_1_T1|con_2_T1|neuro_2_T1|open_2_T1|neuro_1_T1|agree_1_T1,Description|con_2_T2|neuro_1_T2|open_1_T2|open_2_T2|agree_2_T2|extra_2_T2|neuro_2_T2|agree_1_T2|con_1_T2|extra_1_T2
3/26/25 10:34,3/26/25 10:38,0,100,258,1,3/26/25 10:38,R_514unSTjf2Ep3D2,,,,,anonymous,EN,1,6,5,7,1,7,2,6,7,4,6,1,155,33,33,37.704,1,5,5.597,5.597,7.388,1,20,2.579,2.579,7.18,1,,6.339,6.339,7.012,1,4,4.904,4.904,5.968,1,2,4.555,4.555,6.316,1,2,3.8,3.8,4.879,1,2,3.21,3.21,4.914,1,,,,,,,,,2,2,6,5,6,3,7,2,6,6,4,6,24,2,6,,59,1,3,4,,1,2,Stress,2,FL_35,Description|neuro_2_T1|open_2_T1|con_2_T1|agree_2_T1|agree_1_T1|con_1_T1|open_1_T1|extra_1_T1|neuro_1_T1|extra_2_T1,Description|extra_2_T2|extra_1_T2|con_2_T2|agree_1_T2|open_2_T2|con_1_T2|neuro_1_T2|agree_2_T2|open_1_T2|neuro_2_T2
3/26/25 10:33,3/26/25 10:38,0,100,278,1,3/26/25 10:38,R_6qso6y9qHmWv9Dr,,,,,anonymous,EN,1,4,6,3,5,5,1,5,5,7,7,1,,,,,,,,,,,,,,,,,,,,,,,,,,,,,,,,,,,,,,,,,180,3,68,2,1,5,2,1,1,4,5,6,3,3,6,1,5,6,7,7,24,2,6,,62,1,6,3,,1,0,Nonstress,,FL_36,Description|agree_1_T1|open_2_T1|neuro_2_T1|agree_2_T1|extra_1_T1|open_1_T1|con_1_T1|extra_2_T1|neuro_1_T1|con_2_T1,Description|open_2_T2|neuro_2_T2|neuro_1_T2|open_1_T2|con_1_T2|con_2_T2|agree_2_T2|extra_1_T2|extra_2_T2|agree_1_T2
3/26/25 10:33,3/26/25 10:38,0,100,287,1,3/26/25 10:38,R_6U3sgepzNHFxeyR,,,,,anonymous,EN,1,5,1,7,3,6,1,6,2,4,6,1,,,,,,,,,,,,,,,,,,,,,,,,,,,,,,,,,,,,,,,,,20,3,67,17,1,5,2,1,3,3,5,1,5,3,6,1,6,2,4,6,24,2,2,,53,1,3,6,,1,0,Nonstress,,FL_36,Description|extra_1_T1|agree_1_T1|open_1_T1|open_2_T1|neuro_1_T1|extra_2_T1|neuro_2_T1|agree_2_T1|con_1_T1|con_2_T1,Description|extra_2_T2|open_1_T2|open_2_T2|extra_1_T2|agree_2_T2|con_2_T2|con_1_T2|agree_1_T2|neuro_1_T2|neuro_2_T2
3/26/25 10:32,3/26/25 10:38,0,100,396,1,3/26/25 10:38,R_5Nhirf0AuMQeD6N,,,,,anonymous,EN,1,5,1,6,5,7,2,4,3,2,5,1,15,1.786,1.786,44.106,1,,0,0,8.109,0,12,6.811,6.811,9.232,1,,0,0,7.107,0,2,15.25,15.25,17.007,1,5,5.243,6.927,7.005,2,2,4.058,4.058,8.107,1,2,3.67,3.67,5.007,1,,,,,,,,,3,2,5,1,3,5,7,2,4,3,5,6,24,2,6,,26,1,4,4,,2,1,Stress,1,FL_35,Description|neuro_1_T1|extra_1_T1|open_1_T1|open_2_T1|con_2_T1|neuro_2_T1|agree_2_T1|con_1_T1|agree_1_T1|extra_2_T1,Description|agree_2_T2|con_1_T2|agree_1_T2|open_2_T2|neuro_1_T2|neuro_2_T2|con_2_T2|open_1_T2|extra_1_T2|extra_2_T2
3/26/25 10:33,3/26/25 10:38,0,100,301,1,3/26/25 10:38,R_1cZjyFV5yTYND61,,,,,anonymous,EN,1,6,4,6,2,6,1,7,6,7,6,1,3,1.893,1.893,32.817,1,0.05,1.314,1.314,8.005,1,20,1.696,1.696,6.883,1,0,4.804,4.804,6.744,1,3,8.386,8.386,9.601,1,4,5.166,6.283,7.006,2,4,5.307,5.307,8.005,1,,0,0,5.005,0,,,,,,,,,3,3,6,4,6,3,5,1,6,6,7,6,24,2,6,,40,1,3,6,,1,0,Stress,0,FL_35,Description|open_1_T1|con_2_T1|extra_1_T1|extra_2_T1|con_1_T1|neuro_2_T1|agree_2_T1|neuro_1_T1|open_2_T1|agree_1_T1,Description|con_1_T2|agree_1_T2|open_2_T2|con_2_T2|extra_1_T2|neuro_1_T2|open_1_T2|neuro_2_T2|extra_2_T2|agree_2_T2
3/26/25 10:34,3/26/25 10:38,0,100,272,1,3/26/25 10:38,R_5xQWBzHzlPhQFxv,,,,,anonymous,EN,1,2,4,2,4,5,4,3,2,6,5,1,,,,,,,,,,,,,,,,,,,,,,,,,,,,,,,,,,,,,,,,,18,3,67,17,1,5,2,1,1,5,3,4,3,4,5,4,3,3,6,5,24,2,6,,35,1,6,2,,1,0,Nonstress,,FL_36,Description|open_1_T1|con_1_T1|con_2_T1|neuro_1_T1|extra_2_T1|neuro_2_T1|agree_2_T1|open_2_T1|agree_1_T1|extra_1_T1,Description|agree_1_T2|con_1_T2|open_2_T2|open_1_T2|extra_2_T2|con_2_T2|neuro_1_T2|agree_2_T2|neuro_2_T2|extra_1_T2
3/26/25 10:32,3/26/25 10:38,0,100,388,1,3/26/25 10:38,R_7Rt5BjilkmyI1m5,,,,,anonymous,EN,1,5,6,3,4,6,4,5,3,7,6,1,,0,0,44.112,0,5,3.16,16.926,17.355,3,10,4.484,4.484,7.32,1,,6.323,6.323,7.008,1,2,6.073,6.073,17.01,1,,0,0,7.109,0,3,6.457,6.457,8.104,1,2,3.454,3.454,5.006,1,,,,,,,,,5,1,5,5,3,4,6,3,5,7,6,5,24,2,6,,62,1,2,6,,3,1,Stress,1,FL_35,Description|open_2_T1|extra_1_T1|neuro_1_T1|extra_2_T1|agree_2_T1|con_2_T1|con_1_T1|agree_1_T1|open_1_T1|neuro_2_T1,Description|open_2_T2|extra_1_T2|con_2_T2|agree_1_T2|neuro_2_T2|neuro_1_T2|open_1_T2|extra_2_T2|con_1_T2|agree_2_T2
3/26/25 10:35,3/26/25 10:39,0,100,227,1,3/26/25 10:39,R_700LGAxn9T5MlY5,,,,,anonymous,EN,1,3,5,3,2,5,5,5,3,7,6,1,,,,,,,,,,,,,,,,,,,,,,,,,,,,,,,,,,,,,,,,,200,3,67,2,1,5,2,1,2,2,3,5,3,5,5,5,6,3,7,6,24,2,6,,37,1,5,3,,1,0,Nonstress,,FL_36,Description|con_2_T1|neuro_2_T1|extra_1_T1|agree_2_T1|agree_1_T1|con_1_T1|open_2_T1|neuro_1_T1|extra_2_T1|open_1_T1,Description|open_2_T2|extra_1_T2|agree_1_T2|neuro_2_T2|con_1_T2|agree_2_T2|open_1_T2|neuro_1_T2|con_2_T2|extra_2_T2
3/26/25 10:35,3/26/25 10:39,0,100,199,1,3/26/25 10:39,R_5Ja7hwfrfQREZJ9,,,,,anonymous,EN,1,2,7,4,4,5,3,4,2,6,5,1,,,,,,,,,,,,,,,,,,,,,,,,,,,,,,,,,,,,,,,,,180,3,67,,1,5,2,1,2,3,2,7,4,4,5,5,4,3,6,4,24,2,7,,49,1,5,4,,2,0,Nonstress,,FL_36,Description|neuro_2_T1|agree_1_T1|extra_2_T1|con_2_T1|neuro_1_T1|con_1_T1|open_2_T1|agree_2_T1|extra_1_T1|open_1_T1,Description|agree_2_T2|open_1_T2|extra_2_T2|con_2_T2|neuro_1_T2|open_2_T2|con_1_T2|extra_1_T2|agree_1_T2|neuro_2_T2
3/26/25 10:33,3/26/25 10:39,0,100,340,1,3/26/25 10:39,R_3c5VPnplBXzGGct,,,,,anonymous,EN,1,3,4,2,6,5,3,5,3,4,6,1,1,31.245,31.245,39.266,1,,0,0,8.01,0,20,4.077,4.077,5.801,1,,0,0,7.007,0,5,9.828,9.828,10.8,1,4,4.141,4.141,4.935,1,5,4.377,4.377,5.413,1,4,4.066,4.383,5.008,2,,,,,,,,,4,2,3,5,2,6,5,3,5,3,3,6,24,2,6,,48,1,3,3,,2,2,Stress,2,FL_35,Description|extra_1_T1|con_1_T1|open_1_T1|con_2_T1|agree_2_T1|agree_1_T1|open_2_T1|extra_2_T1|neuro_1_T1|neuro_2_T1,Description|extra_1_T2|agree_1_T2|extra_2_T2|open_1_T2|open_2_T2|agree_2_T2|neuro_2_T2|con_2_T2|con_1_T2|neuro_1_T2
3/26/25 10:33,3/26/25 10:39,0,100,373,1,3/26/25 10:39,R_3wvMTfrkXl1Zdvg,,,,,anonymous,EN,1,1,5,3,6,4,4,4,3,5,6,1,,33.291,37.232,44.005,2,,0,0,8.012,0,,0,0,11.01,0,,0,0,7.011,0,,0,0,17.012,0,,0,0,7.014,0,,0,0,8.11,0,,0,0,5.112,0,,,,,,,,,3,2,1,4,3,5,4,4,4,3,5,6,24,2,6,,27,1,5,2,,1,0,Stress,0,FL_35,Description|extra_2_T1|agree_2_T1|con_2_T1|open_2_T1|extra_1_T1|neuro_1_T1|open_1_T1|neuro_2_T1|con_1_T1|agree_1_T1,Description|open_2_T2|con_1_T2|open_1_T2|con_2_T2|extra_1_T2|agree_1_T2|extra_2_T2|neuro_2_T2|neuro_1_T2|agree_2_T2
3/26/25 10:35,3/26/25 10:39,0,100,245,1,3/26/25 10:39,R_7DnEgHpLQHqpYxM,,,,,anonymous,EN,1,4,5,5,2,6,2,4,4,6,6,1,15,1.496,2.594,38.301,2,,1.24,7.919,8.005,2,,1.218,1.218,11.105,1,0,1.044,1.044,4.747,1,3,6.449,7.202,7.871,2,5,4.498,5.746,6.353,3,5,5.212,5.212,5.697,1,4,2.932,3.783,4.788,2,,,,,,,,,3,2,4,4,6,2,6,2,4,4,6,6,24,1,6,,40,1,2,4,,1,2,Stress,2,FL_35,Description|con_1_T1|agree_2_T1|extra_2_T1|extra_1_T1|open_1_T1|neuro_2_T1|neuro_1_T1|agree_1_T1|open_2_T1|con_2_T1,Description|extra_1_T2|open_1_T2|neuro_1_T2|extra_2_T2|agree_2_T2|con_1_T2|open_2_T2|neuro_2_T2|con_2_T2|agree_1_T2
3/26/25 10:37,3/26/25 10:39,0,100,144,1,3/26/25 10:39,R_3XPW2jjCHyXGqpX,,,,,anonymous,EN,1,2,6,2,5,6,3,2,2,7,7,1,,,,,,,,,,,,,,,,,,,,,,,,,,,,,,,,,,,,,,,,,180,3,67,17,1,5,2,1,2,3,2,6,2,5,6,3,2,2,7,7,24,1,6,,38,1,3,4,,1,0,Nonstress,,FL_36,Description|extra_2_T1|neuro_1_T1|open_1_T1|agree_1_T1|con_1_T1|open_2_T1|extra_1_T1|agree_2_T1|neuro_2_T1|con_2_T1,Description|extra_2_T2|con_1_T2|extra_1_T2|agree_1_T2|neuro_2_T2|open_2_T2|agree_2_T2|open_1_T2|con_2_T2|neuro_1_T2
3/26/25 10:33,3/26/25 10:39,0,100,354,1,3/26/25 10:39,R_7KAv3sOmCW7Rhdv,,,,,anonymous,EN,1,2,4,2,6,7,1,6,1,7,7,1,2,9.26,9.26,36.355,1,,4.4,4.4,8.11,1,,1.263,1.263,11.005,1,0,1.191,1.191,7.112,1,1,9.166,9.166,10.82,1,,0,0,7.01,0,2,4.902,4.902,6.909,1,2,3.633,3.633,5.01,1,,,,,,,,,5,1,2,4,2,6,7,1,6,1,7,7,24,2,7,,59,1,6,4,,4,0,Stress,0,FL_35,Description|extra_1_T1|con_1_T1|open_1_T1|extra_2_T1|open_2_T1|agree_2_T1|neuro_2_T1|neuro_1_T1|con_2_T1|agree_1_T1,Description|open_2_T2|con_2_T2|extra_1_T2|agree_2_T2|open_1_T2|neuro_1_T2|con_1_T2|agree_1_T2|extra_2_T2|neuro_2_T2
3/26/25 10:36,3/26/25 10:39,0,100,231,1,3/26/25 10:39,R_7BWWyjRxbnd4BHO,,,,,anonymous,EN,1,5,6,3,3,5,4,5,4,3,2,1,3,1.234,1.234,39.008,1,,1.198,1.198,8.014,1,12,1.009,4.827,7.188,3,6,0.935,6.25,7.112,2,1,14.163,14.163,15.731,1,3,5.242,5.242,5.812,1,2,4.152,4.152,4.742,1,2,3.159,3.159,3.749,1,,,,,,,,,2,3,3,6,3,5,4,4,5,4,3,2,24,1,6,,32,1,3,4,,1,2,Stress,2,FL_35,Description|neuro_2_T1|agree_2_T1|open_1_T1|open_2_T1|con_2_T1|con_1_T1|extra_1_T1|neuro_1_T1|agree_1_T1|extra_2_T1,Description|extra_1_T2|con_1_T2|open_2_T2|neuro_1_T2|agree_2_T2|open_1_T2|agree_1_T2|neuro_2_T2|extra_2_T2|con_2_T2
3/26/25 10:35,3/26/25 10:39,0,100,274,1,3/26/25 10:39,R_1D1O7jjvSKqE7rr,,,,,anonymous,EN,1,6,3,6,5,5,5,2,7,7,6,1,7.5,9.046,9.046,41.67,1,,1.688,1.688,8.005,1,12,1.131,1.131,6.768,1,,1.473,1.473,6.533,1,4,9.102,9.102,9.73,1,4,4.584,4.584,5.339,1,2,3.792,3.792,4.938,1,2,2.506,2.506,3.228,1,,,,,,,,,3,2,6,3,6,5,5,5,2,7,7,7,24,1,6,,30,1,3,4,,1,2,Stress,2,FL_35,Description|extra_2_T1|neuro_1_T1|open_1_T1|con_1_T1|open_2_T1|agree_1_T1|neuro_2_T1|con_2_T1|extra_1_T1|agree_2_T1,Description|agree_2_T2|neuro_2_T2|open_1_T2|open_2_T2|extra_2_T2|agree_1_T2|con_1_T2|extra_1_T2|neuro_1_T2|con_2_T2
3/26/25 10:33,3/26/25 10:39,0,100,417,1,3/26/25 10:39,R_3rNuG3NYWT8Z2pr,,,,,anonymous,EN,1,6,6,7,1,7,1,6,5,5,6,1,,,,,,,,,,,,,,,,,,,,,,,,,,,,,,,,,,,,,,,,,180,3,67,60,1,5,2,1,1,5,5,7,7,1,7,1,5,6,5,5,24,1,2,,49,1,3,3,,2,0,Nonstress,,FL_36,Description|neuro_1_T1|agree_1_T1|agree_2_T1|con_2_T1|open_1_T1|open_2_T1|extra_2_T1|neuro_2_T1|extra_1_T1|con_1_T1,Description|open_2_T2|neuro_2_T2|extra_1_T2|con_2_T2|extra_2_T2|agree_1_T2|agree_2_T2|open_1_T2|con_1_T2|neuro_1_T2
3/26/25 10:33,3/26/25 10:40,0,100,402,1,3/26/25 10:40,R_6EcoGgPqorYJuRY,,,,,anonymous,EN,1,5,3,6,3,3,2,3,5,5,6,1,4,24.284,24.284,26.681,1,5,2.798,2.798,8.115,1,12,3.616,3.616,8.614,1,,0,0,7.004,0,2,13.08,13.08,14.101,1,,0,0,7.008,0,2,5.63,5.63,6.592,1,4,3.789,3.789,4.699,1,,,,,,,,,2,2,5,5,3,6,3,3,5,3,5,5,24,2,6,,44,1,2,4,,1,4,Stress,4,FL_35,Description|neuro_1_T1|agree_2_T1|con_1_T1|open_2_T1|con_2_T1|neuro_2_T1|open_1_T1|extra_2_T1|extra_1_T1|agree_1_T1,Description|open_1_T2|extra_1_T2|con_2_T2|neuro_2_T2|open_2_T2|agree_2_T2|neuro_1_T2|agree_1_T2|con_1_T2|extra_2_T2
3/26/25 10:34,3/26/25 10:40,0,100,371,1,3/26/25 10:40,R_54qR4bMqBWBulnH,,,,,anonymous,EN,1,7,5,4,5,7,1,7,6,5,7,1,5,29.261,29.261,44.012,1,,0,0,8.107,0,20,1.926,1.926,7.959,1,,0,0,7.007,0,,0,0,17.008,0,5,5.432,5.432,6.671,1,,0,0,8.006,0,2,3.481,3.481,5.007,1,,,,,,,,,4,2,7,5,4,4,7,1,7,6,5,5,24,2,6,,61,1,3,6,,2,0,Stress,0,FL_35,Description|agree_2_T1|con_2_T1|extra_1_T1|extra_2_T1|open_2_T1|neuro_2_T1|neuro_1_T1|open_1_T1|agree_1_T1|con_1_T1,Description|extra_2_T2|con_2_T2|agree_1_T2|neuro_1_T2|con_1_T2|open_1_T2|neuro_2_T2|open_2_T2|extra_1_T2|agree_2_T2
3/26/25 10:37,3/26/25 10:40,0,100,197,1,3/26/25 10:40,R_3HskObmJ6a8Gi1r,,,,,anonymous,EN,1,5,6,3,6,3,3,2,4,3,5,1,10,1.801,1.801,31.9,1,,0.974,7.607,8.018,2,12,1.181,1.181,11.011,1,,1.154,1.154,7.01,1,4,2.048,5.799,6.266,4,1,5.166,5.166,5.74,1,5,4.186,4.97,5.272,2,2,2.791,2.791,3.488,1,,,,,,,,,5,1,5,5,3,5,3,3,3,5,4,6,24,3,7,,24,1,4,4,,2,3,Stress,3,FL_35,Description|con_2_T1|open_2_T1|neuro_1_T1|open_1_T1|con_1_T1|agree_2_T1|neuro_2_T1|agree_1_T1|extra_1_T1|extra_2_T1,Description|extra_1_T2|open_1_T2|con_2_T2|neuro_2_T2|neuro_1_T2|open_2_T2|agree_2_T2|con_1_T2|extra_2_T2|agree_1_T2
3/26/25 10:32,3/26/25 10:40,0,100,464,1,3/26/25 10:40,R_384D6yOCzK6xeJr,,,,,anonymous,EN,1,6,5,7,2,7,2,7,7,5,6,1,,,,,,,,,,,,,,,,,,,,,,,,,,,,,,,,,,,,,,,,,8,2,67,17,1,1,2,1,1,4,7,6,6,2,5,2,5,5,7,5,24,1,2,,31,1,3,9,,1,0,Nonstress,,FL_36,Description|open_2_T1|agree_1_T1|con_2_T1|extra_1_T1|neuro_1_T1|open_1_T1|neuro_2_T1|con_1_T1|agree_2_T1|extra_2_T1,Description|open_1_T2|extra_2_T2|agree_1_T2|neuro_2_T2|con_2_T2|con_1_T2|agree_2_T2|neuro_1_T2|extra_1_T2|open_2_T2
3/26/25 10:35,3/26/25 10:40,0,100,310,1,3/26/25 10:40,R_1qsMlTttfuzaOv1,,,,,anonymous,EN,1,4,3,4,5,5,4,6,4,6,6,1,,,,,,,,,,,,,,,,,,,,,,,,,,,,,,,,,,,,,,,,,180,3,67,17,1,5,2,1,1,4,5,3,5,2,5,3,5,5,6,5,24,1,6,,68,1,4,3,,4,0,Nonstress,,FL_36,Description|con_2_T1|neuro_2_T1|open_2_T1|con_1_T1|extra_1_T1|agree_1_T1|extra_2_T1|neuro_1_T1|open_1_T1|agree_2_T1,Description|neuro_2_T2|open_2_T2|agree_1_T2|extra_1_T2|con_2_T2|agree_2_T2|open_1_T2|extra_2_T2|neuro_1_T2|con_1_T2
3/26/25 10:36,3/26/25 10:40,0,100,249,1,3/26/25 10:40,R_7rdZAjKqd7kfX8a,,,,,anonymous,EN,1,6,5,6,2,6,7,7,7,6,6,1,3,1.785,22.686,30.417,2,0.1,2.626,13.011,15.715,2,20,3.995,3.995,7.64,1,1,5.084,5.084,6.667,1,3,2.612,2.612,3.74,1,5,6.774,6.774,7.014,1,5,3.013,3.013,4.01,1,4,3.478,3.478,4.202,1,,,,,,,,,3,4,7,5,6,2,6,2,7,6,6,6,24,1,3,,22,2,3,4,,1,2,Stress,2,FL_35,Description|agree_1_T1|neuro_1_T1|con_2_T1|open_1_T1|extra_2_T1|open_2_T1|extra_1_T1|neuro_2_T1|agree_2_T1|con_1_T1,Description|neuro_2_T2|con_2_T2|neuro_1_T2|open_1_T2|extra_2_T2|agree_2_T2|agree_1_T2|con_1_T2|extra_1_T2|open_2_T2
3/26/25 10:33,3/26/25 10:40,0,100,454,1,3/26/25 10:40,R_3R2RKWDtOUgq1Xj,,,,,anonymous,EN,1,5,3,5,2,5,2,6,6,5,5,1,,,,,,,,,,,,,,,,,,,,,,,,,,,,,,,,,,,,,,,,,180,3,67,5,1,5,2,1,1,4,6,4,6,2,6,2,6,6,5,5,24,1,6,,45,1,4,2,,1,0,Nonstress,,FL_36,Description|extra_1_T1|open_1_T1|neuro_1_T1|agree_2_T1|agree_1_T1|con_2_T1|neuro_2_T1|open_2_T1|con_1_T1|extra_2_T1,Description|extra_1_T2|neuro_1_T2|neuro_2_T2|open_1_T2|con_1_T2|agree_1_T2|extra_2_T2|agree_2_T2|open_2_T2|con_2_T2
3/26/25 10:37,3/26/25 10:40,0,100,230,1,3/26/25 10:40,R_1fxy14b0PVJqEjI,,,,,anonymous,EN,1,3,3,2,5,3,3,6,3,6,6,1,,,,,,,,,,,,,,,,,,,,,,,,,,,,,,,,,,,,,,,,,180,3,67,17,1,5,2,1,2,3,5,4,3,5,5,3,5,4,5,5,24,2,6,,25,1,4,4,,1,0,Nonstress,,FL_36,Description|neuro_1_T1|con_1_T1|agree_1_T1|open_2_T1|extra_2_T1|open_1_T1|agree_2_T1|neuro_2_T1|con_2_T1|extra_1_T1,Description|extra_1_T2|con_1_T2|agree_2_T2|open_1_T2|neuro_2_T2|neuro_1_T2|agree_1_T2|open_2_T2|con_2_T2|extra_2_T2
3/26/25 10:35,3/26/25 10:40,0,100,296,1,3/26/25 10:40,R_74BK3HUU0phqtNF,,,,,anonymous,EN,1,3,2,5,4,4,3,3,2,6,5,1,,,,,,,,,,,,,,,,,,,,,,,,,,,,,,,,,,,,,,,,,180,3,67,7,1,5,2,1,3,2,3,2,3,5,4,4,3,3,6,5,24,1,6,,33,1,5,3,,2,0,Nonstress,,FL_36,Description|agree_1_T1|agree_2_T1|extra_1_T1|open_1_T1|extra_2_T1|con_1_T1|open_2_T1|neuro_2_T1|neuro_1_T1|con_2_T1,Description|agree_1_T2|extra_1_T2|open_2_T2|agree_2_T2|con_1_T2|extra_2_T2|open_1_T2|con_2_T2|neuro_1_T2|neuro_2_T2
3/26/25 10:37,3/26/25 10:40,0,100,187,1,3/26/25 10:40,R_7fVMwalMzPNWCE5,,,,,anonymous,EN,1,3,6,6,3,6,7,5,3,7,6,1,,,,,,,,,,,,,,,,,,,,,,,,,,,,,,,,,,,,,,,,,180,3,67,17,1,5,2,1,1,4,3,6,6,2,6,7,5,3,7,7,24,1,1,,37,1,4,3,,4,0,Nonstress,,FL_36,Description|agree_2_T1|open_2_T1|neuro_1_T1|con_2_T1|open_1_T1|extra_1_T1|con_1_T1|agree_1_T1|extra_2_T1|neuro_2_T1,Description|neuro_1_T2|extra_1_T2|neuro_2_T2|agree_2_T2|open_1_T2|con_2_T2|con_1_T2|agree_1_T2|extra_2_T2|open_2_T2
3/26/25 10:33,3/26/25 10:41,0,100,468,1,3/26/25 10:41,R_3R29zaj2AAI1kGV,,,,,anonymous,EN,1,6,5,6,3,6,1,6,6,6,5,1,,,,,,,,,,,,,,,,,,,,,,,,,,,,,,,,,,,,,,,,,80,3,67,2,1,5,2,1,1,3,6,6,3,5,6,2,6,6,3,6,24,2,6,,60,1,2,2,,3,0,Nonstress,,FL_36,Description|agree_1_T1|neuro_1_T1|agree_2_T1|extra_2_T1|neuro_2_T1|open_2_T1|con_1_T1|con_2_T1|extra_1_T1|open_1_T1,Description|open_1_T2|neuro_2_T2|extra_1_T2|con_1_T2|extra_2_T2|neuro_1_T2|open_2_T2|con_2_T2|agree_1_T2|agree_2_T2
3/26/25 10:34,3/26/25 10:41,0,100,412,1,3/26/25 10:41,R_6EzoQDyhA3qtZE6,,,,,anonymous,EN,1,2,5,1,5,6,4,5,2,3,5,1,,27.453,27.453,44.012,1,,8.033,8.033,8.106,1,3,8.797,8.797,11.007,1,,0,0,7.108,0,2,6.256,6.256,8.732,1,4,5.557,5.557,6.606,1,5,6.418,6.418,8.111,1,2,3.766,3.766,5.105,1,,,,,,,,,5,1,5,5,1,6,6,4,5,2,3,5,24,2,6,,54,1,6,3,,2,1,Stress,1,FL_35,Description|agree_1_T1|extra_1_T1|con_2_T1|open_2_T1|neuro_2_T1|neuro_1_T1|agree_2_T1|con_1_T1|open_1_T1|extra_2_T1,Description|agree_1_T2|open_2_T2|con_2_T2|con_1_T2|extra_1_T2|open_1_T2|neuro_1_T2|extra_2_T2|agree_2_T2|neuro_2_T2
3/26/25 10:37,3/26/25 10:41,0,100,234,1,3/26/25 10:41,R_3s6Of38f5hxsKnS,,,,,anonymous,EN,1,4,4,3,5,4,4,3,3,2,4,1,5,2.415,13.005,36.9,3,0.05,0.85,0.85,8.117,1,12,1.725,1.725,8.215,1,,4.047,4.047,6.896,1,2,5.732,5.732,6.863,1,5,3.712,5.891,6.076,3,3,2.297,2.297,4.77,1,1,3.176,3.221,4.251,2,,,,,,,,,2,3,4,4,4,4,4,4,4,3,3,4,24,1,1,,29,1,4,5,,1,1,Stress,1,FL_35,Description|con_2_T1|neuro_1_T1|neuro_2_T1|extra_2_T1|agree_2_T1|extra_1_T1|open_1_T1|open_2_T1|agree_1_T1|con_1_T1,Description|extra_2_T2|extra_1_T2|con_1_T2|open_2_T2|open_1_T2|agree_2_T2|agree_1_T2|neuro_1_T2|con_2_T2|neuro_2_T2
3/26/25 10:36,3/26/25 10:41,0,100,282,1,3/26/25 10:41,R_1oZQ9OVr7AWZdYZ,,,,,anonymous,EN,1,5,4,5,4,5,2,5,5,4,5,1,,,,,,,,,,,,,,,,,,,,,,,,,,,,,,,,,,,,,,,,,180,3,67,17,1,5,2,1,1,5,5,4,5,4,5,3,5,5,5,5,24,2,6,,41,1,4,4,,2,0,Nonstress,,FL_36,Description|neuro_2_T1|open_1_T1|extra_2_T1|extra_1_T1|open_2_T1|agree_1_T1|agree_2_T1|con_2_T1|neuro_1_T1|con_1_T1,Description|con_1_T2|agree_1_T2|extra_2_T2|neuro_1_T2|open_2_T2|extra_1_T2|con_2_T2|agree_2_T2|open_1_T2|neuro_2_T2
3/26/25 10:36,3/26/25 10:41,0,100,293,1,3/26/25 10:41,R_7ruAJuEB3ZpAflL,,,,,anonymous,EN,1,7,2,7,1,7,1,7,7,7,7,2,,,,,,,,,,,,,,,,,,,,,,,,,,,,,,,,,,,,,,,,,180,3,67,17,1,1,2,1,1,5,7,1,7,1,7,1,7,7,7,7,24,1,2,,26,1,3,5,,1,0,Nonstress,,FL_36,Description|agree_2_T1|agree_1_T1|open_1_T1|con_2_T1|neuro_1_T1|extra_2_T1|neuro_2_T1|open_2_T1|con_1_T1|extra_1_T1,Description|neuro_2_T2|con_2_T2|agree_1_T2|open_1_T2|open_2_T2|agree_2_T2|extra_1_T2|neuro_1_T2|con_1_T2|extra_2_T2
3/26/25 10:36,3/26/25 10:41,0,100,320,1,3/26/25 10:41,R_7lzPIscEAcSvs2x,,,,,anonymous,EN,1,4,7,2,5,5,2,3,3,3,2,1,,,,,,,,,,,,,,,,,,,,,,,,,,,,,,,,,,,,,,,,,96,3,67,17,1,5,2,1,2,3,4,7,5,5,5,2,3,2,3,3,24,2,1,,32,1,3,11,,2,0,Nonstress,,FL_36,Description|neuro_2_T1|con_1_T1|open_1_T1|open_2_T1|agree_1_T1|neuro_1_T1|extra_2_T1|agree_2_T1|con_2_T1|extra_1_T1,Description|neuro_1_T2|con_1_T2|extra_1_T2|open_2_T2|open_1_T2|agree_1_T2|con_2_T2|agree_2_T2|extra_2_T2|neuro_2_T2
3/26/25 10:35,3/26/25 10:41,0,100,336,1,3/26/25 10:41,R_5nHnky0MCbQ9sMw,,,,,anonymous,EN,1,6,5,6,7,5,2,6,6,6,6,1,,,,,,,,,,,,,,,,,,,,,,,,,,,,,,,,,,,,,,,,,180,2,67,17,1,1,2,3,1,5,7,5,7,7,6,1,7,7,5,7,24,2,6,,60,1,5,6,,1,0,Nonstress,,FL_36,Description|con_2_T1|extra_1_T1|open_1_T1|neuro_1_T1|extra_2_T1|agree_1_T1|open_2_T1|agree_2_T1|neuro_2_T1|con_1_T1,Description|extra_2_T2|con_2_T2|open_2_T2|agree_2_T2|open_1_T2|extra_1_T2|agree_1_T2|con_1_T2|neuro_1_T2|neuro_2_T2
3/26/25 10:36,3/26/25 10:41,0,100,313,1,3/26/25 10:41,R_7nOvn9wgK8P3Avi,,,,,anonymous,EN,1,4,2,2,5,6,4,5,2,5,6,1,,0,0,44.009,0,,0,0,8.007,0,12,7.009,7.009,8.44,1,,6.614,6.614,7.008,1,3,13.699,13.699,15.539,1,3,5.089,5.089,6.227,1,2,4.761,4.761,6.314,1,2,1.847,3.164,3.746,2,,,,,,,,,3,2,4,2,2,6,6,4,5,5,5,6,24,2,6,,52,1,3,4,,2,2,Stress,2,FL_35,Description|agree_1_T1|con_2_T1|con_1_T1|neuro_2_T1|agree_2_T1|extra_2_T1|neuro_1_T1|open_2_T1|open_1_T1|extra_1_T1,Description|agree_1_T2|extra_2_T2|agree_2_T2|open_1_T2|neuro_2_T2|con_1_T2|con_2_T2|extra_1_T2|open_2_T2|neuro_1_T2
3/26/25 10:36,3/26/25 10:41,0,100,319,1,3/26/25 10:41,R_1uWzOVs3djxLhcs,,,,,anonymous,EN,1,3,1,1,5,2,5,5,2,2,6,1,4,1.107,40.591,43.193,3,,1.141,1.141,8.003,1,10,1.262,1.262,7.981,1,,0.682,0.682,7.005,1,4,13.649,13.649,14.877,1,5,6.103,6.103,6.606,1,2,6.069,6.069,6.69,1,2,3.55,3.55,4.245,1,,,,,,,,,5,1,1,5,1,7,1,6,5,1,1,1,24,1,6,,35,1,6,3,,1,2,Stress,2,FL_35,Description|extra_1_T1|extra_2_T1|open_1_T1|con_2_T1|neuro_1_T1|open_2_T1|agree_2_T1|agree_1_T1|con_1_T1|neuro_2_T1,Description|con_2_T2|neuro_1_T2|agree_1_T2|extra_1_T2|open_2_T2|neuro_2_T2|extra_2_T2|agree_2_T2|con_1_T2|open_1_T2
3/26/25 10:37,3/26/25 10:41,0,100,229,1,3/26/25 10:41,R_1IdfEvjFyETn9fc,,,,,anonymous,EN,1,3,3,6,5,4,2,6,5,5,5,1,,,,,,,,,,,,,,,,,,,,,,,,,,,,,,,,,,,,,,,,,180,3,67,17,1,5,2,1,1,3,3,3,6,4,4,2,6,5,5,5,24,2,6,,39,1,3,6,,2,0,Nonstress,,FL_36,Description|agree_1_T1|agree_2_T1|extra_2_T1|open_2_T1|con_2_T1|open_1_T1|extra_1_T1|neuro_1_T1|con_1_T1|neuro_2_T1,Description|extra_1_T2|agree_1_T2|open_1_T2|agree_2_T2|extra_2_T2|con_1_T2|open_2_T2|con_2_T2|neuro_2_T2|neuro_1_T2
3/26/25 10:36,3/26/25 10:41,0,100,295,1,3/26/25 10:41,R_1I9PMUVhXhq4sul,,,,,anonymous,EN,1,4,5,5,2,2,3,5,2,5,2,1,4.5,4.012,34.418,35.249,4,,0,0,8.111,0,20,1.595,5.294,5.904,2,,1.471,1.471,7.009,1,1,9.591,12.346,13.37,3,4,3.008,5.266,6.196,3,2,3.298,4.973,5.996,4,5,3.042,4.713,5.122,2,,,,,,,,,1,2,3,5,2,5,5,2,6,5,5,5,24,1,6,,27,1,2,3,,3,0,Stress,0,FL_35,Description|con_2_T1|open_2_T1|agree_1_T1|agree_2_T1|extra_1_T1|open_1_T1|neuro_1_T1|extra_2_T1|neuro_2_T1|con_1_T1,Description|neuro_1_T2|con_1_T2|con_2_T2|neuro_2_T2|extra_1_T2|agree_2_T2|open_1_T2|extra_2_T2|open_2_T2|agree_1_T2
3/26/25 10:36,3/26/25 10:41,0,100,346,1,3/26/25 10:41,R_5RTyPrSCVROEQGl,,,,,anonymous,EN,1,6,3,6,2,5,2,5,5,4,5,1,1,41.559,42.127,44.013,2,,5.892,5.892,8.013,1,20,1.4,1.4,10.158,1,0,1.057,1.057,6.677,1,3,14.14,14.14,15.103,1,4,3.539,3.539,4.564,1,5,4.559,4.559,5.369,1,2,2.801,2.801,3.591,1,,,,,,,,,2,2,5,3,6,5,3,3,4,4,4,5,24,1,6,,42,1,3,4,,1,1,Stress,1,FL_35,Description|con_1_T1|agree_1_T1|extra_2_T1|extra_1_T1|agree_2_T1|open_2_T1|con_2_T1|neuro_1_T1|open_1_T1|neuro_2_T1,Description|open_2_T2|con_1_T2|extra_1_T2|agree_1_T2|neuro_2_T2|con_2_T2|agree_2_T2|open_1_T2|neuro_1_T2|extra_2_T2
3/26/25 10:36,3/26/25 10:42,0,100,324,1,3/26/25 10:42,R_6rFW49fOfwnO2S0,,,,,anonymous,EN,1,4,6,6,4,4,5,5,5,6,6,1,,,,,,,,,,,,,,,,,,,,,,,,,,,,,,,,,,,,,,,,,24,3,67,4,1,5,2,1,1,5,5,4,5,7,4,5,5,5,4,5,24,2,6,,29,1,1,5,,3,0,Nonstress,,FL_36,Description|open_2_T1|agree_1_T1|open_1_T1|neuro_1_T1|agree_2_T1|extra_2_T1|con_2_T1|con_1_T1|neuro_2_T1|extra_1_T1,Description|open_2_T2|agree_2_T2|neuro_2_T2|extra_2_T2|neuro_1_T2|extra_1_T2|con_1_T2|open_1_T2|con_2_T2|agree_1_T2
3/26/25 10:37,3/26/25 10:42,0,100,263,1,3/26/25 10:42,R_50gxe1TbSTbGmfn,,,,,anonymous,EN,1,5,6,3,3,5,3,5,6,5,6,1,,,,,,,,,,,,,,,,,,,,,,,,,,,,,,,,,,,,,,,,,180,3,67,17,1,5,2,1,2,3,5,5,3,3,5,3,5,6,6,6,24,1,1,,26,1,2,6,,1,0,Nonstress,,FL_36,Description|con_2_T1|agree_2_T1|extra_2_T1|con_1_T1|open_2_T1|agree_1_T1|extra_1_T1|neuro_2_T1|open_1_T1|neuro_1_T1,Description|agree_2_T2|neuro_2_T2|neuro_1_T2|agree_1_T2|con_1_T2|open_2_T2|con_2_T2|extra_2_T2|extra_1_T2|open_1_T2
3/26/25 10:37,3/26/25 10:42,0,100,283,1,3/26/25 10:42,R_1SPqCS0IdCDflrX,,,,,anonymous,EN,1,6,1,5,3,6,2,2,7,5,7,1,3,2,43.964,44.109,7,0.1,1.394,15.892,16.15,7,14,1.772,8.162,8.498,2,,1.949,6.363,6.747,2,3,1.992,6.3,6.626,5,5,1.049,6.411,6.674,4,4,3.704,7.464,7.701,5,2,1.163,3.196,5.111,3,,,,,,,,,3,2,3,5,2,6,5,3,3,7,3,5,24,1,6,,32,1,3,2,,1,0,Stress,0,FL_35,Description|con_1_T1|con_2_T1|open_2_T1|extra_2_T1|extra_1_T1|open_1_T1|neuro_1_T1|neuro_2_T1|agree_1_T1|agree_2_T1,Description|neuro_1_T2|open_1_T2|con_2_T2|con_1_T2|extra_2_T2|agree_2_T2|open_2_T2|agree_1_T2|extra_1_T2|neuro_2_T2
3/26/25 10:35,3/26/25 10:42,0,100,432,1,3/26/25 10:42,R_7yrRFLObxvo10eN,,,,,anonymous,EN,1,5,6,7,4,6,1,5,4,6,6,1,,,,,,,,,,,,,,,,,,,,,,,,,,,,,,,,,,,,,,,,,180,3,67,17,1,5,2,1,1,3,5,7,7,3,6,1,5,4,6,6,24,2,6,,47,1,2,4,,4,0,Nonstress,,FL_36,Description|con_1_T1|extra_2_T1|extra_1_T1|neuro_2_T1|agree_2_T1|open_1_T1|con_2_T1|agree_1_T1|open_2_T1|neuro_1_T1,Description|neuro_1_T2|open_1_T2|agree_1_T2|neuro_2_T2|open_2_T2|con_2_T2|con_1_T2|agree_2_T2|extra_2_T2|extra_1_T2
3/26/25 10:39,3/26/25 10:42,0,100,155,1,3/26/25 10:42,R_6CDyC2m6bmpQN33,,,,,anonymous,EN,1,5,4,5,3,5,3,4,4,3,5,1,,,,,,,,,,,,,,,,,,,,,,,,,,,,,,,,,,,,,,,,,180,3,67,17,1,5,2,1,1,3,5,4,5,5,5,2,4,4,3,5,24,1,6,,42,1,2,6,,1,0,Nonstress,,FL_36,Description|con_2_T1|agree_2_T1|extra_2_T1|open_1_T1|agree_1_T1|neuro_1_T1|neuro_2_T1|open_2_T1|extra_1_T1|con_1_T1,Description|open_1_T2|neuro_2_T2|con_1_T2|extra_2_T2|agree_2_T2|extra_1_T2|open_2_T2|con_2_T2|agree_1_T2|neuro_1_T2
3/26/25 10:38,3/26/25 10:42,0,100,234,1,3/26/25 10:42,R_5fOEJjduBldo6fg,,,,,anonymous,EN,1,6,6,4,5,4,1,7,7,4,6,1,4,27.544,27.544,30.443,1,5,3.282,3.282,6.405,1,4,5.771,5.771,7.95,1,,5.613,6.139,7.12,2,2,5.089,5.089,6.122,1,5,3.708,3.708,4.63,1,3,6.236,6.236,7.354,1,2,2.328,2.328,3.945,1,,,,,,,,,4,1,5,6,4,7,4,1,7,5,4,5,24,2,6,,44,1,3,3,,1,2,Stress,2,FL_35,Description|extra_2_T1|con_2_T1|open_1_T1|neuro_2_T1|agree_1_T1|con_1_T1|open_2_T1|extra_1_T1|agree_2_T1|neuro_1_T1,Description|con_2_T2|neuro_1_T2|extra_2_T2|extra_1_T2|open_1_T2|agree_1_T2|agree_2_T2|open_2_T2|con_1_T2|neuro_2_T2
3/26/25 10:37,3/26/25 10:42,0,100,274,1,3/26/25 10:42,R_5s4pdmP6ohwkVyy,,,,,anonymous,EN,1,3,5,3,3,3,2,3,3,4,5,2,,15.313,41.669,44.107,2,10,5.354,5.354,8.108,1,,0,0,11.008,0,3,2.503,2.503,5.159,1,3,5.76,9.793,10.469,4,2,4.929,6.362,7.015,3,4,4.068,4.909,5.531,2,2,1.903,2.612,3.143,2,,,,,,,,,4,1,3,6,3,5,1,3,3,4,4,5,24,2,3,,46,1,3,9,,1,0,Stress,0,FL_35,Description|open_1_T1|agree_1_T1|open_2_T1|con_1_T1|agree_2_T1|con_2_T1|extra_1_T1|neuro_2_T1|neuro_1_T1|extra_2_T1,Description|agree_2_T2|agree_1_T2|neuro_2_T2|open_2_T2|extra_1_T2|con_2_T2|neuro_1_T2|open_1_T2|con_1_T2|extra_2_T2
3/26/25 10:37,3/26/25 10:42,0,100,295,1,3/26/25 10:42,R_1v0m0q5AMMQxXNS,,,,,anonymous,EN,1,5,2,7,1,6,4,6,7,6,6,1,,,,,,,,,,,,,,,,,,,,,,,,,,,,,,,,,,,,,,,,,180,3,67,17,1,5,2,1,1,5,6,2,7,2,7,2,6,7,6,5,24,1,2,,25,1,4,2,,1,0,Nonstress,,FL_36,Description|extra_1_T1|agree_2_T1|con_1_T1|agree_1_T1|extra_2_T1|neuro_1_T1|neuro_2_T1|open_2_T1|con_2_T1|open_1_T1,Description|extra_1_T2|extra_2_T2|open_1_T2|open_2_T2|neuro_2_T2|con_2_T2|agree_2_T2|agree_1_T2|neuro_1_T2|con_1_T2
3/26/25 10:38,3/26/25 10:42,0,100,258,1,3/26/25 10:42,R_5TTZ0hv3iqIT5vP,,,,,anonymous,EN,1,5,5,3,3,5,2,5,5,6,7,1,,,,,,,,,,,,,,,,,,,,,,,,,,,,,,,,,,,,,,,,,180,3,67,17,1,5,2,1,1,4,5,5,3,3,5,2,5,5,7,7,24,2,6,,36,1,4,4,,3,0,Nonstress,,FL_36,Description|agree_1_T1|neuro_2_T1|open_2_T1|con_1_T1|extra_1_T1|extra_2_T1|neuro_1_T1|agree_2_T1|open_1_T1|con_2_T1,Description|con_2_T2|open_1_T2|neuro_2_T2|neuro_1_T2|extra_1_T2|agree_2_T2|open_2_T2|agree_1_T2|con_1_T2|extra_2_T2
3/26/25 10:37,3/26/25 10:42,0,100,306,1,3/26/25 10:42,R_1cnJmwKA3IlyuyB,,,,,anonymous,EN,1,3,5,1,7,6,1,1,1,2,2,1,20,1.831,1.831,36.929,1,,0,0,8.013,0,30,8.46,8.46,11.013,1,1,4.335,6.015,6.541,2,2,6.562,6.562,8.994,1,5,6.534,6.534,7.014,1,2,4.816,4.816,8.12,1,2,3.528,3.528,5.013,1,,,,,,,,,4,1,2,7,1,7,5,2,1,1,1,3,24,2,6,,52,1,3,6,,1,0,Stress,0,FL_35,Description|open_1_T1|open_2_T1|agree_1_T1|neuro_2_T1|extra_2_T1|con_1_T1|extra_1_T1|agree_2_T1|con_2_T1|neuro_1_T1,Description|neuro_2_T2|extra_1_T2|agree_1_T2|con_1_T2|agree_2_T2|extra_2_T2|neuro_1_T2|open_1_T2|con_2_T2|open_2_T2
3/26/25 10:37,3/26/25 10:42,0,100,337,1,3/26/25 10:42,R_5iyBQxOv0j5n2tL,,,,,anonymous,EN,1,5,3,6,3,7,1,6,7,6,3,1,,24.775,24.775,44.013,1,,7.559,7.559,8.115,1,,0.991,0.991,11.015,1,,0.689,0.689,7.015,1,2,3.343,3.343,12.621,1,4,5.38,5.38,7.012,1,5,5.452,5.452,6.249,1,,0,0,5.113,0,,,,,,,,,3,2,5,3,7,4,6,1,6,5,6,3,24,1,6,,61,1,3,6,,2,1,Stress,1,FL_35,Description|agree_2_T1|open_1_T1|open_2_T1|neuro_1_T1|extra_1_T1|con_1_T1|extra_2_T1|agree_1_T1|neuro_2_T1|con_2_T1,Description|con_2_T2|agree_2_T2|extra_2_T2|open_1_T2|open_2_T2|neuro_1_T2|con_1_T2|neuro_2_T2|extra_1_T2|agree_1_T2
3/26/25 10:36,3/26/25 10:42,0,100,369,1,3/26/25 10:42,R_3qr8znDU3Z8iPe0,,,,,anonymous,EN,1,4,4,6,2,6,4,6,7,6,4,1,,,,,,,,,,,,,,,,,,,,,,,,,,,,,,,,,,,,,,,,,120,3,67,1,1,1,4,1,3,3,3,6,6,4,6,4,7,7,5,6,12 + 12,2,6,,58,1,4,2,,3,0,Nonstress,,FL_36,Description|open_1_T1|neuro_2_T1|agree_1_T1|extra_1_T1|con_2_T1|con_1_T1|extra_2_T1|neuro_1_T1|open_2_T1|agree_2_T1,Description|open_2_T2|open_1_T2|extra_2_T2|neuro_2_T2|extra_1_T2|agree_1_T2|agree_2_T2|con_1_T2|neuro_1_T2|con_2_T2
3/26/25 10:38,3/26/25 10:43,0,100,284,1,3/26/25 10:43,R_1H6q93b2QMpXwa7,,,,,anonymous,EN,1,2,5,1,5,4,5,6,6,7,4,1,3,26.164,40.789,43.578,3,,0,0,8.011,0,,0,0,11.117,0,,0,0,7.016,0,,0,0,17.017,0,2,3.304,4.505,5.322,2,2,3.567,4.43,5.19,2,2,2.084,2.084,2.831,1,,,,,,,,,1,3,2,5,1,5,4,5,6,6,7,4,24,1,6,,28,1,4,4,,3,0,Stress,0,FL_35,Description|con_2_T1|neuro_2_T1|neuro_1_T1|con_1_T1|agree_1_T1|agree_2_T1|extra_2_T1|open_1_T1|extra_1_T1|open_2_T1,Description|extra_2_T2|extra_1_T2|agree_1_T2|con_2_T2|neuro_2_T2|agree_2_T2|neuro_1_T2|open_2_T2|con_1_T2|open_1_T2
3/26/25 10:40,3/26/25 10:43,0,100,147,1,3/26/25 10:43,R_5PH6ah4usOezjio,,,,,anonymous,EN,1,1,3,1,5,2,6,5,1,5,7,1,,,,,,,,,,,,,,,,,,,,,,,,,,,,,,,,,,,,,,,,,180,3,67,17,1,5,2,1,1,2,1,3,1,5,2,5,5,1,5,7,24,3,6,,32,1,4,4,,1,0,Nonstress,,FL_36,Description|agree_2_T1|agree_1_T1|con_1_T1|open_2_T1|con_2_T1|extra_1_T1|open_1_T1|neuro_2_T1|neuro_1_T1|extra_2_T1,Description|agree_2_T2|extra_1_T2|extra_2_T2|agree_1_T2|con_2_T2|open_1_T2|con_1_T2|open_2_T2|neuro_2_T2|neuro_1_T2
3/26/25 10:38,3/26/25 10:43,0,100,305,1,3/26/25 10:43,R_3nDom0PHiohb8Qx,,,,,anonymous,EN,1,2,6,3,5,3,6,3,6,7,5,1,4,23.095,23.095,43.963,1,5,4.583,4.583,8.116,1,20,8.272,8.272,10.621,1,5,3.694,3.694,7.11,1,4,5.74,5.74,6.639,1,,0,0,7.105,0,3,4.489,4.489,5.269,1,2,2.101,2.101,3.245,1,,,,,,,,,3,2,2,6,1,2,1,2,2,3,3,2,24,1,6,,36,1,3,6,,1,3,Stress,3,FL_35,Description|agree_2_T1|neuro_1_T1|con_2_T1|agree_1_T1|open_1_T1|extra_2_T1|neuro_2_T1|con_1_T1|extra_1_T1|open_2_T1,Description|open_1_T2|neuro_2_T2|open_2_T2|agree_1_T2|con_2_T2|con_1_T2|neuro_1_T2|extra_2_T2|extra_1_T2|agree_2_T2
3/26/25 10:37,3/26/25 10:43,0,100,369,1,3/26/25 10:43,R_5EYehpwlM8TtsRQ,,,,,anonymous,EN,1,3,3,5,2,6,4,6,2,3,5,1,1.5,3.315,16.528,44.011,3,1.05,1.435,1.435,7.725,1,20,4.953,4.953,6.683,1,0,1.825,1.825,7.041,1,,1.907,1.907,17.01,1,4,4.834,6.104,7.11,2,2,1.041,3.865,5.634,2,2,2.865,3.615,5.008,2,,,,,,,,,2,2,3,3,5,3,6,4,6,2,3,5,24,2,6,,41,1,3,4,,3,0,Stress,0,FL_35,Description|extra_1_T1|neuro_2_T1|open_1_T1|con_1_T1|neuro_1_T1|con_2_T1|agree_2_T1|extra_2_T1|agree_1_T1|open_2_T1,Description|agree_2_T2|open_2_T2|extra_1_T2|con_1_T2|neuro_1_T2|open_1_T2|agree_1_T2|extra_2_T2|neuro_2_T2|con_2_T2
3/26/25 10:39,3/26/25 10:43,0,100,252,1,3/26/25 10:43,R_7OP6RPX3PJRPqEx,,,,,anonymous,EN,1,5,6,5,5,7,3,5,7,3,5,1,,,,,,,,,,,,,,,,,,,,,,,,,,,,,,,,,,,,,,,,,180,3,67,5,1,5,2,1,1,4,5,6,5,5,7,3,5,7,5,5,24,2,6,,42,1,3,4,,2,0,Nonstress,,FL_36,Description|extra_2_T1|neuro_2_T1|open_1_T1|agree_2_T1|neuro_1_T1|con_1_T1|agree_1_T1|con_2_T1|open_2_T1|extra_1_T1,Description|con_1_T2|agree_1_T2|con_2_T2|extra_1_T2|agree_2_T2|neuro_2_T2|extra_2_T2|neuro_1_T2|open_1_T2|open_2_T2
3/26/25 10:38,3/26/25 10:43,0,100,306,1,3/26/25 10:43,R_7Oxk9RUCpa9O9qq,,,,,anonymous,EN,1,5,4,4,5,7,1,2,6,6,4,1,,,,,,,,,,,,,,,,,,,,,,,,,,,,,,,,,,,,,,,,,180,3,67,3,1,1,2,1,2,5,6,4,4,4,6,1,2,5,6,4,24,2,6,,36,1,4,2,,2,0,Nonstress,,FL_36,Description|neuro_1_T1|extra_1_T1|open_1_T1|open_2_T1|agree_1_T1|neuro_2_T1|con_2_T1|con_1_T1|agree_2_T1|extra_2_T1,Description|neuro_2_T2|extra_1_T2|agree_1_T2|open_2_T2|con_1_T2|open_1_T2|agree_2_T2|neuro_1_T2|extra_2_T2|con_2_T2
3/26/25 10:39,3/26/25 10:43,0,100,228,1,3/26/25 10:43,R_7n1oTN5RfiXRWSH,,,,,anonymous,EN,1,3,6,2,7,3,5,3,2,5,6,1,2,1.167,12.239,36.289,3,5,1.086,1.086,7.019,1,4,0.931,0.931,9.567,1,3,0.797,0.797,5.547,1,2,4.052,4.052,5.394,1,5,2.134,4.773,5.69,3,2,4.147,4.147,4.904,1,2,3.196,3.532,4.09,2,,,,,,,,,5,2,3,6,1,7,3,5,2,2,6,5,24,1,6,,33,1,3,6,,1,1,Stress,1,FL_35,Description|neuro_1_T1|con_2_T1|open_2_T1|open_1_T1|agree_2_T1|con_1_T1|extra_1_T1|agree_1_T1|neuro_2_T1|extra_2_T1,Description|open_1_T2|neuro_2_T2|extra_2_T2|agree_1_T2|neuro_1_T2|con_1_T2|con_2_T2|agree_2_T2|extra_1_T2|open_2_T2
3/26/25 10:37,3/26/25 10:43,0,100,385,1,3/26/25 10:43,R_1jV2dh0kUAPg0GK,,,,,anonymous,EN,1,5,3,5,3,6,2,2,7,7,7,1,,,,,,,,,,,,,,,,,,,,,,,,,,,,,,,,,,,,,,,,,185,3,67,5,1,1,2,1,1,3,6,3,5,2,6,2,2,7,7,7,24,1,3,,23,1,4,5,,4,0,Nonstress,,FL_36,Description|extra_2_T1|con_1_T1|neuro_1_T1|agree_2_T1|open_2_T1|open_1_T1|agree_1_T1|extra_1_T1|con_2_T1|neuro_2_T1,Description|open_2_T2|neuro_2_T2|agree_1_T2|neuro_1_T2|extra_1_T2|agree_2_T2|con_2_T2|con_1_T2|open_1_T2|extra_2_T2
3/26/25 10:37,3/26/25 10:43,0,100,358,1,3/26/25 10:43,R_63UDvP5ADMtaGaZ,,,,,anonymous,EN,1,1,5,2,7,6,3,4,7,7,7,1,,,,,,,,,,,,,,,,,,,,,,,,,,,,,,,,,,,,,,,,,130,3,67,17,1,5,2,1,3,2,1,6,2,7,6,5,3,7,7,7,24,2,6,,52,1,3,4,,4,0,Nonstress,,FL_36,Description|extra_2_T1|open_2_T1|con_2_T1|neuro_1_T1|con_1_T1|open_1_T1|agree_2_T1|extra_1_T1|neuro_2_T1|agree_1_T1,Description|extra_2_T2|agree_2_T2|neuro_2_T2|open_2_T2|con_2_T2|con_1_T2|neuro_1_T2|extra_1_T2|open_1_T2|agree_1_T2
3/26/25 10:37,3/26/25 10:43,0,100,394,1,3/26/25 10:43,R_1V9GW57K2Aw72rT,,,,,anonymous,EN,1,5,5,6,3,6,1,4,4,5,6,1,5,37.188,37.188,39.6,1,,0,0,8.008,0,,0,0,11.006,0,,0,0,7.003,0,1,10.899,13.676,14.784,2,5,5.541,5.541,6.479,1,3,5.85,5.85,8.105,1,,0,0,5.007,0,,,,,,,,,2,2,5,5,6,3,6,2,4,4,5,6,24,1,8,Euro American,32,1,3,4,,1,0,Stress,0,FL_35,Description|open_2_T1|agree_2_T1|extra_1_T1|con_2_T1|extra_2_T1|open_1_T1|con_1_T1|neuro_1_T1|neuro_2_T1|agree_1_T1,Description|extra_2_T2|open_1_T2|open_2_T2|neuro_1_T2|extra_1_T2|agree_2_T2|con_2_T2|neuro_2_T2|con_1_T2|agree_1_T2
3/26/25 10:39,3/26/25 10:44,0,100,293,1,3/26/25 10:44,R_107T3D553not3IV,,,,,anonymous,EN,1,4,5,5,5,4,4,4,3,6,6,,4,31.82,37.577,44.126,5,,0,0,8.017,0,,0,0,11.118,0,,0,0,7.017,0,2,9.603,9.773,17.021,2,4,4.704,4.819,7.023,2,3,4.888,5.064,6.364,2,2,3.369,3.568,5.019,2,,,,,,,,,2,2,4,5,4,5,4,4,4,3,5,6,24,2,6,,38,1,3,4,,2,1,Stress,1,FL_35,Description|extra_2_T1|agree_2_T1|open_2_T1|open_1_T1|con_2_T1|extra_1_T1|agree_1_T1|con_1_T1|neuro_2_T1|neuro_1_T1,Description|open_1_T2|extra_1_T2|agree_2_T2|agree_1_T2|con_2_T2|open_2_T2|neuro_2_T2|extra_2_T2|neuro_1_T2|con_1_T2
3/26/25 10:41,3/26/25 10:44,0,100,168,1,3/26/25 10:44,R_5fcRdCgteqbGCrn,,,,,anonymous,EN,1,2,6,6,2,2,5,6,6,2,6,1,3,10.819,28.495,30.692,32,1,1.442,2.281,6.641,2,2,0.601,6.089,7.326,2,2,1.097,1.097,6.408,1,1,2.568,2.568,3.674,1,5,4.501,4.501,5.384,1,2,3.906,3.906,4.712,1,2,2.315,2.315,3.071,1,,,,,,,,,5,1,2,5,2,3,5,6,2,2,3,6,24,1,6,,33,1,5,2,,3,1,Stress,1,FL_35,Description|neuro_1_T1|agree_2_T1|neuro_2_T1|agree_1_T1|con_1_T1|con_2_T1|extra_1_T1|extra_2_T1|open_1_T1|open_2_T1,Description|agree_1_T2|con_1_T2|extra_1_T2|con_2_T2|agree_2_T2|neuro_1_T2|open_2_T2|open_1_T2|extra_2_T2|neuro_2_T2
3/26/25 10:39,3/26/25 10:44,0,100,326,1,3/26/25 10:44,R_5CCGWFMcXdBDObP,,,,,anonymous,EN,1,5,6,5,3,5,3,3,4,4,6,1,9,2.58,2.58,38.387,1,,2.093,2.093,8.012,1,12,0.874,0.874,11.012,1,,0.942,0.942,7.11,1,,0,0,17.107,0,5,3.695,3.695,7.104,1,4,4.017,4.017,8.112,1,2,2.668,2.668,5.011,1,,,,,,,,,3,2,4,5,4,5,5,3,3,4,3,5,24,1,1,,38,1,3,11,,1,1,Stress,1,FL_35,Description|con_1_T1|extra_2_T1|agree_2_T1|open_2_T1|agree_1_T1|neuro_1_T1|extra_1_T1|con_2_T1|neuro_2_T1|open_1_T1,Description|neuro_2_T2|neuro_1_T2|extra_1_T2|con_1_T2|agree_2_T2|open_2_T2|agree_1_T2|open_1_T2|con_2_T2|extra_2_T2
3/26/25 10:41,3/26/25 10:44,0,100,197,1,3/26/25 10:44,R_3nwPD5fM8vni665,,,,,anonymous,EN,1,5,6,5,2,6,3,5,3,4,7,1,,,,,,,,,,,,,,,,,,,,,,,,,,,,,,,,,,,,,,,,,180,3,67,17,1,5,2,1,1,4,5,6,2,3,6,3,6,2,5,7,24,2,6,,44,1,3,3,,3,0,Nonstress,,FL_36,Description|open_1_T1|neuro_1_T1|neuro_2_T1|extra_2_T1|agree_1_T1|con_1_T1|con_2_T1|open_2_T1|extra_1_T1|agree_2_T1,Description|extra_1_T2|agree_1_T2|open_2_T2|con_2_T2|extra_2_T2|agree_2_T2|neuro_1_T2|neuro_2_T2|open_1_T2|con_1_T2
3/26/25 10:36,3/26/25 10:44,0,100,461,1,3/26/25 10:44,R_53G8YUg7I13l5zr,,,,,anonymous,EN,1,3,7,7,3,5,2,5,7,7,7,1,2,19.03,19.03,29.799,1,,0,0,8.008,0,,0,0,11.01,0,,0,0,7.016,0,4,2.812,5.355,8.478,2,1,3.887,4.855,5.907,2,2,2.128,2.128,4.732,1,2,2.11,2.11,3.376,1,,,,,,,,,2,2,3,7,7,5,7,2,7,7,7,7,24,1,2,,36,1,6,2,,2,1,Stress,1,FL_35,Description|extra_2_T1|open_1_T1|con_1_T1|con_2_T1|extra_1_T1|agree_1_T1|agree_2_T1|open_2_T1|neuro_1_T1|neuro_2_T1,Description|open_1_T2|open_2_T2|extra_2_T2|agree_1_T2|neuro_2_T2|neuro_1_T2|con_2_T2|agree_2_T2|extra_1_T2|con_1_T2
3/26/25 10:39,3/26/25 10:44,0,100,328,1,3/26/25 10:44,R_6zIADQmUKiOy8pj,,,,,anonymous,EN,1,6,4,5,5,3,6,2,5,1,1,1,,,,,,,,,,,,,,,,,,,,,,,,,,,,,,,,,,,,,,,,,180,3,67,97,1,1,2,1,1,5,3,5,5,2,7,5,6,5,5,6,24,1,6,,41,1,3,4,,1,0,Nonstress,,FL_36,Description|con_1_T1|extra_2_T1|agree_1_T1|open_1_T1|extra_1_T1|agree_2_T1|open_2_T1|con_2_T1|neuro_1_T1|neuro_2_T1,Description|open_1_T2|neuro_1_T2|open_2_T2|con_1_T2|con_2_T2|extra_1_T2|agree_1_T2|neuro_2_T2|extra_2_T2|agree_2_T2
3/26/25 10:40,3/26/25 10:44,0,100,247,1,3/26/25 10:44,R_5v6NBkzl0cgGpWE,,,,,anonymous,EN,1,3,2,1,6,2,5,6,3,1,6,1,3,1.184,1.184,36.67,1,10,1.087,1.087,5.458,1,,0.841,0.841,11.107,1,,1.425,1.425,7.002,1,3,3.525,3.525,4.247,1,4,3.479,4.327,5.093,2,3,3.519,3.519,4.42,1,2,3.171,3.171,4.221,1,,,,,,,,,2,1,3,2,1,6,2,5,6,3,1,6,24,1,6,,38,1,5,4,,2,0,Stress,0,FL_35,Description|agree_2_T1|con_1_T1|con_2_T1|open_1_T1|extra_2_T1|neuro_1_T1|agree_1_T1|extra_1_T1|open_2_T1|neuro_2_T1,Description|extra_2_T2|open_2_T2|con_2_T2|open_1_T2|neuro_1_T2|con_1_T2|extra_1_T2|agree_1_T2|agree_2_T2|neuro_2_T2
3/26/25 10:41,3/26/25 10:45,0,100,224,1,3/26/25 10:45,R_3ARoz61qrUKQ84f,,,,,anonymous,EN,1,4,7,7,5,5,3,4,4,4,5,1,,,,,,,,,,,,,,,,,,,,,,,,,,,,,,,,,,,,,,,,,200,3,67,17,1,5,2,1,1,4,4,7,7,4,6,3,4,4,4,5,24,2,6,,52,1,3,3,,2,0,Nonstress,,FL_36,Description|agree_2_T1|neuro_2_T1|open_2_T1|con_2_T1|open_1_T1|neuro_1_T1|extra_1_T1|extra_2_T1|con_1_T1|agree_1_T1,Description|neuro_1_T2|open_2_T2|neuro_2_T2|agree_1_T2|extra_2_T2|extra_1_T2|con_2_T2|open_1_T2|con_1_T2|agree_2_T2
3/26/25 10:42,3/26/25 10:45,0,100,162,1,3/26/25 10:45,R_5E1oZVwclgo5Rzf,,,,,anonymous,EN,1,5,2,5,3,6,2,6,5,5,6,1,,,,,,,,,,,,,,,,,,,,,,,,,,,,,,,,,,,,,,,,,180,3,67,17,1,5,2,1,1,4,5,2,4,3,6,2,6,5,5,6,24,2,6,,39,1,4,4,,2,0,Nonstress,,FL_36,Description|con_1_T1|open_2_T1|con_2_T1|neuro_1_T1|neuro_2_T1|extra_1_T1|extra_2_T1|agree_1_T1|open_1_T1|agree_2_T1,Description|neuro_2_T2|neuro_1_T2|agree_1_T2|extra_2_T2|con_1_T2|open_1_T2|con_2_T2|extra_1_T2|open_2_T2|agree_2_T2
3/26/25 10:38,3/26/25 10:45,0,100,417,1,3/26/25 10:45,R_7KPrcF76mZuN5Kx,,,,,anonymous,EN,1,6,2,4,4,5,1,7,6,3,4,1,6,11.092,38.792,43.788,2,,7.985,7.985,8.012,1,20,3.41,3.41,9.077,1,,0,0,7.112,0,3,1.49,5.817,9.824,3,2,6.835,6.835,7.013,1,,0,0,8.014,0,2,4.538,4.538,5.006,1,,,,,,,,,5,1,7,2,4,4,7,1,7,6,3,6,24,1,6,,39,1,5,2,,1,0,Stress,0,FL_35,Description|open_1_T1|open_2_T1|extra_1_T1|neuro_1_T1|agree_1_T1|extra_2_T1|neuro_2_T1|con_1_T1|con_2_T1|agree_2_T1,Description|con_2_T2|extra_2_T2|neuro_1_T2|agree_1_T2|neuro_2_T2|agree_2_T2|open_2_T2|open_1_T2|extra_1_T2|con_1_T2
3/26/25 10:42,3/26/25 10:45,0,100,189,1,3/26/25 10:45,R_1c4X76esgXGVYhb,,,,,anonymous,EN,1,4,5,5,3,5,4,2,5,3,6,1,,,,,,,,,,,,,,,,,,,,,,,,,,,,,,,,,,,,,,,,,180,3,67,11,1,5,2,1,1,5,3,5,5,3,5,5,3,5,5,5,24,1,6,,47,1,3,3,,2,0,Nonstress,,FL_36,Description|con_2_T1|extra_1_T1|agree_1_T1|con_1_T1|open_1_T1|neuro_1_T1|open_2_T1|extra_2_T1|neuro_2_T1|agree_2_T1,Description|open_2_T2|agree_1_T2|agree_2_T2|con_2_T2|con_1_T2|extra_2_T2|open_1_T2|neuro_2_T2|neuro_1_T2|extra_1_T2
3/26/25 10:39,3/26/25 10:46,0,100,388,1,3/26/25 10:46,R_37iqTN1fnFEuZVv,,,,,anonymous,EN,1,6,5,6,2,6,2,5,7,7,4,1,5,27.378,27.378,30.704,1,,0,0,8.113,0,,0,0,10.854,0,,0,0,7.01,0,3,8.133,11.429,16.292,2,2,6.045,6.045,7.129,1,1,6.623,6.623,8.009,1,2,2.728,2.728,5.107,1,,,,,,,,,2,4,6,5,6,2,6,2,4,7,7,4,24,1,7,,54,1,5,4,,1,0,Stress,0,FL_35,Description|neuro_2_T1|extra_2_T1|open_2_T1|neuro_1_T1|agree_2_T1|agree_1_T1|con_1_T1|extra_1_T1|open_1_T1|con_2_T1,Description|con_2_T2|open_2_T2|extra_1_T2|con_1_T2|agree_2_T2|agree_1_T2|extra_2_T2|neuro_2_T2|neuro_1_T2|open_1_T2
3/26/25 10:37,3/26/25 10:46,0,100,534,1,3/26/25 10:46,R_5SaDC5rgRKHDvS9,,,,,anonymous,EN,1,4,6,7,1,7,1,6,4,4,4,1,,,,,,,,,,,,,,,,,,,,,,,,,,,,,,,,,,,,,,,,,25,3,67,12,1,5,2,1,1,5,4,6,7,1,7,1,6,4,4,4,24,2,2,,60,1,3,3,,3,0,Nonstress,,FL_36,Description|neuro_2_T1|extra_2_T1|neuro_1_T1|agree_2_T1|agree_1_T1|open_2_T1|con_2_T1|open_1_T1|extra_1_T1|con_1_T1,Description|agree_1_T2|neuro_1_T2|con_1_T2|extra_2_T2|open_2_T2|agree_2_T2|neuro_2_T2|open_1_T2|con_2_T2|extra_1_T2
3/26/25 10:43,3/26/25 10:46,0,100,184,1,3/26/25 10:46,R_5dhNM7kUZfrbZZF,,,,,anonymous,EN,1,4,4,6,3,6,2,5,5,6,5,1,,,,,,,,,,,,,,,,,,,,,,,,,,,,,,,,,,,,,,,,,240,3,67,5,1,1,2,1,1,3,5,4,5,3,6,2,6,5,5,5,24,2,6,,39,1,3,4,,2,0,Nonstress,,FL_36,Description|agree_2_T1|extra_1_T1|neuro_2_T1|neuro_1_T1|open_2_T1|open_1_T1|con_2_T1|extra_2_T1|con_1_T1|agree_1_T1,Description|con_2_T2|agree_1_T2|neuro_2_T2|agree_2_T2|neuro_1_T2|open_1_T2|open_2_T2|con_1_T2|extra_2_T2|extra_1_T2
3/26/25 10:41,3/26/25 10:46,0,100,274,1,3/26/25 10:46,R_5CjP72iWlsCpEYH,,,,,anonymous,EN,1,5,6,5,3,5,4,5,5,4,6,1,,,,,,,,,,,,,,,,,,,,,,,,,,,,,,,,,,,,,,,,,180,3,67,17,1,5,2,1,2,4,5,6,6,5,6,3,5,5,4,5,24,1,1,,31,1,4,3,,1,0,Nonstress,,FL_36,Description|neuro_2_T1|open_2_T1|extra_2_T1|agree_1_T1|con_1_T1|neuro_1_T1|con_2_T1|agree_2_T1|extra_1_T1|open_1_T1,Description|neuro_1_T2|con_1_T2|open_1_T2|neuro_2_T2|agree_2_T2|agree_1_T2|extra_2_T2|con_2_T2|open_2_T2|extra_1_T2
3/26/25 10:43,3/26/25 10:46,0,100,204,1,3/26/25 10:46,R_1Rw7WLm4TNjeJw0,,,,,anonymous,EN,1,4,3,5,3,5,2,5,5,6,6,1,,,,,,,,,,,,,,,,,,,,,,,,,,,,,,,,,,,,,,,,,180,3,67,-10,1,5,2,1,1,4,5,2,6,2,6,2,5,5,6,6,24,2,6,,51,1,2,11,,1,0,Nonstress,,FL_36,Description|agree_1_T1|open_1_T1|open_2_T1|extra_1_T1|extra_2_T1|agree_2_T1|con_1_T1|neuro_2_T1|con_2_T1|neuro_1_T1,Description|neuro_2_T2|open_2_T2|extra_2_T2|neuro_1_T2|extra_1_T2|con_1_T2|agree_2_T2|con_2_T2|agree_1_T2|open_1_T2
3/26/25 10:42,3/26/25 10:46,0,100,242,1,3/26/25 10:46,R_6dN6lWhgnBUrp6b,,,,,anonymous,EN,1,6,3,5,3,7,1,6,5,6,7,1,35,1.574,2.893,44.112,2,,1.406,6.038,8.007,3,30,6.171,6.171,10.845,1,,0.814,4.032,7.015,2,3,9.347,12.542,13.56,2,4,4.783,4.783,5.622,1,3,3.073,3.073,4.111,1,2,2.17,2.17,3.15,1,,,,,,,,,3,1,5,3,5,5,7,1,6,7,7,7,24,2,6,,37,1,2,4,,1,0,Stress,0,FL_35,Description|con_2_T1|agree_2_T1|open_1_T1|neuro_1_T1|extra_1_T1|agree_1_T1|con_1_T1|open_2_T1|neuro_2_T1|extra_2_T1,Description|extra_1_T2|neuro_2_T2|con_2_T2|neuro_1_T2|con_1_T2|agree_2_T2|extra_2_T2|agree_1_T2|open_2_T2|open_1_T2
3/26/25 10:42,3/26/25 10:46,0,100,294,1,3/26/25 10:46,R_7BbsUcRaTttlogz,,,,,anonymous,EN,1,4,4,4,5,5,2,4,6,3,5,1,4,29.688,29.688,40.481,1,,0,0,8.117,0,12,7.392,10.086,10.282,2,,5.857,5.857,7.008,1,4,16.232,16.939,17.003,2,5,5.284,5.945,6.319,2,2,6.323,6.323,7.238,1,2,2.441,2.441,3.302,1,,,,,,,,,2,2,5,4,4,5,5,2,4,6,5,5,24,1,6,,37,1,3,9,,1,3,Stress,3,FL_35,Description|extra_1_T1|open_1_T1|con_2_T1|neuro_1_T1|extra_2_T1|neuro_2_T1|con_1_T1|open_2_T1|agree_2_T1|agree_1_T1,Description|extra_1_T2|neuro_1_T2|neuro_2_T2|open_2_T2|con_2_T2|con_1_T2|agree_2_T2|extra_2_T2|agree_1_T2|open_1_T2
3/26/25 10:43,3/26/25 10:47,0,100,219,1,3/26/25 10:47,R_5ilXpWAqQmapVXz,,,,,anonymous,EN,1,4,5,5,4,7,2,6,4,7,7,1,,,,,,,,,,,,,,,,,,,,,,,,,,,,,,,,,,,,,,,,,180,3,67,8,1,5,2,1,1,4,4,5,3,4,7,2,6,2,7,7,24,2,6,,42,1,2,4,,1,0,Nonstress,,FL_36,Description|agree_1_T1|open_1_T1|con_1_T1|neuro_2_T1|agree_2_T1|neuro_1_T1|open_2_T1|extra_1_T1|extra_2_T1|con_2_T1,Description|extra_2_T2|neuro_2_T2|agree_1_T2|con_1_T2|con_2_T2|open_1_T2|agree_2_T2|extra_1_T2|open_2_T2|neuro_1_T2
3/26/25 10:33,3/26/25 10:47,0,100,797,1,3/26/25 10:47,R_6siusjjDpdeZfv7,,,,,anonymous,EN,1,3,6,7,1,7,1,7,4,7,7,1,,,,,,,,,,,,,,,,,,,,,,,,,,,,,,,,,,,,,,,,,180,3,67,17,1,5,2,1,1,5,5,6,7,1,7,1,7,4,7,7,24,1,6,,43,1,3,3,,4,0,Nonstress,,FL_36,Description|agree_1_T1|agree_2_T1|extra_2_T1|neuro_2_T1|open_2_T1|open_1_T1|neuro_1_T1|con_1_T1|extra_1_T1|con_2_T1,Description|extra_1_T2|neuro_2_T2|con_2_T2|agree_1_T2|agree_2_T2|extra_2_T2|con_1_T2|open_2_T2|open_1_T2|neuro_1_T2
3/26/25 10:43,3/26/25 10:47,0,100,275,1,3/26/25 10:47,R_5arfZykOTNcDtIt,,,,,anonymous,EN,1,4,6,5,3,5,3,6,3,2,6,1,4,20.616,20.616,24.687,1,0.05,5.169,7.849,8.004,2,12,5.988,5.988,8.198,1,,0,0,7.005,0,1,10.993,10.993,11.984,1,5,4.178,4.178,4.905,1,2,5.513,5.513,6.435,1,2,3.383,3.383,4.658,1,,,,,,,,,2,3,4,5,4,4,3,3,5,3,3,5,24,1,6,,39,1,5,4,,1,2,Stress,2,FL_35,Description|extra_1_T1|open_1_T1|con_2_T1|agree_2_T1|agree_1_T1|open_2_T1|extra_2_T1|neuro_1_T1|neuro_2_T1|con_1_T1,Description|neuro_1_T2|con_1_T2|open_1_T2|con_2_T2|open_2_T2|extra_1_T2|agree_2_T2|neuro_2_T2|extra_2_T2|agree_1_T2
3/26/25 10:44,3/26/25 10:47,0,100,189,1,3/26/25 10:47,R_5KJCfNrULzTP9AY,,,,,anonymous,EN,1,3,5,3,3,5,3,5,3,5,5,1,,,,,,,,,,,,,,,,,,,,,,,,,,,,,,,,,,,,,,,,,180,3,67,17,1,5,2,1,1,4,4,3,5,3,5,4,5,4,5,5,24,1,6,,38,1,5,2,,1,0,Nonstress,,FL_36,Description|neuro_1_T1|agree_2_T1|con_2_T1|neuro_2_T1|con_1_T1|open_1_T1|open_2_T1|extra_2_T1|extra_1_T1|agree_1_T1,Description|agree_1_T2|extra_1_T2|neuro_1_T2|open_1_T2|con_1_T2|neuro_2_T2|agree_2_T2|con_2_T2|extra_2_T2|open_2_T2
3/26/25 10:42,3/26/25 10:47,0,100,336,1,3/26/25 10:47,R_7EH5BnIbnmTTAzL,,,,,anonymous,EN,1,4,4,3,5,5,4,4,3,5,5,1,,,,,,,,,,,,,,,,,,,,,,,,,,,,,,,,,,,,,,,,,180,3,67,17,1,1,2,1,1,4,4,4,3,5,6,5,4,3,5,5,24,2,1,,26,1,4,3,,3,0,Nonstress,,FL_36,Description|con_1_T1|open_1_T1|neuro_1_T1|con_2_T1|agree_1_T1|extra_1_T1|neuro_2_T1|extra_2_T1|open_2_T1|agree_2_T1,Description|con_2_T2|agree_2_T2|open_2_T2|extra_2_T2|open_1_T2|neuro_2_T2|extra_1_T2|agree_1_T2|neuro_1_T2|con_1_T2
3/26/25 10:35,3/26/25 10:48,0,100,727,1,3/26/25 10:48,R_7rU6ThUkGmL0b35,,,,,anonymous,EN,1,4,6,6,3,6,3,5,5,6,6,1,,,,,,,,,,,,,,,,,,,,,,,,,,,,,,,,,,,,,,,,,180,3,67,17,1,5,2,1,2,4,4,6,6,2,6,2,5,5,6,6,24,2,6,,44,1,3,6,,2,0,Nonstress,,FL_36,Description|neuro_1_T1|agree_2_T1|con_1_T1|open_2_T1|agree_1_T1|neuro_2_T1|con_2_T1|extra_1_T1|open_1_T1|extra_2_T1,Description|con_1_T2|agree_2_T2|neuro_1_T2|extra_1_T2|extra_2_T2|open_2_T2|open_1_T2|agree_1_T2|con_2_T2|neuro_2_T2
3/26/25 10:43,3/26/25 10:48,0,100,250,1,3/26/25 10:48,R_51GfbJNczS2RP84,,,,,anonymous,EN,1,4,6,3,1,5,3,5,5,6,7,1,4,1.069,13.149,32.924,2,0.05,0.914,0.914,8.004,1,12,0.787,6.631,10.74,2,,0.878,0.878,7.009,1,3,7.229,7.229,8.19,1,5,4.686,4.686,5.492,1,3,5.33,5.33,5.994,1,4,2.742,2.742,3.455,1,,,,,,,,,2,3,4,6,3,1,5,3,5,5,6,7,24,1,6,,39,1,3,4,,1,3,Stress,3,FL_35,Description|neuro_2_T1|open_2_T1|agree_2_T1|extra_1_T1|con_2_T1|open_1_T1|agree_1_T1|neuro_1_T1|extra_2_T1|con_1_T1,Description|agree_2_T2|con_1_T2|open_1_T2|open_2_T2|neuro_1_T2|extra_2_T2|agree_1_T2|con_2_T2|neuro_2_T2|extra_1_T2
3/26/25 10:44,3/26/25 10:48,0,100,249,1,3/26/25 10:48,R_1DoNfLXcRlMzYWe,,,,,anonymous,EN,1,5,5,5,3,5,2,5,5,6,7,1,,,,,,,,,,,,,,,,,,,,,,,,,,,,,,,,,,,,,,,,,180,3,67,17,1,5,2,1,2,4,5,6,5,3,5,2,5,5,6,6,24,1,1,,32,2,2,4,,1,0,Nonstress,,FL_36,Description|con_2_T1|extra_2_T1|extra_1_T1|agree_2_T1|con_1_T1|neuro_1_T1|neuro_2_T1|open_2_T1|open_1_T1|agree_1_T1,Description|con_2_T2|open_1_T2|neuro_1_T2|neuro_2_T2|agree_2_T2|extra_2_T2|con_1_T2|agree_1_T2|open_2_T2|extra_1_T2
3/26/25 10:39,3/26/25 10:48,0,100,537,1,3/26/25 10:48,R_7fq6o6rotY7Wx4W,,,,,anonymous,EN,1,2,2,3,3,3,3,5,7,7,6,2,4,2.724,36.963,39.24,3,,1.273,1.273,8.112,1,20,0.93,0.93,6.847,1,0,1.391,1.391,5.132,1,5,16.105,16.105,17.105,1,5,5.422,5.422,6.994,1,2,5.791,5.791,6.828,1,2,2.852,2.852,3.922,1,,,,,,,,,4,4,2,2,3,5,3,3,6,7,7,6,24,1,6,,26,1,3,5,,1,1,Stress,1,FL_35,Description|con_2_T1|neuro_1_T1|open_1_T1|extra_2_T1|open_2_T1|neuro_2_T1|agree_2_T1|extra_1_T1|agree_1_T1|con_1_T1,Description|neuro_2_T2|extra_2_T2|agree_2_T2|con_1_T2|open_1_T2|extra_1_T2|open_2_T2|agree_1_T2|neuro_1_T2|con_2_T2
3/26/25 10:43,3/26/25 10:48,0,100,317,1,3/26/25 10:48,R_7rBqW8j4qXGJgLs,,,,,anonymous,EN,1,1,6,1,6,5,5,2,2,2,4,1,,,,,,,,,,,,,,,,,,,,,,,,,,,,,,,,,,,,,,,,,180,3,67,17,1,3,2,1,5,1,1,7,1,7,3,6,2,2,2,3,24,2,6,,51,1,6,2,,3,0,Nonstress,,FL_36,Description|con_2_T1|agree_2_T1|extra_2_T1|open_2_T1|extra_1_T1|open_1_T1|neuro_2_T1|agree_1_T1|con_1_T1|neuro_1_T1,Description|con_1_T2|agree_2_T2|agree_1_T2|extra_1_T2|open_1_T2|open_2_T2|neuro_2_T2|neuro_1_T2|extra_2_T2|con_2_T2
3/26/25 10:43,3/26/25 10:48,0,100,299,1,3/26/25 10:48,R_7kZIULq34PBYYXj,,,,,anonymous,EN,1,6,6,6,2,6,2,4,4,6,4,1,15,1.4,41.603,44.011,2,5,1.085,1.085,5.801,1,12,1.015,1.015,9.882,1,,1.609,1.609,7.116,1,,0,0,17.007,0,,0,0,7.105,0,3,4.28,4.28,4.903,1,2,2.074,2.074,3.047,1,,,,,,,,,3,2,5,6,4,4,5,2,4,4,5,5,24,1,6,,39,1,4,3,,1,2,Stress,2,FL_35,Description|extra_2_T1|open_2_T1|extra_1_T1|con_2_T1|con_1_T1|open_1_T1|neuro_1_T1|agree_1_T1|agree_2_T1|neuro_2_T1,Description|neuro_1_T2|agree_1_T2|con_2_T2|neuro_2_T2|open_2_T2|extra_2_T2|agree_2_T2|extra_1_T2|con_1_T2|open_1_T2
3/26/25 10:44,3/26/25 10:48,0,100,257,1,3/26/25 10:48,R_1stAFqefksid97d,,,,,anonymous,EN,1,4,6,2,3,6,2,6,3,5,6,1,,0,0,44.005,0,,1.748,2.337,8.006,2,20,1.91,1.91,8.27,1,0,1.057,1.057,7.004,1,2,6.365,6.365,8.868,1,5,3.767,3.767,4.94,1,2,5.251,5.251,6.573,1,2,1.879,1.879,2.777,1,,,,,,,,,4,2,3,6,2,6,5,3,3,2,3,5,24,1,6,,35,1,4,4,,1,0,Stress,0,FL_35,Description|agree_1_T1|con_1_T1|open_1_T1|neuro_1_T1|agree_2_T1|open_2_T1|con_2_T1|extra_2_T1|extra_1_T1|neuro_2_T1,Description|neuro_2_T2|agree_1_T2|con_2_T2|open_2_T2|agree_2_T2|extra_2_T2|neuro_1_T2|con_1_T2|open_1_T2|extra_1_T2
3/26/25 10:44,3/26/25 10:48,0,100,254,1,3/26/25 10:48,R_55YBmcqcqU06tjP,,,,,anonymous,EN,1,4,2,4,1,3,4,7,4,7,7,1,,,,,,,,,,,,,,,,,,,,,,,,,,,,,,,,,,,,,,,,,18,3,67,1,1,5,2,1,1,4,6,7,6,1,6,2,7,4,6,2,24,2,6,,71,1,3,4,,1,0,Nonstress,,FL_36,Description|neuro_1_T1|con_1_T1|agree_1_T1|open_2_T1|open_1_T1|extra_1_T1|neuro_2_T1|con_2_T1|extra_2_T1|agree_2_T1,Description|open_1_T2|con_2_T2|neuro_1_T2|neuro_2_T2|agree_1_T2|con_1_T2|extra_1_T2|open_2_T2|agree_2_T2|extra_2_T2
3/26/25 10:39,3/26/25 10:48,0,100,548,1,3/26/25 10:48,R_5pyOJLDEFNV3Y96,,,,,anonymous,EN,1,4,6,5,4,6,2,6,4,5,6,1,12,28.801,28.801,44.113,1,10,4.099,4.099,7.225,1,,0,0,11.013,0,,0,0,7.009,0,2,8.648,8.648,9.515,1,5,5.073,5.073,5.897,1,2,5.652,5.652,6.489,1,2,3.9,3.9,5.115,1,,,,,,,,,5,1,5,7,1,7,2,2,4,3,5,7,24,2,6,,38,1,5,3,,3,0,Stress,0,FL_35,Description|extra_1_T1|agree_1_T1|open_1_T1|con_1_T1|agree_2_T1|open_2_T1|neuro_2_T1|con_2_T1|extra_2_T1|neuro_1_T1,Description|agree_2_T2|con_2_T2|extra_1_T2|open_1_T2|neuro_2_T2|extra_2_T2|agree_1_T2|neuro_1_T2|open_2_T2|con_1_T2
3/26/25 10:40,3/26/25 10:48,0,100,506,1,3/26/25 10:48,R_5Ww0zTndzfaCqn2,,,,,anonymous,EN,1,2,4,1,7,7,3,3,2,3,5,1,,,,,,,,,,,,,,,,,,,,,,,,,,,,,,,,,,,,,,,,,160,3,67,5,1,5,2,1,5,2,2,4,1,7,7,3,3,1,3,5,24,2,1,,31,1,3,3,,2,0,Nonstress,,FL_36,Description|agree_1_T1|neuro_2_T1|con_2_T1|neuro_1_T1|extra_1_T1|open_2_T1|con_1_T1|open_1_T1|extra_2_T1|agree_2_T1,Description|open_1_T2|open_2_T2|neuro_2_T2|agree_2_T2|extra_2_T2|neuro_1_T2|con_2_T2|agree_1_T2|con_1_T2|extra_1_T2
3/26/25 10:44,3/26/25 10:48,0,100,260,1,3/26/25 10:48,R_54f9aFKbYd3VphQ,,,,,anonymous,EN,1,5,2,6,2,4,3,7,7,6,7,1,,,,,,,,,,,,,,,,,,,,,,,,,,,,,,,,,,,,,,,,,180,3,67,17,1,5,2,1,2,5,5,2,6,2,6,3,7,7,6,6,24,3,6,,28,1,2,3,,2,0,Nonstress,,FL_36,Description|extra_1_T1|con_2_T1|extra_2_T1|agree_1_T1|con_1_T1|neuro_2_T1|agree_2_T1|neuro_1_T1|open_2_T1|open_1_T1,Description|neuro_1_T2|open_2_T2|agree_1_T2|extra_2_T2|open_1_T2|agree_2_T2|con_2_T2|con_1_T2|neuro_2_T2|extra_1_T2
3/26/25 10:45,3/26/25 10:49,0,100,236,1,3/26/25 10:49,R_7MPPZ4H0wDe5tEP,,,,,anonymous,EN,1,2,4,2,6,6,1,5,3,5,4,1,2.5,9.033,9.033,34.773,1,10,1.363,1.363,6.071,1,20,1.275,4.369,5.924,2,,0.983,0.983,7.022,1,3,10.926,10.926,12.101,1,5,4.354,4.354,6.084,1,2,3.271,3.271,4.357,1,2,2.718,2.718,3.579,1,,,,,,,,,1,3,2,4,2,5,6,1,5,3,5,4,24,1,6,,34,1,6,2,,4,0,Stress,0,FL_35,Description|extra_1_T1|con_2_T1|neuro_2_T1|neuro_1_T1|agree_1_T1|extra_2_T1|agree_2_T1|open_1_T1|con_1_T1|open_2_T1,Description|neuro_2_T2|extra_2_T2|agree_1_T2|neuro_1_T2|agree_2_T2|extra_1_T2|con_2_T2|con_1_T2|open_1_T2|open_2_T2
3/26/25 10:43,3/26/25 10:49,0,100,346,1,3/26/25 10:49,R_52npOXx63S6Ik3t,,,,,anonymous,EN,1,5,5,5,4,6,1,6,7,6,6,1,4,14.418,14.418,44.142,1,,2.467,2.467,8.135,1,20,1.117,1.117,8.394,1,0,1.899,6.122,7.126,2,3,9.157,9.157,11.833,1,4,4.469,4.94,7.025,2,4,5.873,5.873,8.116,1,2,3.092,3.092,5.033,1,,,,,,,,,4,1,5,5,3,6,7,1,6,5,6,6,24,2,6,,54,1,3,6,,1,1,Stress,1,FL_35,Description|open_2_T1|agree_1_T1|con_2_T1|open_1_T1|con_1_T1|agree_2_T1|neuro_2_T1|extra_1_T1|extra_2_T1|neuro_1_T1,Description|open_1_T2|agree_2_T2|open_2_T2|extra_1_T2|agree_1_T2|extra_2_T2|neuro_2_T2|neuro_1_T2|con_2_T2|con_1_T2
3/26/25 10:45,3/26/25 10:49,0,100,233,1,3/26/25 10:49,R_6r2KhLgLVUFi9gp,,,,,anonymous,EN,1,4,4,6,3,6,3,5,6,5,5,1,,,,,,,,,,,,,,,,,,,,,,,,,,,,,,,,,,,,,,,,,180,3,67,5,1,5,2,1,1,1,4,4,6,4,5,3,5,6,5,5,24,2,6,,53,1,3,4,,3,0,Nonstress,,FL_36,Description|open_1_T1|neuro_1_T1|open_2_T1|extra_1_T1|con_2_T1|agree_2_T1|con_1_T1|agree_1_T1|extra_2_T1|neuro_2_T1,Description|extra_1_T2|extra_2_T2|agree_1_T2|neuro_1_T2|con_1_T2|open_2_T2|open_1_T2|con_2_T2|agree_2_T2|neuro_2_T2
3/26/25 10:44,3/26/25 10:49,0,100,288,1,3/26/25 10:49,R_1PaQ2TD9sWFIWJP,,,,,anonymous,EN,1,5,1,7,2,7,1,3,4,6,6,1,,,,,,,,,,,,,,,,,,,,,,,,,,,,,,,,,,,,,,,,,180,3,67,5,1,5,2,1,1,5,5,1,6,2,7,1,4,4,6,6,24,2,6,,42,1,3,3,,1,0,Nonstress,,FL_36,Description|neuro_1_T1|neuro_2_T1|open_2_T1|open_1_T1|con_2_T1|agree_1_T1|agree_2_T1|extra_1_T1|con_1_T1|extra_2_T1,Description|agree_2_T2|extra_1_T2|con_2_T2|neuro_2_T2|agree_1_T2|con_1_T2|open_2_T2|extra_2_T2|neuro_1_T2|open_1_T2
3/26/25 10:45,3/26/25 10:49,0,100,190,1,3/26/25 10:49,R_1pbWAi1CCcCMIpC,,,,,anonymous,EN,1,2,5,5,3,5,5,3,3,5,5,1,,,,,,,,,,,,,,,,,,,,,,,,,,,,,,,,,,,,,,,,,180,3,67,5,1,5,2,1,2,2,3,2,2,2,3,2,3,3,3,2,24,1,6,,28,1,3,4,,2,0,Nonstress,,FL_36,Description|con_2_T1|agree_2_T1|open_2_T1|extra_2_T1|neuro_2_T1|open_1_T1|extra_1_T1|con_1_T1|agree_1_T1|neuro_1_T1,Description|agree_1_T2|open_2_T2|con_1_T2|neuro_2_T2|agree_2_T2|con_2_T2|extra_1_T2|extra_2_T2|open_1_T2|neuro_1_T2
3/26/25 10:45,3/26/25 10:49,0,100,234,1,3/26/25 10:49,R_7rZlYLVPHmRcptQ,,,,,anonymous,EN,1,5,3,5,4,7,1,6,5,6,6,1,,,,,,,,,,,,,,,,,,,,,,,,,,,,,,,,,,,,,,,,,220,,67,5,1,5,2,1,3,3,5,3,5,4,7,1,6,6,6,6,24,2,6,,65,1,6,3,,1,0,Nonstress,,FL_36,Description|extra_2_T1|open_1_T1|agree_2_T1|agree_1_T1|neuro_2_T1|neuro_1_T1|con_1_T1|extra_1_T1|open_2_T1|con_2_T1,Description|agree_2_T2|extra_2_T2|neuro_1_T2|open_2_T2|open_1_T2|neuro_2_T2|extra_1_T2|con_2_T2|con_1_T2|agree_1_T2
3/26/25 10:44,3/26/25 10:49,0,100,268,1,3/26/25 10:49,R_6wv0u3v5Eprmh7X,,,,,anonymous,EN,1,6,4,5,2,6,3,7,6,7,5,1,12,27.323,37.4,37.851,4,,7.24,7.24,8.017,1,20,1.802,1.802,5.68,1,,5.267,5.267,7.11,1,2,9.259,12.908,13.801,4,2,5.146,5.83,6.212,2,2,1.318,4.901,5.622,3,2,1.861,2.247,2.842,2,,,,,,,,,4,2,6,5,4,3,5,3,7,6,7,5,24,1,6,,28,1,5,3,,1,0,Stress,0,FL_35,Description|neuro_1_T1|con_2_T1|extra_2_T1|open_1_T1|agree_2_T1|neuro_2_T1|agree_1_T1|extra_1_T1|con_1_T1|open_2_T1,Description|open_2_T2|neuro_1_T2|con_2_T2|agree_2_T2|extra_1_T2|agree_1_T2|open_1_T2|neuro_2_T2|extra_2_T2|con_1_T2
3/26/25 10:42,3/26/25 10:49,0,100,396,1,3/26/25 10:49,R_5PbCL2Sp0kYiF6p,,,,,anonymous,EN,1,5,4,5,5,6,2,6,5,6,7,1,5,13.234,31.757,34.75,2,,0,0,8.106,0,,0,0,9.866,0,,0,0,2.621,0,4,3.576,3.576,5.91,1,2,6.88,6.88,7.106,1,4,6.08,6.08,8.006,1,,0,0,5.008,0,,,,,,,,,3,2,5,5,5,5,6,2,4,5,6,7,24,2,6,,61,1,5,2,,1,1,Stress,1,FL_35,Description|neuro_1_T1|neuro_2_T1|extra_2_T1|open_2_T1|con_2_T1|open_1_T1|con_1_T1|extra_1_T1|agree_2_T1|agree_1_T1,Description|agree_1_T2|neuro_2_T2|con_1_T2|extra_2_T2|open_1_T2|open_2_T2|neuro_1_T2|extra_1_T2|agree_2_T2|con_2_T2
3/26/25 10:42,3/26/25 10:49,0,100,435,1,3/26/25 10:49,R_7cUP6R97xYNEKjL,,,,,anonymous,EN,1,6,7,7,2,7,1,7,3,7,7,1,,,,,,,,,,,,,,,,,,,,,,,,,,,,,,,,,,,,,,,,,180,2,67,17,1,1,2,1,1,5,7,7,7,1,7,1,7,3,7,7,24,2,6,,45,1,3,4,,4,0,Nonstress,,FL_36,Description|open_1_T1|extra_2_T1|con_2_T1|neuro_2_T1|con_1_T1|extra_1_T1|agree_2_T1|open_2_T1|agree_1_T1|neuro_1_T1,Description|neuro_2_T2|con_1_T2|neuro_1_T2|extra_2_T2|open_1_T2|con_2_T2|open_2_T2|extra_1_T2|agree_1_T2|agree_2_T2
3/26/25 10:44,3/26/25 10:49,0,100,306,1,3/26/25 10:49,R_3rHWvEeXf9GxKSe,,,,,anonymous,EN,1,3,6,6,2,6,5,3,5,5,5,1,5,15.385,18.767,32.043,4,,1.76,1.76,8.107,1,20,1.131,1.131,6.138,1,7,2.506,2.506,4.461,1,4,1.6,12.913,13.581,3,4,4.519,4.519,5.11,1,2,0.999,6.427,7.424,2,4,1.642,2.818,3.647,2,,,,,,,,,3,2,3,6,4,5,3,5,3,3,3,3,24,1,6,,25,1,3,2,,1,2,Stress,2,FL_35,Description|open_2_T1|agree_1_T1|neuro_1_T1|con_2_T1|open_1_T1|extra_1_T1|neuro_2_T1|extra_2_T1|agree_2_T1|con_1_T1,Description|open_1_T2|extra_2_T2|agree_1_T2|agree_2_T2|con_2_T2|extra_1_T2|con_1_T2|open_2_T2|neuro_2_T2|neuro_1_T2
3/26/25 10:40,3/26/25 10:49,0,100,506,1,3/26/25 10:49,R_6aKnXqd5p69d2in,,,,,anonymous,EN,1,4,1,4,2,5,4,5,7,6,5,1,,,,,,,,,,,,,,,,,,,,,,,,,,,,,,,,,,,,,,,,,180,3,67,2,1,1,2,1,1,3,4,2,6,3,5,3,6,7,6,5,24,2,6,,49,1,3,2,,4,0,Nonstress,,FL_36,Description|neuro_1_T1|con_1_T1|extra_1_T1|open_2_T1|agree_2_T1|agree_1_T1|open_1_T1|neuro_2_T1|extra_2_T1|con_2_T1,Description|neuro_2_T2|neuro_1_T2|agree_1_T2|con_1_T2|extra_2_T2|con_2_T2|extra_1_T2|open_1_T2|agree_2_T2|open_2_T2
3/26/25 10:40,3/26/25 10:49,0,100,512,1,3/26/25 10:49,R_5YJ97hfjG31Q4CZ,,,,,anonymous,EN,1,5,5,3,3,7,3,7,2,3,6,1,4,30.85,30.85,37.342,1,,0,0,8.007,0,20,5.682,5.682,9.069,1,,0,0,7.106,0,3,7.011,7.011,9.022,1,,0,0,7.006,0,2,6.649,6.649,8.006,1,,0,0,5.014,0,,,,,,,,,3,1,5,7,1,7,5,3,7,2,1,7,24,2,6,,52,1,6,3,,4,1,Stress,1,FL_35,Description|con_2_T1|extra_2_T1|neuro_2_T1|con_1_T1|open_1_T1|neuro_1_T1|agree_1_T1|extra_1_T1|open_2_T1|agree_2_T1,Description|agree_2_T2|con_2_T2|agree_1_T2|open_2_T2|con_1_T2|neuro_2_T2|neuro_1_T2|open_1_T2|extra_2_T2|extra_1_T2
3/26/25 10:43,3/26/25 10:49,0,100,378,1,3/26/25 10:49,R_5QAaGxgpISdeoiy,,,,,anonymous,EN,1,6,2,6,2,6,2,5,5,6,6,1,3,13.048,29.673,35.507,2,,7.965,7.965,8.005,1,30,6.832,6.832,9.517,1,3,4.768,4.768,5.871,1,2,8.828,8.828,10.532,1,,0,0,7.008,0,2,5.449,5.449,7.015,1,2,4.38,4.38,5.107,1,,,,,,,,,2,2,5,6,5,5,6,6,5,5,5,6,24,2,6,,62,1,3,4,,4,0,Stress,0,FL_35,Description|extra_1_T1|neuro_2_T1|open_2_T1|open_1_T1|con_2_T1|agree_2_T1|extra_2_T1|con_1_T1|neuro_1_T1|agree_1_T1,Description|open_1_T2|con_1_T2|con_2_T2|open_2_T2|extra_2_T2|neuro_1_T2|extra_1_T2|agree_2_T2|agree_1_T2|neuro_2_T2
3/26/25 10:44,3/26/25 10:49,0,100,305,1,3/26/25 10:49,R_7R9kD499NR4zAuI,,,,,anonymous,EN,1,4,6,4,3,5,4,6,5,2,5,1,,,,,,,,,,,,,,,,,,,,,,,,,,,,,,,,,,,,,,,,,180,3,67,2,1,1,2,1,1,4,5,5,5,2,5,3,5,5,3,5,24,2,6,,52,1,5,4,,1,0,Nonstress,,FL_36,Description|extra_2_T1|open_2_T1|con_2_T1|open_1_T1|con_1_T1|neuro_1_T1|agree_2_T1|extra_1_T1|neuro_2_T1|agree_1_T1,Description|extra_1_T2|extra_2_T2|agree_2_T2|open_1_T2|agree_1_T2|con_1_T2|neuro_2_T2|con_2_T2|open_2_T2|neuro_1_T2
3/26/25 10:46,3/26/25 10:50,0,100,185,1,3/26/25 10:50,R_7U4lzNiVP7Sl8co,,,,,anonymous,EN,1,5,5,4,2,7,1,3,2,5,7,1,,,,,,,,,,,,,,,,,,,,,,,,,,,,,,,,,,,,,,,,,180,3,67,17,1,5,2,1,2,3,6,5,4,4,7,1,3,3,5,7,24,1,6,,36,1,6,4,,1,0,Nonstress,,FL_36,Description|open_1_T1|extra_1_T1|agree_2_T1|open_2_T1|con_1_T1|agree_1_T1|neuro_1_T1|neuro_2_T1|extra_2_T1|con_2_T1,Description|extra_1_T2|agree_2_T2|con_2_T2|extra_2_T2|con_1_T2|open_2_T2|agree_1_T2|open_1_T2|neuro_1_T2|neuro_2_T2
3/26/25 10:45,3/26/25 10:50,0,100,292,1,3/26/25 10:50,R_1j9xHZLj2JMJ6oK,,,,,anonymous,EN,1,5,1,4,7,4,4,4,4,7,7,1,,,,,,,,,,,,,,,,,,,,,,,,,,,,,,,,,,,,,,,,,180,3,67,2,1,5,2,1,4,2,4,1,3,7,4,4,4,4,7,7,24,2,6,,36,1,6,3,,4,0,Nonstress,,FL_36,Description|con_2_T1|agree_1_T1|open_1_T1|neuro_1_T1|agree_2_T1|open_2_T1|neuro_2_T1|con_1_T1|extra_2_T1|extra_1_T1,Description|con_2_T2|agree_2_T2|extra_2_T2|extra_1_T2|neuro_1_T2|open_2_T2|neuro_2_T2|con_1_T2|open_1_T2|agree_1_T2
3/26/25 10:44,3/26/25 10:50,0,100,369,1,3/26/25 10:50,R_7zWKLngOw4aYVXz,,,,,anonymous,EN,1,3,6,5,4,7,2,6,6,5,4,1,,,,,,,,,,,,,,,,,,,,,,,,,,,,,,,,,,,,,,,,,180,3,67,17,1,1,2,1,3,2,3,7,5,5,7,2,6,4,5,4,24,2,6,,30,1,3,2,,1,0,Nonstress,,FL_36,Description|agree_1_T1|extra_1_T1|neuro_2_T1|open_2_T1|open_1_T1|agree_2_T1|neuro_1_T1|con_2_T1|con_1_T1|extra_2_T1,Description|agree_2_T2|con_1_T2|open_2_T2|con_2_T2|extra_2_T2|open_1_T2|neuro_2_T2|neuro_1_T2|agree_1_T2|extra_1_T2
3/26/25 10:44,3/26/25 10:50,0,100,322,1,3/26/25 10:50,R_3rpHnJNFyIUt0WZ,,,,,anonymous,EN,1,4,4,4,4,6,1,7,7,6,6,1,,,,,,,,,,,,,,,,,,,,,,,,,,,,,,,,,,,,,,,,,150,2,67,2,1,1,2,1,2,4,4,4,7,4,7,1,7,7,7,7,24,2,2,,52,1,5,4,,2,0,Nonstress,,FL_36,Description|neuro_1_T1|neuro_2_T1|agree_1_T1|extra_1_T1|con_2_T1|con_1_T1|open_1_T1|open_2_T1|extra_2_T1|agree_2_T1,Description|extra_1_T2|neuro_2_T2|agree_1_T2|extra_2_T2|agree_2_T2|open_1_T2|open_2_T2|neuro_1_T2|con_1_T2|con_2_T2
3/26/25 10:45,3/26/25 10:50,0,100,277,1,3/26/25 10:50,R_5CfjBcyrwZSYogI,,,,,anonymous,EN,1,2,4,5,1,4,6,3,6,5,4,1,,,,,,,,,,,,,,,,,,,,,,,,,,,,,,,,,,,,,,,,,180,3,67,17,1,5,2,1,1,3,3,4,4,1,4,6,3,6,5,4,24,2,6,,30,1,4,3,,1,0,Nonstress,,FL_36,Description|con_1_T1|open_1_T1|agree_2_T1|neuro_1_T1|con_2_T1|agree_1_T1|neuro_2_T1|open_2_T1|extra_1_T1|extra_2_T1,Description|extra_2_T2|open_1_T2|con_1_T2|open_2_T2|agree_2_T2|neuro_2_T2|agree_1_T2|con_2_T2|extra_1_T2|neuro_1_T2
3/26/25 10:45,3/26/25 10:50,0,100,306,1,3/26/25 10:50,R_5MLJnEfuAjM6MXN,,,,,anonymous,EN,1,4,4,2,5,5,3,3,6,3,3,1,,,,,,,,,,,,,,,,,,,,,,,,,,,,,,,,,,,,,,,,,180,2,67,17,1,5,2,1,2,4,3,4,3,5,5,3,3,6,3,3,24,2,6,,23,1,4,3,,2,0,Nonstress,,FL_36,Description|open_1_T1|agree_2_T1|con_1_T1|con_2_T1|agree_1_T1|neuro_1_T1|extra_2_T1|open_2_T1|neuro_2_T1|extra_1_T1,Description|extra_1_T2|open_1_T2|open_2_T2|agree_2_T2|agree_1_T2|neuro_1_T2|neuro_2_T2|con_2_T2|extra_2_T2|con_1_T2
3/26/25 10:46,3/26/25 10:50,0,100,253,1,3/26/25 10:50,R_7QJUQqUfr4VIymO,,,,,anonymous,EN,1,2,4,1,6,5,5,4,1,3,4,1,4,0.921,0.921,39.821,1,,2.91,2.91,7.997,1,20,5.101,5.101,6.637,1,,0.939,0.939,7.103,1,2,13.069,13.069,14.157,1,5,1.092,6.75,7.107,6,2,1.538,6.195,7.025,6,2,3.458,3.458,4.143,1,,,,,,,,,5,1,2,4,1,6,6,5,4,1,3,2,24,1,6,,20,1,2,3,,3,1,Stress,1,FL_35,Description|agree_1_T1|neuro_2_T1|extra_2_T1|agree_2_T1|neuro_1_T1|open_1_T1|extra_1_T1|con_1_T1|open_2_T1|con_2_T1,Description|extra_1_T2|open_2_T2|agree_2_T2|agree_1_T2|con_2_T2|neuro_2_T2|neuro_1_T2|open_1_T2|con_1_T2|extra_2_T2
3/26/25 10:41,3/26/25 10:50,0,100,530,1,3/26/25 10:50,R_5oMya72EZy8slLX,,,,,anonymous,EN,1,7,2,7,2,7,1,6,7,7,7,1,,,,,,,,,,,,,,,,,,,,,,,,,,,,,,,,,,,,,,,,,4,2,67,8,1,5,2,1,1,2,6,3,7,6,7,1,7,7,5,5,24,2,2,,64,1,6,4,,4,0,Nonstress,,FL_36,Description|extra_2_T1|open_1_T1|con_2_T1|open_2_T1|agree_2_T1|con_1_T1|extra_1_T1|neuro_1_T1|neuro_2_T1|agree_1_T1,Description|neuro_1_T2|neuro_2_T2|con_2_T2|agree_2_T2|con_1_T2|extra_1_T2|agree_1_T2|open_2_T2|open_1_T2|extra_2_T2
3/26/25 10:46,3/26/25 10:50,0,100,242,1,3/26/25 10:50,R_7pnni1SCJYbDxTW,,,,,anonymous,EN,1,5,7,6,4,6,2,4,4,5,5,1,9,28.971,28.971,34.328,1,,6.279,6.279,8.011,1,20,1.103,1.103,7.325,1,0,5.047,5.047,6.602,1,2,9.618,9.618,10.722,1,4,5.592,5.592,6.6,1,4,6.416,6.416,8.112,1,,0,0,5.011,0,,,,,,,,,2,2,5,7,6,5,5,2,4,2,5,4,24,2,6,,52,1,3,3,,2,0,Stress,0,FL_35,Description|neuro_2_T1|open_2_T1|neuro_1_T1|con_2_T1|con_1_T1|extra_1_T1|agree_2_T1|agree_1_T1|open_1_T1|extra_2_T1,Description|extra_2_T2|agree_2_T2|con_2_T2|open_2_T2|neuro_2_T2|extra_1_T2|agree_1_T2|neuro_1_T2|con_1_T2|open_1_T2
3/26/25 10:47,3/26/25 10:50,0,100,175,1,3/26/25 10:50,R_6r2rnMmIbLCpIfr,,,,,anonymous,EN,1,4,4,6,4,6,1,4,6,4,5,1,,,,,,,,,,,,,,,,,,,,,,,,,,,,,,,,,,,,,,,,,180,3,67,17,1,5,2,1,1,3,4,4,6,4,7,1,4,4,4,4,24,2,6,,48,1,2,6,,1,0,Nonstress,,FL_36,Description|neuro_2_T1|neuro_1_T1|open_1_T1|extra_2_T1|agree_2_T1|agree_1_T1|extra_1_T1|con_2_T1|open_2_T1|con_1_T1,Description|open_1_T2|agree_1_T2|con_1_T2|con_2_T2|extra_2_T2|open_2_T2|agree_2_T2|neuro_1_T2|extra_1_T2|neuro_2_T2
3/26/25 10:46,3/26/25 10:50,0,100,224,1,3/26/25 10:50,R_3efzE2Ln8o9Kzc2,,,,,anonymous,EN,1,2,6,3,5,5,4,3,3,2,6,1,,,,,,,,,,,,,,,,,,,,,,,,,,,,,,,,,,,,,,,,,180,3,67,17,1,5,2,1,2,2,4,6,2,6,5,5,3,3,4,5,24,1,6,,34,1,5,3,,4,0,Nonstress,,FL_36,Description|agree_1_T1|extra_1_T1|neuro_2_T1|con_2_T1|neuro_1_T1|open_2_T1|extra_2_T1|agree_2_T1|con_1_T1|open_1_T1,Description|neuro_1_T2|open_2_T2|con_2_T2|con_1_T2|extra_1_T2|neuro_2_T2|open_1_T2|extra_2_T2|agree_2_T2|agree_1_T2
3/26/25 10:44,3/26/25 10:50,0,100,385,1,3/26/25 10:50,R_6vdIqaxLlwh9f2W,,,,,anonymous,EN,1,4,4,6,2,5,2,5,6,7,5,1,3.75,8.185,25.945,34.365,3,,2.525,3.174,8.114,2,,2.669,10.764,11.008,4,,1.662,2.068,7.004,2,2,6.978,13.154,17.005,3,4,1.378,6.41,7.012,3,,2.919,3.325,8.107,2,3,3.592,3.592,5.004,1,,,,,,,,,5,1,3,5,3,6,2,4,2,4,2,4,24,2,2,,40,1,3,5,,3,0,Stress,0,FL_35,Description|neuro_2_T1|neuro_1_T1|agree_2_T1|extra_1_T1|agree_1_T1|con_1_T1|con_2_T1|extra_2_T1|open_1_T1|open_2_T1,Description|agree_1_T2|neuro_2_T2|open_2_T2|agree_2_T2|con_1_T2|neuro_1_T2|open_1_T2|con_2_T2|extra_2_T2|extra_1_T2
3/26/25 10:45,3/26/25 10:50,0,100,339,1,3/26/25 10:50,R_5TNmkNfPXCeB4TG,,,,,anonymous,EN,1,3,2,2,5,5,6,3,5,5,6,1,20,10.391,10.391,25.008,1,,0,0,8.105,0,,1.704,1.704,11.006,1,1,4.226,4.226,6.827,1,2,5.428,5.428,8.41,1,4,4.195,4.195,5.8,1,2,5.937,5.937,8.004,1,2,2.312,2.312,3.38,1,,,,,,,,,4,1,3,5,2,6,3,6,3,3,5,5,24,2,6,,34,1,4,4,,3,0,Stress,0,FL_35,Description|agree_2_T1|extra_2_T1|open_1_T1|open_2_T1|neuro_2_T1|neuro_1_T1|con_1_T1|agree_1_T1|con_2_T1|extra_1_T1,Description|con_2_T2|open_2_T2|neuro_2_T2|extra_2_T2|neuro_1_T2|extra_1_T2|agree_2_T2|agree_1_T2|open_1_T2|con_1_T2
3/26/25 10:46,3/26/25 10:50,0,100,234,1,3/26/25 10:50,R_7egfTq0qujAL2nf,,,,,anonymous,EN,1,4,3,7,5,5,3,6,5,5,7,1,15,15.336,15.336,17.23,1,,7.024,7.024,8.003,1,12,3.641,3.641,5.295,1,,0,0,6.7,0,1,9.386,9.386,10.588,1,3,4.873,4.873,5.793,1,2,3.658,3.658,4.587,1,2,4.452,4.452,5.002,1,,,,,,,,,1,2,4,3,7,5,5,3,6,5,5,7,24,2,6,,42,1,5,4,,1,2,Stress,2,FL_35,Description|open_2_T1|con_2_T1|con_1_T1|extra_1_T1|neuro_2_T1|neuro_1_T1|open_1_T1|agree_2_T1|agree_1_T1|extra_2_T1,Description|agree_1_T2|neuro_2_T2|agree_2_T2|neuro_1_T2|extra_2_T2|extra_1_T2|open_1_T2|con_2_T2|con_1_T2|open_2_T2
3/26/25 10:46,3/26/25 10:50,0,100,233,1,3/26/25 10:50,R_6NmJIJwtP4qSlPP,,,,,anonymous,EN,1,6,5,5,3,6,1,6,7,5,6,1,,,,,,,,,,,,,,,,,,,,,,,,,,,,,,,,,,,,,,,,,180,3,68,17,1,3,2,1,1,5,5,5,6,2,6,1,6,7,6,6,24,1,6,,28,1,2,4,,1,0,Nonstress,,FL_36,Description|con_1_T1|extra_2_T1|con_2_T1|agree_1_T1|open_1_T1|open_2_T1|extra_1_T1|neuro_2_T1|agree_2_T1|neuro_1_T1,Description|open_2_T2|extra_1_T2|agree_1_T2|con_2_T2|agree_2_T2|con_1_T2|open_1_T2|neuro_2_T2|extra_2_T2|neuro_1_T2
3/26/25 10:45,3/26/25 10:50,0,100,347,1,3/26/25 10:50,R_7zeETSUSF6SAE0N,,,,,anonymous,EN,1,4,4,6,2,5,3,7,7,5,5,1,3,11.579,38.957,40.222,2,,0,0,8.009,0,,2.943,2.943,11.008,1,,0,0,7.009,0,3,12.44,12.44,17.01,1,,0,0,7.109,0,3,5.687,5.687,8.011,1,2,3.193,3.193,5.009,1,,,,,,,,,2,3,4,4,6,4,5,4,7,7,4,4,24,2,1,,38,1,2,5,,1,0,Stress,0,FL_35,Description|con_1_T1|open_2_T1|open_1_T1|neuro_2_T1|agree_1_T1|neuro_1_T1|con_2_T1|agree_2_T1|extra_2_T1|extra_1_T1,Description|agree_1_T2|open_1_T2|extra_2_T2|con_1_T2|open_2_T2|agree_2_T2|con_2_T2|extra_1_T2|neuro_1_T2|neuro_2_T2
3/26/25 10:46,3/26/25 10:51,0,100,266,1,3/26/25 10:51,R_5hX7wDsCowr89od,,,,,anonymous,EN,1,4,5,4,4,4,4,4,4,4,4,1,,,,,,,,,,,,,,,,,,,,,,,,,,,,,,,,,,,,,,,,,180,3,67,5,1,5,2,1,1,3,4,4,6,4,4,4,4,4,4,4,24,2,1,,32,2,3,4,,1,0,Nonstress,,FL_36,Description|neuro_1_T1|extra_1_T1|con_1_T1|agree_1_T1|con_2_T1|agree_2_T1|open_2_T1|open_1_T1|neuro_2_T1|extra_2_T1,Description|open_2_T2|con_1_T2|extra_1_T2|agree_1_T2|extra_2_T2|neuro_1_T2|open_1_T2|agree_2_T2|neuro_2_T2|con_2_T2
3/26/25 10:46,3/26/25 10:51,0,100,299,1,3/26/25 10:51,R_35T2uF1HRkUbTKF,,,,,anonymous,EN,1,5,4,5,5,4,3,5,6,6,7,1,,,,,,,,,,,,,,,,,,,,,,,,,,,,,,,,,,,,,,,,,180,3,67,2,1,5,2,1,1,5,5,5,5,3,5,3,5,5,5,6,24,2,6,,52,1,3,4,,2,0,Nonstress,,FL_36,Description|agree_2_T1|extra_2_T1|con_1_T1|extra_1_T1|open_2_T1|open_1_T1|neuro_1_T1|agree_1_T1|con_2_T1|neuro_2_T1,Description|con_1_T2|con_2_T2|open_1_T2|neuro_1_T2|agree_2_T2|open_2_T2|agree_1_T2|extra_2_T2|neuro_2_T2|extra_1_T2
3/26/25 10:47,3/26/25 10:51,0,100,216,1,3/26/25 10:51,R_33pxvMZvceUmE3R,,,,,anonymous,EN,1,6,4,6,2,6,2,6,6,6,5,1,15,1.633,26.412,26.759,3,0.05,2.522,5.325,6.388,2,,7.16,7.16,11.112,1,,0,0,7.026,0,2,11.383,13.434,13.788,3,5,2.824,5.458,5.78,4,2,2.311,3.713,4.442,2,2,2.034,3.611,4.046,3,,,,,,,,,2,2,6,4,6,5,6,2,6,3,6,6,24,1,6,,27,1,3,10,,1,0,Stress,0,FL_35,Description|extra_1_T1|con_2_T1|neuro_2_T1|agree_1_T1|extra_2_T1|open_2_T1|neuro_1_T1|con_1_T1|open_1_T1|agree_2_T1,Description|neuro_2_T2|agree_2_T2|extra_1_T2|neuro_1_T2|con_1_T2|open_2_T2|con_2_T2|extra_2_T2|open_1_T2|agree_1_T2
3/26/25 10:48,3/26/25 10:51,0,100,157,1,3/26/25 10:51,R_5ALdSmjJahU2tfH,,,,,anonymous,EN,1,3,2,3,5,6,6,5,7,6,6,1,,,,,,,,,,,,,,,,,,,,,,,,,,,,,,,,,,,,,,,,,180,2,67,17,1,5,2,1,3,4,3,5,4,5,6,5,5,5,5,6,24,1,6,,31,1,4,10,,1,0,Nonstress,,FL_36,Description|agree_2_T1|neuro_1_T1|extra_1_T1|extra_2_T1|agree_1_T1|open_2_T1|neuro_2_T1|con_2_T1|open_1_T1|con_1_T1,Description|extra_1_T2|extra_2_T2|open_1_T2|agree_2_T2|con_1_T2|agree_1_T2|open_2_T2|neuro_1_T2|con_2_T2|neuro_2_T2
3/26/25 10:48,3/26/25 10:51,0,100,172,1,3/26/25 10:51,R_5fftJ1QYsronH0r,,,,,anonymous,EN,1,2,7,1,7,4,3,4,2,5,7,1,,,,,,,,,,,,,,,,,,,,,,,,,,,,,,,,,,,,,,,,,180,3,67,17,1,5,2,1,3,2,3,7,1,7,5,3,4,1,5,7,24,2,1,,43,1,2,4,,4,0,Nonstress,,FL_36,Description|agree_1_T1|open_2_T1|con_1_T1|agree_2_T1|neuro_1_T1|open_1_T1|con_2_T1|extra_2_T1|extra_1_T1|neuro_2_T1,Description|open_1_T2|con_2_T2|extra_2_T2|open_2_T2|neuro_1_T2|agree_2_T2|agree_1_T2|neuro_2_T2|extra_1_T2|con_1_T2
3/26/25 10:43,3/26/25 10:51,0,100,459,1,3/26/25 10:51,R_1rDsC3QBC7pWQ23,,,,,anonymous,EN,1,5,5,6,2,6,2,6,6,5,5,1,2,17.188,20.061,31.128,2,,7.42,7.42,8.123,1,20,8.895,8.895,11.021,1,,0,0,7.015,0,1,16.562,16.562,17.023,1,,0,0,7.008,0,4,7.578,7.578,8.023,1,2,4.225,4.225,5.021,1,,,,,,,,,2,3,5,6,6,3,6,2,6,6,5,5,24,2,6,,56,1,3,3,,2,0,Stress,0,FL_35,Description|neuro_2_T1|neuro_1_T1|open_1_T1|agree_1_T1|agree_2_T1|con_1_T1|con_2_T1|extra_1_T1|extra_2_T1|open_2_T1,Description|agree_1_T2|agree_2_T2|neuro_1_T2|neuro_2_T2|extra_2_T2|open_2_T2|extra_1_T2|open_1_T2|con_1_T2|con_2_T2
3/26/25 10:44,3/26/25 10:51,0,100,432,1,3/26/25 10:51,R_6qJz755VNMt7uMx,,,,,anonymous,EN,1,4,3,4,5,5,4,4,6,5,4,1,2.4,32.768,32.768,40.299,1,,0,0,8.014,0,20,4.859,4.859,7.519,1,,0,0,7.005,0,,0,0,17.112,0,2,5.372,5.372,7.108,1,5,7.176,7.176,8.113,1,2,3.768,3.768,5.011,1,,,,,,,,,2,2,4,3,4,5,6,4,5,6,5,4,24,2,6,,46,1,3,2,,3,1,Stress,1,FL_35,Description|con_1_T1|neuro_2_T1|open_2_T1|agree_1_T1|open_1_T1|neuro_1_T1|extra_2_T1|con_2_T1|extra_1_T1|agree_2_T1,Description|extra_2_T2|agree_2_T2|neuro_2_T2|open_1_T2|agree_1_T2|neuro_1_T2|open_2_T2|extra_1_T2|con_1_T2|con_2_T2
3/26/25 10:48,3/26/25 10:51,0,100,206,1,3/26/25 10:51,R_5dzWeXCOPayUBjx,,,,,anonymous,EN,1,4,7,2,2,6,1,2,2,7,7,1,,,,,,,,,,,,,,,,,,,,,,,,,,,,,,,,,,,,,,,,,180,3,67,17,1,5,2,1,1,4,4,7,2,2,7,1,3,2,7,7,24,2,6,,46,1,5,6,,1,0,Nonstress,,FL_36,Description|con_1_T1|extra_2_T1|neuro_1_T1|agree_1_T1|agree_2_T1|open_1_T1|con_2_T1|extra_1_T1|neuro_2_T1|open_2_T1,Description|con_2_T2|extra_1_T2|neuro_1_T2|open_2_T2|extra_2_T2|agree_1_T2|neuro_2_T2|open_1_T2|con_1_T2|agree_2_T2
3/26/25 10:45,3/26/25 10:51,0,100,383,1,3/26/25 10:51,R_6sPEzI80C8LXdfz,,,,,anonymous,EN,1,2,7,2,6,5,1,3,3,5,6,1,0.29,35.668,35.668,43.795,1,,0,0,8.003,0,20,1.473,1.473,8.899,1,,0,0,7.104,0,2,9.333,11.092,12.481,2,4,4.905,4.905,6.142,1,3,3.962,4.529,5.788,2,3,2.729,2.729,4.924,1,,,,,,,,,5,1,3,6,2,6,3,2,3,3,5,5,24,1,1,,30,1,5,4,,2,0,Stress,0,FL_35,Description|neuro_2_T1|agree_1_T1|open_2_T1|open_1_T1|neuro_1_T1|agree_2_T1|extra_1_T1|con_2_T1|extra_2_T1|con_1_T1,Description|agree_1_T2|neuro_1_T2|open_1_T2|agree_2_T2|open_2_T2|con_2_T2|con_1_T2|neuro_2_T2|extra_2_T2|extra_1_T2
3/26/25 10:45,3/26/25 10:51,0,100,396,1,3/26/25 10:51,R_6tKeAOv23D65VPX,,,,,anonymous,EN,1,5,5,5,2,5,4,6,5,6,7,1,,,,,,,,,,,,,,,,,,,,,,,,,,,,,,,,,,,,,,,,,180,3,67,0,1,5,2,1,1,3,6,5,5,2,5,2,6,5,4,6,24,1,6,,28,1,4,3,,1,0,Nonstress,,FL_36,Description|agree_2_T1|neuro_1_T1|open_1_T1|agree_1_T1|open_2_T1|con_2_T1|extra_1_T1|neuro_2_T1|extra_2_T1|con_1_T1,Description|neuro_2_T2|open_1_T2|open_2_T2|con_1_T2|agree_1_T2|con_2_T2|extra_1_T2|extra_2_T2|neuro_1_T2|agree_2_T2
3/26/25 10:48,3/26/25 10:52,0,100,213,1,3/26/25 10:52,R_5KkaJLwihFHOyVt,,,,,anonymous,EN,1,5,6,4,5,5,3,3,3,4,6,1,,,,,,,,,,,,,,,,,,,,,,,,,,,,,,,,,,,,,,,,,10,0,67,7,1,5,2,1,2,3,5,5,3,6,6,3,3,3,6,6,24,1,6,,41,2,3,11,,1,0,Nonstress,,FL_36,Description|neuro_2_T1|extra_1_T1|neuro_1_T1|con_1_T1|open_2_T1|open_1_T1|con_2_T1|agree_1_T1|extra_2_T1|agree_2_T1,Description|open_1_T2|neuro_2_T2|extra_2_T2|agree_2_T2|neuro_1_T2|open_2_T2|extra_1_T2|agree_1_T2|con_1_T2|con_2_T2
3/26/25 10:43,3/26/25 10:52,0,100,554,1,3/26/25 10:52,R_1g6dEukrE1Ayc8k,,,,,anonymous,EN,1,6,3,6,2,6,3,4,5,7,7,1,13,29.196,33.193,34.102,2,10,3.906,3.906,7.865,1,15,2.156,2.156,7.804,1,10,5.394,5.417,6.3,2,2,10.148,10.148,11.941,1,3,6.332,6.332,7.11,1,2,6.515,6.515,7.651,1,2,2.525,2.525,3.412,1,,,,,,,,,2,3,6,3,6,2,6,3,4,5,7,7,24,1,6,,45,1,3,4,,1,1,Stress,1,FL_35,Description|neuro_1_T1|con_1_T1|agree_1_T1|extra_1_T1|agree_2_T1|open_1_T1|neuro_2_T1|open_2_T1|extra_2_T1|con_2_T1,Description|neuro_1_T2|agree_2_T2|agree_1_T2|extra_2_T2|open_1_T2|con_1_T2|extra_1_T2|neuro_2_T2|open_2_T2|con_2_T2
3/26/25 10:50,3/26/25 10:52,0,100,138,1,3/26/25 10:52,R_1nGB87rkosIcIL3,,,,,anonymous,EN,1,5,2,1,2,6,5,6,5,3,3,1,,,,,,,,,,,,,,,,,,,,,,,,,,,,,,,,,,,,,,,,,140,2,67,17,1,5,2,1,3,2,1,5,2,6,2,6,5,2,2,6,24,1,3,,29,1,1,4,,1,0,Nonstress,,FL_36,Description|neuro_1_T1|agree_1_T1|neuro_2_T1|con_1_T1|extra_2_T1|extra_1_T1|open_2_T1|agree_2_T1|open_1_T1|con_2_T1,Description|neuro_2_T2|con_2_T2|neuro_1_T2|agree_1_T2|open_1_T2|extra_1_T2|extra_2_T2|agree_2_T2|open_2_T2|con_1_T2
3/26/25 10:45,3/26/25 10:52,0,100,407,1,3/26/25 10:52,R_6z6fVEVpUzZqIE2,,,,,anonymous,EN,1,4,5,5,2,6,3,3,4,6,7,1,1,35.873,39.004,41.254,5,,1.192,1.192,8.014,1,20,3.69,6.673,9.942,5,,1.522,1.522,7.022,2,2,3.282,14.933,17.014,5,5,5.759,6.975,7.113,2,3,1.663,6.748,8.014,2,2,3.146,4.08,4.963,2,,,,,,,,,5,1,5,6,5,5,7,3,3,2,6,7,24,1,6,,23,1,2,4,,1,0,Stress,0,FL_35,Description|neuro_1_T1|neuro_2_T1|agree_2_T1|extra_2_T1|con_1_T1|open_2_T1|open_1_T1|agree_1_T1|extra_1_T1|con_2_T1,Description|con_2_T2|con_1_T2|extra_2_T2|neuro_2_T2|extra_1_T2|agree_2_T2|neuro_1_T2|agree_1_T2|open_1_T2|open_2_T2
3/26/25 10:43,3/26/25 10:52,0,100,508,1,3/26/25 10:52,R_3CKFxMnZaegzsCF,,,,,anonymous,EN,1,3,6,3,3,6,5,5,3,5,5,1,,,,,,,,,,,,,,,,,,,,,,,,,,,,,,,,,,,,,,,,,180,3,66,20,1,5,2,1,3,4,3,5,3,5,6,2,5,3,6,6,24,1,6,,51,1,3,4,,2,0,Nonstress,,FL_36,Description|extra_1_T1|neuro_1_T1|con_2_T1|open_1_T1|extra_2_T1|agree_2_T1|agree_1_T1|neuro_2_T1|con_1_T1|open_2_T1,Description|agree_1_T2|neuro_2_T2|extra_2_T2|open_1_T2|con_1_T2|open_2_T2|neuro_1_T2|extra_1_T2|con_2_T2|agree_2_T2
3/26/25 10:45,3/26/25 10:52,0,100,435,1,3/26/25 10:52,R_6ml2wZLWlP1uLzi,,,,,anonymous,EN,1,4,5,4,5,5,4,3,3,5,5,1,4,16.039,16.039,44.114,1,,4.981,4.981,8.011,1,30,1.726,1.726,11.014,1,2,5.848,5.848,7.111,1,2,10.831,10.831,17.112,1,3,6.529,6.529,7.112,1,2,6.898,6.898,8.014,1,2,4.542,4.728,5.01,2,,,,,,,,,2,2,4,5,4,5,5,4,3,3,5,5,24,1,1,,56,1,5,3,,2,3,Stress,3,FL_35,Description|agree_1_T1|con_1_T1|neuro_2_T1|neuro_1_T1|agree_2_T1|extra_1_T1|open_2_T1|con_2_T1|open_1_T1|extra_2_T1,Description|extra_1_T2|con_1_T2|open_1_T2|neuro_2_T2|agree_1_T2|agree_2_T2|neuro_1_T2|extra_2_T2|open_2_T2|con_2_T2
3/26/25 10:46,3/26/25 10:52,0,100,375,1,3/26/25 10:52,R_7LiCVVu59uAU1Fv,,,,,anonymous,EN,1,5,6,5,3,3,2,5,4,5,7,1,,,,,,,,,,,,,,,,,,,,,,,,,,,,,,,,,,,,,,,,,180,2,67,0,1,5,2,1,1,4,5,5,4,3,3,2,5,5,4,7,24,2,6,,51,1,2,7,,1,0,Nonstress,,FL_36,Description|neuro_2_T1|extra_2_T1|agree_1_T1|extra_1_T1|agree_2_T1|open_2_T1|con_1_T1|open_1_T1|con_2_T1|neuro_1_T1,Description|con_1_T2|extra_2_T2|con_2_T2|open_2_T2|agree_2_T2|neuro_1_T2|extra_1_T2|open_1_T2|neuro_2_T2|agree_1_T2
3/26/25 10:47,3/26/25 10:52,0,100,332,1,3/26/25 10:52,R_6myp9AN3Y8TQv5B,,,,,anonymous,EN,1,5,5,2,5,5,2,6,3,7,7,1,,,,,,,,,,,,,,,,,,,,,,,,,,,,,,,,,,,,,,,,,180,3,67,17,1,5,2,1,1,2,5,5,2,3,5,3,5,5,7,6,24,1,6,,25,1,6,4,,1,0,Nonstress,,FL_36,Description|open_1_T1|open_2_T1|neuro_2_T1|extra_2_T1|con_2_T1|con_1_T1|agree_1_T1|agree_2_T1|extra_1_T1|neuro_1_T1,Description|extra_1_T2|neuro_2_T2|open_1_T2|con_2_T2|extra_2_T2|neuro_1_T2|con_1_T2|open_2_T2|agree_1_T2|agree_2_T2
3/26/25 10:48,3/26/25 10:52,0,100,245,1,3/26/25 10:52,R_5CTEYU1XHqNBJHx,,,,,anonymous,EN,1,3,6,3,2,6,3,6,1,2,6,1,5,5.761,5.761,34.691,1,,6.992,6.992,8.11,1,14,8.121,8.121,8.701,1,,0,0,6.96,0,3,8.977,10.074,10.98,2,5,4.247,4.247,4.813,1,2,6.889,6.889,8.013,1,2,3.16,3.16,4.006,1,,,,,,,,,4,2,5,5,2,7,6,6,6,1,2,2,24,1,6,,32,1,3,3,,1,0,Stress,0,FL_35,Description|open_1_T1|extra_2_T1|agree_2_T1|con_1_T1|open_2_T1|neuro_1_T1|agree_1_T1|extra_1_T1|con_2_T1|neuro_2_T1,Description|neuro_2_T2|agree_2_T2|extra_1_T2|con_1_T2|agree_1_T2|open_1_T2|neuro_1_T2|con_2_T2|open_2_T2|extra_2_T2
3/26/25 10:45,3/26/25 10:52,0,100,437,1,3/26/25 10:52,R_7X0tBoXn6Zey5SW,,,,,anonymous,EN,1,7,1,2,1,7,1,7,7,4,4,1,1,30.132,30.132,44.005,1,,0,0,8.006,0,30,5.898,5.898,11.006,1,,0,0,7.004,0,2,6.238,16.387,17.109,3,2,6.89,6.89,7.01,1,2,4.589,4.589,8.005,1,2,3.469,3.469,5.006,1,,,,,,,,,3,3,7,1,1,1,7,1,7,7,3,4,24,1,2,,50,1,4,4,,2,0,Stress,0,FL_35,Description|neuro_1_T1|open_1_T1|agree_2_T1|neuro_2_T1|extra_2_T1|open_2_T1|extra_1_T1|con_2_T1|agree_1_T1|con_1_T1,Description|neuro_1_T2|con_1_T2|open_1_T2|agree_2_T2|extra_1_T2|open_2_T2|extra_2_T2|neuro_2_T2|con_2_T2|agree_1_T2
3/26/25 10:46,3/26/25 10:52,0,100,366,1,3/26/25 10:52,R_6SpMlZR7qaJK3eI,,,,,anonymous,EN,1,4,6,5,3,4,4,4,4,5,5,1,3,33.769,33.769,40.256,1,1,5.329,5.329,8.011,1,,1.27,1.27,11.113,1,8,1.071,1.071,4.817,1,5,8.739,8.739,10.315,1,3,4.592,4.592,5.499,1,2,3.814,6.592,7.084,2,2,3.193,3.193,5.013,1,,,,,,,,,1,1,4,6,5,3,3,4,4,4,5,5,24,1,6,,50,1,5,3,,1,1,Stress,1,FL_35,Description|extra_2_T1|agree_2_T1|extra_1_T1|neuro_2_T1|open_2_T1|con_2_T1|neuro_1_T1|open_1_T1|agree_1_T1|con_1_T1,Description|open_1_T2|extra_2_T2|con_2_T2|neuro_2_T2|extra_1_T2|con_1_T2|neuro_1_T2|open_2_T2|agree_2_T2|agree_1_T2
3/26/25 10:43,3/26/25 10:52,0,100,562,1,3/26/25 10:52,R_7Ldr7ZGFthn3R14,,,,,anonymous,EN,1,3,7,7,1,7,1,5,6,5,5,1,,,,,,,,,,,,,,,,,,,,,,,,,,,,,,,,,,,,,,,,,180,3,67,17,1,5,2,1,1,5,3,6,7,1,7,1,7,7,6,5,24,1,2,,30,1,3,4,,2,0,Nonstress,,FL_36,Description|neuro_1_T1|extra_2_T1|agree_2_T1|agree_1_T1|con_1_T1|neuro_2_T1|con_2_T1|open_1_T1|extra_1_T1|open_2_T1,Description|agree_2_T2|open_2_T2|agree_1_T2|neuro_1_T2|extra_1_T2|con_2_T2|neuro_2_T2|open_1_T2|con_1_T2|extra_2_T2
3/26/25 10:49,3/26/25 10:53,0,100,199,1,3/26/25 10:53,R_7NsK2CAc7bNBs7o,,,,,anonymous,EN,1,4,2,4,4,5,3,5,5,5,7,1,,,,,,,,,,,,,,,,,,,,,,,,,,,,,,,,,,,,,,,,,180,3,67,17,1,5,2,1,2,3,5,2,4,4,5,2,6,6,6,7,24,1,6,,23,1,2,4,,3,0,Nonstress,,FL_36,Description|extra_1_T1|open_1_T1|con_2_T1|con_1_T1|neuro_2_T1|agree_1_T1|extra_2_T1|agree_2_T1|open_2_T1|neuro_1_T1,Description|open_1_T2|con_1_T2|extra_1_T2|open_2_T2|neuro_2_T2|agree_2_T2|extra_2_T2|agree_1_T2|neuro_1_T2|con_2_T2
3/26/25 10:47,3/26/25 10:53,0,100,322,1,3/26/25 10:53,R_6myMt9Un3cBhjSm,,,,,anonymous,EN,1,5,6,4,4,6,2,3,5,3,6,1,,,,,,,,,,,,,,,,,,,,,,,,,,,,,,,,,,,,,,,,,180,3,67,17,1,5,2,1,1,5,5,6,5,1,6,2,3,5,3,6,24,1,1,,45,2,2,4,,1,0,Nonstress,,FL_36,Description|agree_1_T1|con_1_T1|extra_1_T1|neuro_1_T1|open_2_T1|agree_2_T1|con_2_T1|neuro_2_T1|open_1_T1|extra_2_T1,Description|neuro_1_T2|open_2_T2|con_2_T2|neuro_2_T2|extra_2_T2|con_1_T2|agree_1_T2|open_1_T2|agree_2_T2|extra_1_T2
3/26/25 10:47,3/26/25 10:53,0,100,348,1,3/26/25 10:53,R_59xETyktYFa1de1,,,,,anonymous,EN,1,5,4,5,3,7,2,6,5,7,6,1,20,18.042,18.042,24.331,1,,6.161,6.161,8.106,1,1,10.106,10.106,11.005,1,,0,0,7.005,0,3,13.996,13.996,17.105,1,,0,0,7.005,0,4,5.551,5.551,8.005,1,,0,0,5.003,0,,,,,,,,,2,2,5,4,5,4,6,2,7,5,7,6,24,2,6,,51,1,4,4,,2,0,Stress,0,FL_35,Description|neuro_1_T1|con_2_T1|con_1_T1|neuro_2_T1|open_1_T1|agree_2_T1|agree_1_T1|extra_2_T1|open_2_T1|extra_1_T1,Description|neuro_2_T2|con_1_T2|extra_1_T2|con_2_T2|agree_2_T2|agree_1_T2|extra_2_T2|open_2_T2|open_1_T2|neuro_1_T2
3/26/25 10:47,3/26/25 10:53,0,100,340,1,3/26/25 10:53,R_7lSLijdDUCOHYBz,,,,,anonymous,EN,1,4,4,4,4,4,6,5,4,4,3,1,,,,,,,,,,,,,,,,,,,,,,,,,,,,,,,,,,,,,,,,,180,3,67,17,1,5,2,1,1,5,5,4,5,3,6,4,4,5,4,5,24,1,1,,23,1,3,4,,3,0,Nonstress,,FL_36,Description|con_1_T1|extra_2_T1|agree_1_T1|extra_1_T1|neuro_1_T1|open_1_T1|con_2_T1|agree_2_T1|neuro_2_T1|open_2_T1,Description|agree_2_T2|extra_1_T2|con_1_T2|neuro_1_T2|extra_2_T2|open_1_T2|con_2_T2|open_2_T2|agree_1_T2|neuro_2_T2
3/26/25 10:48,3/26/25 10:53,0,100,312,1,3/26/25 10:53,R_57gp9436JFyf3oM,,,,,anonymous,EN,1,3,7,6,5,5,4,3,4,3,6,1,,0,0,44.097,0,90,2.519,2.519,4.651,1,12,5.38,5.38,6.457,1,,0,0,7.007,0,3,2.571,2.571,3.689,1,5,3.12,3.12,3.854,1,2,3.787,3.787,4.718,1,2,2.426,2.426,3.384,1,,,,,,,,,2,2,3,6,5,6,4,4,3,3,3,5,24,2,1,,34,1,2,8,,2,1,Stress,1,FL_35,Description|open_2_T1|neuro_1_T1|neuro_2_T1|con_1_T1|extra_2_T1|open_1_T1|extra_1_T1|con_2_T1|agree_2_T1|agree_1_T1,Description|agree_1_T2|con_2_T2|neuro_1_T2|extra_2_T2|agree_2_T2|open_1_T2|extra_1_T2|con_1_T2|neuro_2_T2|open_2_T2
3/26/25 10:47,3/26/25 10:53,0,100,320,1,3/26/25 10:53,R_58H49enkLlq7B61,,,,,anonymous,EN,1,5,5,5,3,6,2,5,4,7,7,1,,,,,,,,,,,,,,,,,,,,,,,,,,,,,,,,,,,,,,,,,180,3,67,-1,1,5,2,1,1,4,5,7,5,2,6,3,4,5,4,7,24,2,6,,53,1,3,3,,2,0,Nonstress,,FL_36,Description|extra_1_T1|con_2_T1|open_2_T1|extra_2_T1|neuro_1_T1|con_1_T1|open_1_T1|neuro_2_T1|agree_2_T1|agree_1_T1,Description|extra_2_T2|agree_1_T2|open_1_T2|open_2_T2|agree_2_T2|neuro_2_T2|con_2_T2|neuro_1_T2|extra_1_T2|con_1_T2
3/26/25 10:45,3/26/25 10:53,0,100,483,1,3/26/25 10:53,R_61GH2HEihr149cp,,,,,anonymous,EN,1,3,6,5,2,5,4,5,3,5,4,1,,,,,,,,,,,,,,,,,,,,,,,,,,,,,,,,,,,,,,,,,180,3,67,17,1,5,2,1,1,3,4,6,5,3,5,3,5,3,5,5,24,1,2,,38,1,3,4,,3,0,Nonstress,,FL_36,Description|neuro_2_T1|extra_1_T1|neuro_1_T1|agree_1_T1|con_2_T1|con_1_T1|open_1_T1|extra_2_T1|open_2_T1|agree_2_T1,Description|agree_1_T2|agree_2_T2|open_2_T2|con_2_T2|neuro_2_T2|extra_1_T2|neuro_1_T2|extra_2_T2|con_1_T2|open_1_T2
3/26/25 10:39,3/26/25 10:53,0,100,822,1,3/26/25 10:53,R_3jTWIl1D7qaQTiV,,,,,anonymous,EN,1,1,4,1,4,5,6,3,4,3,5,1,,,,,,,,,,,,,,,,,,,,,,,,,,,,,,,,,,,,,,,,,180,3,67,5,1,5,2,1,2,3,1,4,1,5,6,6,3,4,3,5,24,1,1,,40,1,3,4,,2,0,Nonstress,,FL_36,Description|extra_2_T1|agree_2_T1|con_1_T1|neuro_1_T1|neuro_2_T1|agree_1_T1|open_1_T1|extra_1_T1|con_2_T1|open_2_T1,Description|agree_2_T2|con_1_T2|open_1_T2|open_2_T2|agree_1_T2|neuro_1_T2|neuro_2_T2|extra_2_T2|extra_1_T2|con_2_T2
3/26/25 10:48,3/26/25 10:53,0,100,290,1,3/26/25 10:53,R_5mZua2CKQle5FQZ,,,,,anonymous,EN,1,4,5,4,2,6,2,5,3,6,6,1,3,1.361,40.579,43.674,4,5,1.437,1.437,6.951,1,9,1.103,1.103,8.113,1,,1.347,1.347,7.016,1,2,8.762,11.453,12.599,3,,0,0,7.005,0,4,4.616,6.512,8.112,2,2,2.975,2.975,5.122,1,,,,,,,,,1,2,4,5,5,3,5,2,5,2,6,6,24,2,6,,64,1,5,2,,4,1,Stress,1,FL_35,Description|neuro_2_T1|con_2_T1|con_1_T1|open_1_T1|extra_2_T1|agree_1_T1|neuro_1_T1|open_2_T1|extra_1_T1|agree_2_T1,Description|agree_1_T2|con_2_T2|extra_2_T2|agree_2_T2|open_2_T2|open_1_T2|neuro_2_T2|con_1_T2|extra_1_T2|neuro_1_T2
3/26/25 10:48,3/26/25 10:53,0,100,297,1,3/26/25 10:53,R_7hyOQLwlFkMB7P3,,,,,anonymous,EN,1,5,4,5,3,5,4,5,5,7,5,1,2,6.976,43.191,44.122,6,10,5.973,7.979,8.018,2,20,2.382,2.382,11.012,1,0,1.537,1.537,7.017,1,3,1.24,9.837,17.013,2,5,5.726,5.726,7.11,1,1,5.237,6.264,8.019,2,2,2.533,2.533,5.116,1,,,,,,,,,1,4,5,4,5,2,5,4,6,5,6,6,24,1,3,,23,1,5,4,,1,0,Stress,0,FL_35,Description|agree_1_T1|open_2_T1|extra_1_T1|agree_2_T1|neuro_1_T1|open_1_T1|extra_2_T1|con_2_T1|con_1_T1|neuro_2_T1,Description|agree_2_T2|open_2_T2|con_2_T2|extra_2_T2|neuro_2_T2|agree_1_T2|neuro_1_T2|open_1_T2|extra_1_T2|con_1_T2
3/26/25 10:50,3/26/25 10:53,0,100,192,1,3/26/25 10:53,R_5pB87lO77ljsb1T,,,,,anonymous,EN,1,2,4,6,2,7,7,1,2,3,7,1,,,,,,,,,,,,,,,,,,,,,,,,,,,,,,,,,,,,,,,,,180,3,67,17,1,5,2,1,1,3,2,4,6,2,7,7,1,1,2,7,24,1,6,,46,1,3,6,,1,0,Nonstress,,FL_36,Description|agree_2_T1|con_1_T1|con_2_T1|extra_2_T1|neuro_2_T1|neuro_1_T1|open_1_T1|agree_1_T1|extra_1_T1|open_2_T1,Description|con_2_T2|agree_1_T2|neuro_1_T2|neuro_2_T2|open_2_T2|con_1_T2|extra_2_T2|extra_1_T2|open_1_T2|agree_2_T2
3/26/25 10:46,3/26/25 10:53,0,100,421,1,3/26/25 10:53,R_7MJvIniDMp4ON5B,,,,,anonymous,EN,1,7,6,7,1,7,1,7,7,7,6,1,3.6,2.983,18.225,19.093,3,,1.811,1.811,9.434,1,,1.844,1.844,11.054,1,,1.969,1.969,7.945,1,3,4.921,5.845,6.772,2,5,4.982,6.086,7.113,2,4,3.054,7.321,8.011,3,3,3.364,4.478,5.01,2,,,,,,,,,1,5,7,6,7,1,7,1,7,7,7,7,24,2,6,,25,1,3,5,,2,0,Stress,0,FL_35,Description|extra_2_T1|extra_1_T1|neuro_1_T1|open_1_T1|neuro_2_T1|con_1_T1|open_2_T1|agree_2_T1|agree_1_T1|con_2_T1,Description|extra_1_T2|extra_2_T2|con_2_T2|agree_1_T2|neuro_2_T2|agree_2_T2|open_2_T2|con_1_T2|neuro_1_T2|open_1_T2
3/26/25 10:48,3/26/25 10:53,0,100,335,1,3/26/25 10:53,R_5STxJLvkUuIcV8t,,,,,anonymous,EN,1,5,2,4,3,7,3,5,5,6,7,1,0.66,21.884,21.884,44.01,1,,0,0,8.105,0,20,3.441,3.441,9.16,1,,6.594,6.594,7.006,1,5,6.008,6.008,6.897,1,5,4.71,4.71,7.007,1,3,4.667,4.667,5.537,1,2,3.433,3.433,5.005,1,,,,,,,,,4,1,4,3,2,6,4,3,5,2,4,6,24,2,6,,21,1,4,4,,1,0,Stress,0,FL_35,Description|open_1_T1|open_2_T1|con_1_T1|con_2_T1|extra_1_T1|neuro_2_T1|agree_2_T1|extra_2_T1|agree_1_T1|neuro_1_T1,Description|open_2_T2|neuro_2_T2|neuro_1_T2|open_1_T2|agree_2_T2|extra_2_T2|con_1_T2|con_2_T2|extra_1_T2|agree_1_T2
3/26/25 10:48,3/26/25 10:53,0,100,316,1,3/26/25 10:53,R_5IuwcoE2guU2tTJ,,,,,anonymous,EN,1,3,5,1,6,5,3,6,4,6,5,1,,,,,,,,,,,,,,,,,,,,,,,,,,,,,,,,,,,,,,,,,200,3,67,17,1,5,2,1,3,2,3,5,3,6,6,3,6,5,6,5,24,2,2,,42,1,6,3,,3,0,Nonstress,,FL_36,Description|neuro_1_T1|agree_1_T1|agree_2_T1|open_1_T1|extra_2_T1|neuro_2_T1|open_2_T1|extra_1_T1|con_1_T1|con_2_T1,Description|agree_1_T2|extra_1_T2|neuro_2_T2|con_1_T2|open_1_T2|con_2_T2|extra_2_T2|neuro_1_T2|open_2_T2|agree_2_T2
3/26/25 10:45,3/26/25 10:53,0,100,472,1,3/26/25 10:53,R_6CB6Iqu6jwRtmTb,,,,,anonymous,EN,1,6,3,6,2,7,2,7,2,6,7,1,,0,0,44.011,0,,0,0,8.109,0,10,4.193,4.193,7.56,1,,5.611,5.611,7.011,1,4,8.213,8.213,9.358,1,4,6.472,6.472,7.11,1,2,5.911,5.911,8.065,1,2,3.206,3.206,4.549,1,,,,,,,,,3,3,6,2,6,4,7,2,7,1,7,7,24,2,8,True Israel,57,1,3,4,,1,1,Stress,1,FL_35,Description|open_1_T1|con_2_T1|open_2_T1|con_1_T1|neuro_2_T1|agree_1_T1|extra_2_T1|neuro_1_T1|extra_1_T1|agree_2_T1,Description|open_2_T2|extra_1_T2|extra_2_T2|agree_1_T2|agree_2_T2|neuro_1_T2|con_1_T2|open_1_T2|con_2_T2|neuro_2_T2
3/26/25 10:48,3/26/25 10:53,0,100,338,1,3/26/25 10:53,R_5Jwz4Vk8yX9umqJ,,,,,anonymous,EN,1,4,5,6,3,5,2,4,4,4,4,1,,43.188,43.188,44.015,1,,0.279,0.28,8.013,2,2,1.872,23.18,25.43,4,,0,0,7.012,0,2,2.738,5.669,6.282,3,3,2.762,6.247,6.929,2,2,4.26,4.857,6.15,2,2,3.406,3.406,4.25,1,,,,,,,,,3,3,3,5,5,2,5,2,4,4,4,4,24,2,6,,18,1,3,3,,3,1,Stress,1,FL_35,Description|extra_1_T1|neuro_1_T1|open_1_T1|agree_1_T1|neuro_2_T1|con_1_T1|open_2_T1|agree_2_T1|extra_2_T1|con_2_T1,Description|extra_1_T2|con_1_T2|extra_2_T2|open_2_T2|con_2_T2|agree_2_T2|agree_1_T2|open_1_T2|neuro_1_T2|neuro_2_T2
3/26/25 10:31,3/26/25 10:54,0,100,1354,1,3/26/25 10:54,R_59dAeEVu9powkeZ,,,,,anonymous,EN,1,6,6,4,5,6,4,5,3,3,6,1,,,,,,,,,,,,,,,,,,,,,,,,,,,,,,,,,,,,,,,,,160,3,67,17,1,5,2,5,1,3,6,6,3,5,6,5,5,3,5,6,24,2,2,,27,1,3,9,,1,0,Nonstress,,FL_36,Description|agree_1_T1|extra_2_T1|neuro_2_T1|con_2_T1|agree_2_T1|open_1_T1|neuro_1_T1|extra_1_T1|open_2_T1|con_1_T1,Description|neuro_1_T2|open_2_T2|open_1_T2|con_2_T2|neuro_2_T2|agree_2_T2|con_1_T2|agree_1_T2|extra_1_T2|extra_2_T2
3/26/25 10:41,3/26/25 10:54,0,100,741,1,3/26/25 10:54,R_7FEBQLMcon8HZ3w,,,,,anonymous,EN,1,5,4,1,4,5,3,6,3,6,6,1,,,,,,,,,,,,,,,,,,,,,,,,,,,,,,,,,,,,,,,,,180,2,67,2,1,5,2,1,3,4,6,4,5,4,6,3,6,4,6,6,24,2,2,,45,1,5,3,,1,0,Nonstress,,FL_36,Description|extra_1_T1|open_2_T1|neuro_2_T1|agree_1_T1|open_1_T1|con_2_T1|neuro_1_T1|extra_2_T1|agree_2_T1|con_1_T1,Description|neuro_1_T2|extra_2_T2|agree_1_T2|con_1_T2|open_2_T2|extra_1_T2|con_2_T2|open_1_T2|agree_2_T2|neuro_2_T2
3/26/25 10:47,3/26/25 10:54,0,100,409,1,3/26/25 10:54,R_5SH8HUa8ZI9kESJ,,,,,anonymous,EN,1,5,4,6,4,6,4,5,6,7,6,1,,,,,,,,,,,,,,,,,,,,,,,,,,,,,,,,,,,,,,,,,175,3,67,5,1,1,2,1,1,5,5,6,6,2,6,2,6,6,5,6,24,2,2,,50,1,3,4,,1,0,Nonstress,,FL_36,Description|extra_2_T1|open_2_T1|con_2_T1|extra_1_T1|agree_1_T1|neuro_2_T1|neuro_1_T1|agree_2_T1|con_1_T1|open_1_T1,Description|agree_1_T2|con_2_T2|agree_2_T2|neuro_2_T2|con_1_T2|extra_1_T2|open_1_T2|neuro_1_T2|open_2_T2|extra_2_T2
3/26/25 10:49,3/26/25 10:54,0,100,305,1,3/26/25 10:54,R_390PY4hI7SXJxrX,,,,,anonymous,EN,1,6,5,7,1,5,3,5,3,7,7,1,15,10.135,10.135,29.462,1,10,3.572,3.572,8.004,1,20,2.302,2.302,6.621,1,,1.442,1.442,7.01,1,5,10.662,14.198,15.27,2,5,5.906,5.906,7.009,1,3,0.468,5.643,7.228,2,2,3.082,3.082,5.108,1,,,,,,,,,2,2,6,5,7,3,5,3,5,5,7,7,24,2,6,,44,1,3,4,,3,0,Stress,0,FL_35,Description|extra_1_T1|neuro_1_T1|agree_1_T1|extra_2_T1|neuro_2_T1|open_2_T1|agree_2_T1|con_1_T1|con_2_T1|open_1_T1,Description|con_1_T2|neuro_2_T2|open_2_T2|open_1_T2|agree_2_T2|agree_1_T2|extra_2_T2|con_2_T2|neuro_1_T2|extra_1_T2
3/26/25 10:48,3/26/25 10:54,0,100,348,1,3/26/25 10:54,R_5H0RlU17cOcrSfy,,,,,anonymous,EN,1,5,5,5,6,6,6,5,7,3,6,1,,,,,,,,,,,,,,,,,,,,,,,,,,,,,,,,,,,,,,,,,180,3,67,5,1,5,2,1,2,4,5,6,3,6,6,2,5,7,3,7,24,2,6,,30,1,3,4,,1,0,Nonstress,,FL_36,Description|neuro_1_T1|con_1_T1|neuro_2_T1|agree_1_T1|open_1_T1|con_2_T1|agree_2_T1|extra_1_T1|extra_2_T1|open_2_T1,Description|open_2_T2|con_2_T2|extra_2_T2|neuro_2_T2|con_1_T2|neuro_1_T2|agree_2_T2|open_1_T2|agree_1_T2|extra_1_T2
3/26/25 10:47,3/26/25 10:54,0,100,384,1,3/26/25 10:54,R_3WKcsJ851pOscXT,,,,,anonymous,EN,1,4,4,5,4,6,2,6,4,7,7,1,1,42.302,42.302,44.107,1,,0,0,8.112,0,20,7.658,7.658,10.933,1,,0,0,7.115,0,,0,0,17.121,0,4,6.043,6.043,7.011,1,5,3.745,3.745,5.158,1,2,4.082,4.082,5.105,1,,,,,,,,,1,3,5,4,4,4,6,2,6,4,7,7,24,2,6,,68,1,3,4,,4,1,Stress,1,FL_35,Description|open_2_T1|extra_1_T1|neuro_1_T1|con_2_T1|extra_2_T1|agree_1_T1|neuro_2_T1|open_1_T1|agree_2_T1|con_1_T1,Description|con_2_T2|open_2_T2|neuro_2_T2|extra_2_T2|open_1_T2|agree_2_T2|extra_1_T2|agree_1_T2|con_1_T2|neuro_1_T2
3/26/25 10:49,3/26/25 10:54,0,100,313,1,3/26/25 10:54,R_1oHAuVpBGi1lmFA,,,,,anonymous,EN,1,6,4,6,1,7,1,7,4,7,7,1,3,20.278,20.278,23.058,1,,6.829,6.829,8.036,1,20,5.997,5.997,8.35,1,,0,0,7.02,0,1,4.204,4.204,6.507,1,3,5.599,5.599,7.038,1,,0,0,8.03,0,2,3.043,3.043,5.039,1,,,,,,,,,3,3,4,4,5,1,7,1,7,4,7,7,24,2,6,,68,1,3,3,,2,1,Stress,1,FL_35,Description|open_1_T1|agree_1_T1|agree_2_T1|con_2_T1|neuro_2_T1|open_2_T1|con_1_T1|extra_1_T1|extra_2_T1|neuro_1_T1,Description|agree_2_T2|extra_1_T2|open_2_T2|extra_2_T2|con_1_T2|con_2_T2|open_1_T2|neuro_2_T2|agree_1_T2|neuro_1_T2
3/26/25 10:49,3/26/25 10:54,0,100,295,1,3/26/25 10:54,R_1psusLU17Hn7nYq,,,,,anonymous,EN,1,6,4,5,6,6,3,6,6,4,6,1,,,,,,,,,,,,,,,,,,,,,,,,,,,,,,,,,,,,,,,,,180,3,67,5,1,5,2,1,1,5,6,5,6,5,5,2,6,6,6,6,24,1,6,,34,1,3,3,,1,0,Nonstress,,FL_36,Description|open_1_T1|extra_2_T1|open_2_T1|neuro_1_T1|agree_2_T1|con_1_T1|agree_1_T1|neuro_2_T1|con_2_T1|extra_1_T1,Description|con_2_T2|agree_2_T2|open_1_T2|agree_1_T2|neuro_2_T2|open_2_T2|extra_2_T2|con_1_T2|extra_1_T2|neuro_1_T2
3/26/25 10:49,3/26/25 10:54,0,100,317,1,3/26/25 10:54,R_3xoS0Iw04pvBva1,,,,,anonymous,EN,1,4,4,3,5,2,3,6,6,6,6,1,6,28.452,28.452,43.619,1,,0,0,8.017,0,30,6.902,6.902,8.877,1,,6.877,6.877,7.01,1,3,5.393,5.393,9.931,1,5,4.881,5.388,6.594,2,2,4.512,4.512,5.797,1,2,2.586,2.586,3.757,1,,,,,,,,,4,2,4,4,3,5,6,4,6,6,6,7,24,2,2,,33,1,2,4,,1,0,Stress,0,FL_35,Description|agree_2_T1|con_2_T1|open_2_T1|agree_1_T1|neuro_1_T1|open_1_T1|con_1_T1|extra_1_T1|neuro_2_T1|extra_2_T1,Description|neuro_2_T2|agree_2_T2|open_2_T2|open_1_T2|con_1_T2|con_2_T2|extra_2_T2|neuro_1_T2|extra_1_T2|agree_1_T2
3/26/25 10:46,3/26/25 10:54,0,100,487,1,3/26/25 10:54,R_7zLWQ6wJJuBVDpD,,,,,anonymous,EN,1,5,4,3,3,4,2,4,5,5,5,1,,35.367,38.584,44.015,2,,7.343,7.343,8.013,1,12,1.858,11.039,11.114,4,,0,0,7.013,0,3,10.521,11.861,12.849,2,,0,0,7.013,0,2,6.216,6.216,8.014,1,2,3.351,3.351,5.009,1,,,,,,,,,2,3,5,4,4,5,4,2,4,2,5,6,24,1,6,,39,1,3,4,,1,1,Stress,1,FL_35,Description|con_2_T1|open_2_T1|neuro_1_T1|extra_2_T1|agree_2_T1|neuro_2_T1|agree_1_T1|extra_1_T1|open_1_T1|con_1_T1,Description|neuro_2_T2|extra_1_T2|con_2_T2|neuro_1_T2|con_1_T2|open_2_T2|agree_1_T2|agree_2_T2|open_1_T2|extra_2_T2
3/26/25 10:48,3/26/25 10:55,0,100,405,1,3/26/25 10:55,R_57TjUHlZfyL8WPk,,,,,anonymous,EN,1,1,6,1,6,2,2,7,3,3,3,1,,,,,,,,,,,,,,,,,,,,,,,,,,,,,,,,,,,,,,,,,180,3,67,17,1,5,2,1,1,3,5,6,2,2,3,4,7,5,3,6,24,2,6,,50,1,6,3,,3,0,Nonstress,,FL_36,Description|open_1_T1|neuro_2_T1|neuro_1_T1|con_1_T1|agree_2_T1|extra_1_T1|agree_1_T1|open_2_T1|con_2_T1|extra_2_T1,Description|neuro_1_T2|extra_1_T2|neuro_2_T2|agree_2_T2|con_1_T2|agree_1_T2|open_1_T2|extra_2_T2|con_2_T2|open_2_T2
3/26/25 10:48,3/26/25 10:55,0,100,419,1,3/26/25 10:55,R_7qfGFs4JzGrP9yp,,,,,anonymous,EN,1,4,1,4,3,5,3,6,4,5,5,1,,0,0,44.018,0,,0,0,8.013,0,9,4.904,4.904,7.878,1,,0,0,7.015,0,,0,0,17.114,0,,0,0,7.114,0,4,6.18,6.18,7.44,1,,0,0,5.017,0,,,,,,,,,2,2,4,1,4,5,5,3,7,3,5,4,24,2,6,,64,1,3,2,,4,0,Stress,0,FL_35,Description|open_1_T1|con_1_T1|neuro_2_T1|open_2_T1|extra_2_T1|extra_1_T1|agree_2_T1|con_2_T1|agree_1_T1|neuro_1_T1,Description|extra_2_T2|agree_2_T2|neuro_2_T2|open_2_T2|open_1_T2|neuro_1_T2|con_2_T2|extra_1_T2|agree_1_T2|con_1_T2
3/26/25 10:42,3/26/25 10:54,0,100,773,1,3/26/25 10:55,R_1KgAoqZw5LjoK8p,,,,,anonymous,EN,1,7,5,7,1,6,1,6,6,6,6,1,,,,,,,,,,,,,,,,,,,,,,,,,,,,,,,,,,,,,,,,,180,3,67,17,1,5,2,1,1,5,7,4,6,1,6,1,6,6,6,6,24,1,6,,32,1,3,6,,1,0,Nonstress,,FL_36,Description|agree_2_T1|con_1_T1|open_2_T1|extra_2_T1|neuro_1_T1|agree_1_T1|extra_1_T1|neuro_2_T1|con_2_T1|open_1_T1,Description|con_1_T2|neuro_2_T2|agree_1_T2|open_2_T2|extra_1_T2|con_2_T2|agree_2_T2|open_1_T2|extra_2_T2|neuro_1_T2
3/26/25 10:47,3/26/25 10:55,0,100,434,1,3/26/25 10:55,R_6TAdbvvFy2LDpJz,,,,,anonymous,EN,1,4,4,2,7,5,3,6,4,6,6,1,6,16.917,32.525,44.01,2,,0,0,8.12,0,14,4.331,4.331,11.115,1,,0,0,7.116,0,3,9.707,9.707,11.496,1,,0,0,7.006,0,3,6.907,6.907,8.009,1,2,2.755,4.279,4.734,2,,,,,,,,,4,1,5,4,1,7,2,5,5,4,3,5,24,2,6,,51,1,4,2,,2,0,Stress,0,FL_35,Description|agree_1_T1|open_1_T1|neuro_2_T1|extra_2_T1|open_2_T1|con_2_T1|con_1_T1|agree_2_T1|extra_1_T1|neuro_1_T1,Description|extra_1_T2|neuro_1_T2|open_1_T2|con_1_T2|agree_1_T2|extra_2_T2|agree_2_T2|neuro_2_T2|con_2_T2|open_2_T2
3/26/25 10:29,3/26/25 10:55,0,100,1524,1,3/26/25 10:55,R_5hdtE7RK5E9tApb,,,,,anonymous,EN,1,6,4,7,3,6,1,7,7,4,4,1,,,,,,,,,,,,,,,,,,,,,,,,,,,,,,,,,,,,,,,,,180,3,67,7,1,5,2,1,1,5,7,4,7,1,7,1,7,6,5,6,24,1,2,,56,1,5,9,,1,0,Nonstress,,FL_36,Description|open_2_T1|agree_2_T1|open_1_T1|neuro_1_T1|neuro_2_T1|extra_2_T1|con_1_T1|agree_1_T1|con_2_T1|extra_1_T1,Description|open_1_T2|extra_1_T2|con_1_T2|open_2_T2|extra_2_T2|agree_2_T2|neuro_1_T2|con_2_T2|agree_1_T2|neuro_2_T2
3/26/25 10:45,3/26/25 10:55,0,100,560,1,3/26/25 10:55,R_51pzL4iQCHN875v,,,,,anonymous,EN,1,6,4,6,2,6,2,5,7,6,6,1,,,,,,,,,,,,,,,,,,,,,,,,,,,,,,,,,,,,,,,,,890,3,67,5,1,5,2,3,2,4,6,6,6,2,6,2,6,6,6,2,24,1,2,,27,1,2,6,,1,0,Nonstress,,FL_36,Description|neuro_2_T1|con_1_T1|con_2_T1|agree_2_T1|extra_2_T1|neuro_1_T1|extra_1_T1|open_1_T1|open_2_T1|agree_1_T1,Description|extra_2_T2|open_1_T2|agree_2_T2|con_2_T2|extra_1_T2|open_2_T2|neuro_2_T2|con_1_T2|neuro_1_T2|agree_1_T2
3/26/25 10:46,3/26/25 10:55,0,100,546,1,3/26/25 10:55,R_7DHxpb8oMsmCj2P,,,,,anonymous,EN,1,5,6,6,3,6,2,6,6,6,3,1,,,,,,,,,,,,,,,,,,,,,,,,,,,,,,,,,,,,,,,,,180,2,67,17,1,5,2,1,3,3,5,5,5,5,5,3,5,5,5,5,24,2,6,,64,1,2,8,,3,0,Nonstress,,FL_36,Description|agree_2_T1|extra_2_T1|con_1_T1|neuro_1_T1|extra_1_T1|agree_1_T1|open_2_T1|open_1_T1|con_2_T1|neuro_2_T1,Description|neuro_1_T2|con_1_T2|agree_1_T2|neuro_2_T2|agree_2_T2|extra_2_T2|con_2_T2|open_1_T2|extra_1_T2|open_2_T2
3/26/25 10:51,3/26/25 10:55,0,100,260,1,3/26/25 10:55,R_7WZOmHYZit1L4xO,,,,,anonymous,EN,1,3,6,3,2,7,1,2,6,3,5,1,,,,,,,,,,,,,,,,,,,,,,,,,,,,,,,,,,,,,,,,,180,3,67,17,1,5,2,1,2,3,3,6,3,5,7,1,1,5,3,5,24,2,6,,66,1,5,4,,2,0,Nonstress,,FL_36,Description|neuro_2_T1|agree_2_T1|neuro_1_T1|con_2_T1|extra_1_T1|agree_1_T1|open_2_T1|con_1_T1|extra_2_T1|open_1_T1,Description|extra_1_T2|con_2_T2|open_2_T2|agree_1_T2|open_1_T2|con_1_T2|agree_2_T2|extra_2_T2|neuro_2_T2|neuro_1_T2
3/26/25 10:50,3/26/25 10:55,0,100,317,1,3/26/25 10:55,R_1R1RTnpYcb0bvNq,,,,,anonymous,EN,1,3,5,3,6,7,4,3,6,6,4,1,,,,,,,,,,,,,,,,,,,,,,,,,,,,,,,,,,,,,,,,,180,3,67,17,1,5,2,1,2,3,4,6,4,5,5,4,3,6,7,4,24,2,6,,38,1,5,4,,2,0,Nonstress,,FL_36,Description|agree_1_T1|neuro_1_T1|extra_2_T1|neuro_2_T1|extra_1_T1|open_2_T1|open_1_T1|con_1_T1|con_2_T1|agree_2_T1,Description|neuro_2_T2|extra_2_T2|agree_2_T2|con_1_T2|neuro_1_T2|open_2_T2|agree_1_T2|extra_1_T2|con_2_T2|open_1_T2
3/26/25 10:41,3/26/25 10:55,0,100,841,1,3/26/25 10:55,R_7M3nC2hQpkk2CRP,,,,,anonymous,EN,1,6,2,6,2,6,2,5,6,7,7,1,,,,,,,,,,,,,,,,,,,,,,,,,,,,,,,,,,,,,,,,,180,2,67,17,1,5,2,1,3,3,6,2,6,2,6,2,5,6,7,6,24,2,7,,57,1,3,4,,1,0,Nonstress,,FL_36,Description|agree_1_T1|extra_1_T1|con_2_T1|agree_2_T1|con_1_T1|extra_2_T1|open_2_T1|neuro_2_T1|open_1_T1|neuro_1_T1,Description|extra_2_T2|open_2_T2|agree_2_T2|con_2_T2|extra_1_T2|neuro_2_T2|agree_1_T2|neuro_1_T2|con_1_T2|open_1_T2
3/26/25 10:49,3/26/25 10:55,0,100,337,1,3/26/25 10:55,R_1dQYmscpmshnVUK,,,,,anonymous,EN,1,6,6,3,3,7,2,4,3,5,7,1,,,,,,,,,,,,,,,,,,,,,,,,,,,,,,,,,,,,,,,,,180,3,67,17,1,5,2,1,2,3,7,6,3,4,7,2,4,3,6,7,24,2,6,,63,1,5,3,,4,0,Nonstress,,FL_36,Description|extra_1_T1|neuro_1_T1|agree_1_T1|agree_2_T1|con_1_T1|con_2_T1|neuro_2_T1|extra_2_T1|open_2_T1|open_1_T1,Description|agree_2_T2|neuro_2_T2|extra_1_T2|neuro_1_T2|open_2_T2|con_1_T2|open_1_T2|con_2_T2|extra_2_T2|agree_1_T2
3/26/25 10:50,3/26/25 10:55,0,100,304,1,3/26/25 10:55,R_3n1t1eCASnDsi8P,,,,,anonymous,EN,1,1,2,6,2,7,1,1,4,7,7,1,,34.249,34.249,44.014,1,10,1.36,1.36,8.012,1,30,1.549,1.549,5.859,1,,1.295,1.295,6.955,1,,0,0,16.628,0,3,4.378,6.279,7.113,3,3,4.455,4.455,5.532,1,2,3.439,3.439,5.013,1,,,,,,,,,1,3,6,2,6,2,7,1,7,4,7,7,24,2,6,,56,1,2,11,,1,1,Stress,1,FL_35,Description|con_1_T1|extra_2_T1|neuro_2_T1|open_1_T1|extra_1_T1|agree_1_T1|con_2_T1|open_2_T1|agree_2_T1|neuro_1_T1,Description|con_2_T2|open_2_T2|con_1_T2|neuro_2_T2|extra_2_T2|open_1_T2|extra_1_T2|agree_1_T2|neuro_1_T2|agree_2_T2
3/26/25 10:51,3/26/25 10:55,0,100,277,1,3/26/25 10:55,R_7z780vqooENfTcC,,,,,anonymous,EN,1,4,5,6,4,6,2,6,7,7,7,1,,,,,,,,,,,,,,,,,,,,,,,,,,,,,,,,,,,,,,,,,180,3,67,2,1,5,2,1,1,5,4,5,6,3,7,2,6,7,7,7,24,1,6,,52,1,4,2,,1,0,Nonstress,,FL_36,Description|agree_1_T1|neuro_1_T1|open_1_T1|con_1_T1|extra_1_T1|extra_2_T1|agree_2_T1|open_2_T1|neuro_2_T1|con_2_T1,Description|open_1_T2|con_1_T2|agree_1_T2|extra_2_T2|neuro_1_T2|agree_2_T2|extra_1_T2|con_2_T2|neuro_2_T2|open_2_T2
3/26/25 10:48,3/26/25 10:55,0,100,434,1,3/26/25 10:55,R_5rB4Ji48Ya6etDC,,,,,anonymous,EN,1,4,6,3,2,6,3,4,5,2,5,1,1.5,3.495,3.495,34.006,1,10,4.358,4.358,8.122,1,12,7.482,7.482,11.019,1,,1.429,1.429,7.121,1,4,12.401,12.401,13.822,1,5,6.881,6.881,7.024,1,1,6.33,6.33,7.35,1,2,4.015,4.015,5.016,1,,,,,,,,,4,1,3,6,1,6,4,2,3,3,2,4,24,2,6,,18,1,5,3,,3,2,Stress,2,FL_35,Description|neuro_2_T1|agree_1_T1|neuro_1_T1|open_1_T1|con_2_T1|extra_1_T1|agree_2_T1|extra_2_T1|con_1_T1|open_2_T1,Description|open_1_T2|extra_1_T2|extra_2_T2|con_1_T2|con_2_T2|neuro_1_T2|open_2_T2|neuro_2_T2|agree_2_T2|agree_1_T2
3/26/25 10:49,3/26/25 10:55,0,100,406,1,3/26/25 10:56,R_1JJ0QIt7QL7qgJH,,,,,anonymous,EN,1,3,7,4,1,6,2,5,4,6,5,1,5,25.23,25.23,34.797,1,,0,0,8.027,0,12,1.188,1.188,7.294,1,,1.27,6.467,7.029,2,2,10.325,10.325,12.373,1,1,5.511,5.511,7.037,1,5,4.58,4.58,5.401,1,2,2.858,2.858,4.4,1,,,,,,,,,2,2,3,7,4,3,5,3,4,4,4,2,24,1,2,,22,1,5,2,,2,2,Stress,2,FL_35,Description|open_2_T1|agree_2_T1|con_1_T1|extra_1_T1|extra_2_T1|neuro_1_T1|agree_1_T1|con_2_T1|neuro_2_T1|open_1_T1,Description|open_1_T2|neuro_2_T2|extra_1_T2|neuro_1_T2|open_2_T2|extra_2_T2|agree_2_T2|agree_1_T2|con_2_T2|con_1_T2
3/26/25 10:50,3/26/25 10:56,0,100,366,1,3/26/25 10:56,R_6hn70xATa81Wybv,,,,,anonymous,EN,1,6,3,6,2,6,1,6,6,6,5,1,,,,,,,,,,,,,,,,,,,,,,,,,,,,,,,,,,,,,,,,,180,3,67,17,1,5,2,1,1,5,6,2,7,1,6,1,6,6,7,5,24,1,6,,53,1,3,7,,1,0,Nonstress,,FL_36,Description|con_2_T1|extra_2_T1|extra_1_T1|open_1_T1|con_1_T1|neuro_1_T1|agree_1_T1|agree_2_T1|open_2_T1|neuro_2_T1,Description|neuro_1_T2|neuro_2_T2|agree_1_T2|con_1_T2|con_2_T2|extra_1_T2|open_1_T2|extra_2_T2|open_2_T2|agree_2_T2
3/26/25 10:51,3/26/25 10:56,0,100,276,1,3/26/25 10:56,R_7MKSwkOL7HYOTxk,,,,,anonymous,EN,1,5,4,5,4,7,7,4,7,4,5,1,,,,,,,,,,,,,,,,,,,,,,,,,,,,,,,,,,,,,,,,,180,3,67,6,1,2,2,1,1,5,5,4,4,4,7,1,4,7,4,4,24,1,2,,36,1,5,5,,1,0,Nonstress,,FL_36,Description|agree_1_T1|open_2_T1|open_1_T1|extra_2_T1|con_1_T1|con_2_T1|agree_2_T1|neuro_1_T1|neuro_2_T1|extra_1_T1,Description|neuro_2_T2|neuro_1_T2|open_2_T2|agree_2_T2|extra_2_T2|con_1_T2|extra_1_T2|open_1_T2|agree_1_T2|con_2_T2
3/26/25 10:50,3/26/25 10:56,0,100,338,1,3/26/25 10:56,R_5M4nZhKtgW2yvLH,,,,,anonymous,EN,1,6,7,6,2,7,1,6,6,5,7,1,,,,,,,,,,,,,,,,,,,,,,,,,,,,,,,,,,,,,,,,,55,3,67,17,1,5,2,1,1,4,6,6,6,2,7,1,6,6,5,6,24,2,6,,35,1,3,4,,1,0,Nonstress,,FL_36,Description|extra_1_T1|extra_2_T1|con_1_T1|open_2_T1|neuro_1_T1|agree_2_T1|open_1_T1|neuro_2_T1|agree_1_T1|con_2_T1,Description|agree_1_T2|neuro_2_T2|con_2_T2|extra_1_T2|extra_2_T2|agree_2_T2|neuro_1_T2|open_1_T2|open_2_T2|con_1_T2
3/26/25 10:49,3/26/25 10:56,0,100,399,1,3/26/25 10:56,R_6GsQsRKdOB0ivlL,,,,,anonymous,EN,1,6,5,5,5,6,6,6,5,5,5,1,,,,,,,,,,,,,,,,,,,,,,,,,,,,,,,,,,,,,,,,,100,2,67,16.6,1,1,2,1,1,5,5,6,5,5,6,5,5,5,4,5,12+12,2,6,,44,1,2,5,,1,0,Nonstress,,FL_36,Description|agree_1_T1|extra_1_T1|agree_2_T1|con_1_T1|con_2_T1|neuro_2_T1|open_1_T1|neuro_1_T1|extra_2_T1|open_2_T1,Description|con_1_T2|extra_2_T2|neuro_1_T2|neuro_2_T2|extra_1_T2|open_1_T2|open_2_T2|agree_1_T2|con_2_T2|agree_2_T2
3/26/25 10:48,3/26/25 10:56,0,100,504,1,3/26/25 10:56,R_3EEqs6GB9b0g7vt,,,,,anonymous,EN,1,6,5,6,4,5,2,6,6,5,5,1,3,3.127,21.533,23.574,6,,2.294,2.294,8.015,1,,3.18,3.18,11.008,1,,2.41,2.41,7.011,1,4,4.309,11.738,17.018,2,,2.428,2.428,7.009,1,3,2.183,6.534,8.12,2,,2.339,2.339,5.111,1,,,,,,,,,4,2,6,6,5,5,5,6,6,5,5,5,24,1,2,,35,1,3,5,,1,1,Stress,1,FL_35,Description|open_1_T1|extra_1_T1|neuro_2_T1|extra_2_T1|con_2_T1|agree_1_T1|con_1_T1|open_2_T1|agree_2_T1|neuro_1_T1,Description|agree_2_T2|extra_1_T2|open_2_T2|neuro_2_T2|con_1_T2|agree_1_T2|neuro_1_T2|con_2_T2|open_1_T2|extra_2_T2
3/26/25 10:51,3/26/25 10:56,0,100,286,1,3/26/25 10:56,R_5OftfyQuigbuB33,,,,,anonymous,EN,1,6,3,6,2,6,5,2,3,7,7,1,5,12.635,28.86,32.238,3,0.1,5.04,5.04,8.005,1,9,3.563,3.563,5.974,1,,6.84,6.84,7.011,1,3,2.957,3.386,3.911,2,5,3.689,3.689,4.272,1,2,3.673,3.673,4.284,1,4,3.326,3.326,5.109,1,,,,,,,,,2,2,6,2,6,2,6,2,2,2,7,7,24,1,6,,32,1,3,3,,1,1,Stress,1,FL_35,Description|extra_2_T1|open_1_T1|agree_1_T1|con_2_T1|extra_1_T1|con_1_T1|neuro_1_T1|agree_2_T1|open_2_T1|neuro_2_T1,Description|agree_2_T2|neuro_1_T2|neuro_2_T2|extra_1_T2|open_1_T2|con_1_T2|extra_2_T2|open_2_T2|agree_1_T2|con_2_T2
3/26/25 10:49,3/26/25 10:56,0,100,421,1,3/26/25 10:56,R_5UktpnsZj14MnCx,,,,,anonymous,EN,1,4,4,5,5,5,2,5,4,4,6,1,2,11.632,11.632,38.971,1,,7.775,7.775,8.114,1,35,1.654,1.654,7.499,1,,0,0,7.012,0,,0,0,17.006,0,,0,0,7.016,0,2,4.858,4.858,8.108,1,4,4.38,4.38,5.012,1,,,,,,,,,3,2,4,4,3,6,4,3,5,5,4,6,24,2,6,,43,1,3,4,,3,1,Stress,1,FL_35,Description|con_2_T1|neuro_2_T1|open_1_T1|extra_2_T1|neuro_1_T1|agree_1_T1|extra_1_T1|agree_2_T1|open_2_T1|con_1_T1,Description|neuro_1_T2|neuro_2_T2|agree_1_T2|con_2_T2|extra_1_T2|open_2_T2|open_1_T2|con_1_T2|extra_2_T2|agree_2_T2
3/26/25 10:51,3/26/25 10:56,0,100,353,1,3/26/25 10:56,R_7NEvpNx8TfORYyU,,,,,anonymous,EN,1,5,3,5,5,6,5,5,5,5,2,1,3.87,1.178,13.511,17.89,3,,2.128,5.839,8.003,2,30,1.965,4.934,9.901,2,2,1.749,4.885,6.205,2,1,1.912,14.612,16.8,2,5,1.414,4.678,5.473,2,,1.325,1.325,8.008,1,2,2.55,2.55,3.378,1,,,,,,,,,1,3,2,5,5,2,5,5,5,1,5,5,24,2,6,,77,2,3,3,,3,1,Stress,1,FL_35,Description|open_2_T1|open_1_T1|con_1_T1|agree_2_T1|neuro_1_T1|extra_1_T1|extra_2_T1|neuro_2_T1|agree_1_T1|con_2_T1,Description|open_2_T2|neuro_2_T2|extra_1_T2|agree_2_T2|agree_1_T2|con_1_T2|con_2_T2|neuro_1_T2|extra_2_T2|open_1_T2
3/26/25 10:52,3/26/25 10:57,0,100,255,1,3/26/25 10:57,R_7rncnK0FXMiypfX,,,,,anonymous,EN,1,1,6,1,7,4,5,5,2,3,7,1,,,,,,,,,,,,,,,,,,,,,,,,,,,,,,,,,,,,,,,,,180,3,67,17,1,5,2,1,2,1,1,7,1,7,3,6,5,1,2,7,24,2,6,,40,1,5,2,,1,0,Nonstress,,FL_36,Description|agree_2_T1|con_2_T1|open_2_T1|extra_2_T1|open_1_T1|neuro_1_T1|neuro_2_T1|agree_1_T1|extra_1_T1|con_1_T1,Description|agree_2_T2|con_2_T2|open_1_T2|extra_2_T2|con_1_T2|neuro_2_T2|agree_1_T2|neuro_1_T2|open_2_T2|extra_1_T2
3/26/25 10:50,3/26/25 10:57,0,100,416,1,3/26/25 10:57,R_3Yh89CeUMjWDpp0,,,,,anonymous,EN,1,3,5,5,3,6,4,6,7,4,7,1,10.5,20.472,20.472,41.633,1,,0,0,8.108,0,,1.752,1.752,11.007,1,0,3.724,3.724,6.098,1,2,13.396,15.336,15.859,2,4,5.912,5.912,7.007,1,2,6.429,6.429,7.892,1,2,3.086,3.086,4.19,1,,,,,,,,,2,2,2,5,5,5,7,2,4,3,5,7,24,3,6,,35,1,5,6,,4,0,Stress,0,FL_35,Description|neuro_1_T1|extra_2_T1|con_2_T1|agree_2_T1|neuro_2_T1|extra_1_T1|open_2_T1|agree_1_T1|con_1_T1|open_1_T1,Description|neuro_1_T2|agree_2_T2|neuro_2_T2|agree_1_T2|open_1_T2|con_1_T2|extra_2_T2|extra_1_T2|open_2_T2|con_2_T2
3/26/25 10:52,3/26/25 10:57,0,100,272,1,3/26/25 10:57,R_7LZj2wF6oYgydwu,,,,,anonymous,EN,1,5,2,3,5,5,1,6,5,5,6,1,,,,,,,,,,,,,,,,,,,,,,,,,,,,,,,,,,,,,,,,,140,3,67,7,1,5,2,1,1,4,5,6,3,5,3,1,6,5,5,5,24,2,6,,58,1,3,3,,1,0,Nonstress,,FL_36,Description|agree_1_T1|neuro_2_T1|open_2_T1|con_2_T1|extra_1_T1|extra_2_T1|open_1_T1|con_1_T1|neuro_1_T1|agree_2_T1,Description|extra_2_T2|con_1_T2|neuro_1_T2|agree_2_T2|con_2_T2|open_2_T2|extra_1_T2|open_1_T2|agree_1_T2|neuro_2_T2
3/26/25 10:49,3/26/25 10:57,0,100,464,1,3/26/25 10:57,R_7dhjp3Z12MuI7aU,,,,,anonymous,EN,1,7,7,7,1,7,1,7,7,7,7,1,,,,,,,,,,,,,,,,,,,,,,,,,,,,,,,,,,,,,,,,,180,3,67,17,1,5,2,1,2,5,7,7,7,1,7,1,7,7,7,7,24,1,3,,46,1,3,4,,2,0,Nonstress,,FL_36,Description|con_1_T1|extra_1_T1|open_1_T1|con_2_T1|agree_1_T1|open_2_T1|agree_2_T1|neuro_2_T1|neuro_1_T1|extra_2_T1,Description|agree_1_T2|agree_2_T2|extra_2_T2|open_2_T2|neuro_2_T2|con_1_T2|neuro_1_T2|open_1_T2|extra_1_T2|con_2_T2
3/26/25 10:51,3/26/25 10:57,0,100,332,1,3/26/25 10:57,R_1dddBSpveGDPqCJ,,,,,anonymous,EN,1,6,2,5,3,7,1,5,5,6,6,1,,0,0,44.109,0,,0,0,8.006,0,10,4.83,4.83,7.875,1,0,5.469,5.469,7.008,1,2,4.066,4.066,5.709,1,4,3.358,4.85,7.005,2,1,3.638,3.638,5.272,1,2,2.647,2.647,4.52,1,,,,,,,,,3,2,6,2,4,4,7,1,5,5,5,6,24,2,6,,43,1,3,4,,1,0,Stress,0,FL_35,Description|neuro_1_T1|con_2_T1|agree_1_T1|agree_2_T1|con_1_T1|open_2_T1|neuro_2_T1|extra_2_T1|open_1_T1|extra_1_T1,Description|con_2_T2|neuro_1_T2|extra_1_T2|agree_2_T2|open_1_T2|agree_1_T2|con_1_T2|neuro_2_T2|open_2_T2|extra_2_T2
3/26/25 10:53,3/26/25 10:57,0,100,210,1,3/26/25 10:57,R_1Hi6voxwfAmb1as,,,,,anonymous,EN,1,2,7,2,7,3,5,2,3,6,7,1,,,,,,,,,,,,,,,,,,,,,,,,,,,,,,,,,,,,,,,,,180,3,67,17,1,5,2,1,3,2,1,7,1,6,2,6,2,3,6,6,24,2,6,,33,1,2,4,,1,0,Nonstress,,FL_36,Description|open_2_T1|open_1_T1|con_1_T1|con_2_T1|agree_1_T1|neuro_2_T1|neuro_1_T1|extra_2_T1|extra_1_T1|agree_2_T1,Description|agree_1_T2|open_1_T2|extra_1_T2|extra_2_T2|neuro_1_T2|con_1_T2|neuro_2_T2|con_2_T2|agree_2_T2|open_2_T2
3/26/25 10:53,3/26/25 10:57,0,100,244,1,3/26/25 10:57,R_7dJXJndzy3g74gp,,,,,anonymous,EN,1,6,5,3,5,3,2,5,3,6,3,1,,31.801,43.335,44.009,2,1,0.874,0.874,8.016,1,12,0.636,0.636,7.825,1,0,0.82,0.82,6.935,1,5,10.246,10.246,11.494,1,4,4.358,4.358,5.045,1,2,2.268,4.935,5.822,2,2,3.569,3.569,5.013,1,,,,,,,,,2,2,5,3,6,5,3,6,6,2,2,5,14,1,6,,33,1,2,4,,1,1,Stress,1,FL_35,Description|open_1_T1|agree_2_T1|extra_2_T1|open_2_T1|con_1_T1|extra_1_T1|con_2_T1|neuro_2_T1|agree_1_T1|neuro_1_T1,Description|neuro_1_T2|extra_2_T2|open_1_T2|con_2_T2|con_1_T2|open_2_T2|agree_2_T2|neuro_2_T2|agree_1_T2|extra_1_T2
3/26/25 10:52,3/26/25 10:57,0,100,340,1,3/26/25 10:57,R_7uJueUpwck8agnf,,,,,anonymous,EN,1,3,5,1,5,2,5,2,6,6,5,1,,0,0,39.261,0,,0,0,8.008,0,10,1.804,1.804,6.004,1,,2.046,4.736,6.522,2,2,8.324,9.262,9.594,2,1,5.928,5.928,7.009,1,2,5.375,5.375,6.293,1,2,3.094,3.094,3.933,1,,,,,,,,,3,1,3,6,1,6,6,3,2,5,5,5,24,2,7,,36,1,3,5,,1,0,Stress,0,FL_35,Description|agree_2_T1|extra_2_T1|open_2_T1|con_1_T1|extra_1_T1|neuro_1_T1|neuro_2_T1|agree_1_T1|open_1_T1|con_2_T1,Description|extra_1_T2|extra_2_T2|con_2_T2|open_1_T2|neuro_2_T2|agree_2_T2|agree_1_T2|neuro_1_T2|open_2_T2|con_1_T2
3/26/25 10:53,3/26/25 10:57,0,100,279,1,3/26/25 10:57,R_3g6ukaceyX9ANhv,,,,,anonymous,EN,1,4,6,1,6,7,4,6,2,5,5,1,3,14.801,14.801,21.224,1,,0,0,8.005,0,30,1.935,1.935,6.247,1,0,3.835,3.835,5.919,1,3,6.353,6.353,7.974,1,1,6.062,6.062,7.003,1,3,5.683,5.683,6.441,1,2,2.056,2.056,2.887,1,,,,,,,,,3,2,4,6,2,6,7,4,6,2,5,5,24,1,6,,49,1,5,2,,3,0,Stress,0,FL_35,Description|neuro_2_T1|agree_2_T1|con_1_T1|neuro_1_T1|open_2_T1|con_2_T1|open_1_T1|agree_1_T1|extra_2_T1|extra_1_T1,Description|neuro_2_T2|neuro_1_T2|agree_2_T2|con_2_T2|agree_1_T2|open_2_T2|extra_2_T2|open_1_T2|extra_1_T2|con_1_T2
3/26/25 10:52,3/26/25 10:57,0,100,342,1,3/26/25 10:57,R_7tLjeHIzJEhCWyN,,,,,anonymous,EN,1,4,6,6,3,6,2,5,5,7,4,1,,,,,,,,,,,,,,,,,,,,,,,,,,,,,,,,,,,,,,,,,180,3,67,5,1,5,2,1,1,3,4,6,6,3,6,2,5,5,7,4,24,1,6,,67,1,3,4,,4,0,Nonstress,,FL_36,Description|extra_2_T1|neuro_2_T1|agree_2_T1|open_1_T1|open_2_T1|con_2_T1|agree_1_T1|extra_1_T1|neuro_1_T1|con_1_T1,Description|agree_1_T2|open_1_T2|agree_2_T2|open_2_T2|neuro_2_T2|extra_2_T2|con_1_T2|con_2_T2|neuro_1_T2|extra_1_T2
3/26/25 10:51,3/26/25 10:57,0,100,355,1,3/26/25 10:57,R_5gRSDWNInKMDb6P,,,,,anonymous,EN,1,6,6,6,3,7,1,3,5,7,7,1,,,,,,,,,,,,,,,,,,,,,,,,,,,,,,,,,,,,,,,,,180,3,67,12,1,5,2,1,1,5,7,6,6,2,7,1,3,5,7,7,24,2,3,,46,1,3,3,,1,0,Nonstress,,FL_36,Description|agree_2_T1|extra_2_T1|neuro_2_T1|agree_1_T1|con_1_T1|neuro_1_T1|con_2_T1|extra_1_T1|open_2_T1|open_1_T1,Description|agree_2_T2|agree_1_T2|extra_1_T2|neuro_1_T2|open_2_T2|con_1_T2|con_2_T2|extra_2_T2|neuro_2_T2|open_1_T2
3/26/25 10:52,3/26/25 10:57,0,100,333,1,3/26/25 10:57,R_7YD2lRB6Q1Yek0a,,,,,anonymous,EN,1,5,5,5,4,6,2,4,5,3,6,1,15,25.132,32.475,40.035,2,,4.475,7.12,8.015,2,20,6.521,6.521,8.502,1,,0,0,7.01,0,1,6.575,6.575,7.421,1,,0,0,7.106,0,4,4.233,4.233,5.21,1,2,2.768,2.768,3.553,1,,,,,,,,,2,3,5,5,5,4,6,2,4,5,3,5,24,2,6,,63,1,2,3,,4,0,Stress,0,FL_35,Description|open_1_T1|open_2_T1|neuro_1_T1|agree_2_T1|neuro_2_T1|extra_1_T1|con_2_T1|con_1_T1|agree_1_T1|extra_2_T1,Description|open_1_T2|open_2_T2|agree_1_T2|agree_2_T2|con_2_T2|con_1_T2|neuro_1_T2|extra_2_T2|neuro_2_T2|extra_1_T2
3/26/25 10:52,3/26/25 10:57,0,100,341,1,3/26/25 10:57,R_7qU2X7IbyfIrVEn,,,,,anonymous,EN,1,4,5,4,1,5,3,4,5,6,5,1,,,,,,,,,,,,,,,,,,,,,,,,,,,,,,,,,,,,,,,,,100,3,67,17,1,5,2,1,1,3,4,4,4,1,5,4,4,4,5,4,24,2,6,,53,1,3,3,,3,0,Nonstress,,FL_36,Description|neuro_2_T1|agree_2_T1|agree_1_T1|con_1_T1|open_1_T1|open_2_T1|extra_1_T1|extra_2_T1|neuro_1_T1|con_2_T1,Description|neuro_2_T2|con_1_T2|agree_2_T2|open_1_T2|extra_1_T2|con_2_T2|extra_2_T2|agree_1_T2|open_2_T2|neuro_1_T2
3/26/25 10:53,3/26/25 10:57,0,100,288,1,3/26/25 10:57,R_1nOKZq3Oy5d3JGp,,,,,anonymous,EN,1,2,4,4,4,5,5,4,2,7,7,1,,,,,,,,,,,,,,,,,,,,,,,,,,,,,,,,,,,,,,,,,165,3,67,17,1,5,2,1,1,3,2,4,2,4,5,4,5,1,7,5,24,1,6,,28,1,6,4,,3,0,Nonstress,,FL_36,Description|neuro_1_T1|con_1_T1|agree_1_T1|open_2_T1|extra_1_T1|agree_2_T1|open_1_T1|neuro_2_T1|extra_2_T1|con_2_T1,Description|open_2_T2|agree_2_T2|extra_2_T2|neuro_1_T2|agree_1_T2|con_1_T2|con_2_T2|open_1_T2|neuro_2_T2|extra_1_T2
3/26/25 10:53,3/26/25 10:58,0,100,287,1,3/26/25 10:58,R_3QMp11OxqWgEmhF,,,,,anonymous,EN,1,4,5,3,6,3,5,4,7,6,6,1,30,9.189,9.189,18.288,1,,0,0,8.009,0,,0,0,11.009,0,3,1.714,1.714,6.936,1,2,1.265,8.341,17.109,4,5,1.357,6.722,7.008,3,3,3.943,3.943,8.109,1,2,2.871,2.871,5.008,1,,,,,,,,,3,3,4,6,3,6,3,5,4,6,6,6,24,2,2,,26,1,5,2,,1,0,Stress,0,FL_35,Description|extra_2_T1|con_1_T1|agree_2_T1|con_2_T1|extra_1_T1|agree_1_T1|open_2_T1|neuro_2_T1|open_1_T1|neuro_1_T1,Description|con_1_T2|agree_2_T2|extra_2_T2|agree_1_T2|neuro_1_T2|open_1_T2|extra_1_T2|neuro_2_T2|open_2_T2|con_2_T2
3/26/25 10:52,3/26/25 10:58,0,100,358,1,3/26/25 10:58,R_74oMn2MYwELofct,,,,,anonymous,EN,1,6,1,6,2,6,3,6,6,7,7,1,4,1.955,1.955,42.549,1,,2.494,2.494,8.134,1,,2.395,2.395,11.125,1,,2.291,2.291,7.014,1,4,5.7,5.7,7.343,1,5,5.122,5.122,7.012,1,2,4.574,4.574,6.061,1,2,2.541,2.541,4.108,1,,,,,,,,,2,2,6,1,6,2,5,2,6,6,7,7,24,2,6,,47,1,2,5,,2,2,Stress,2,FL_35,Description|con_2_T1|extra_1_T1|open_1_T1|open_2_T1|con_1_T1|neuro_2_T1|neuro_1_T1|extra_2_T1|agree_1_T1|agree_2_T1,Description|con_1_T2|open_1_T2|agree_1_T2|con_2_T2|extra_2_T2|extra_1_T2|neuro_1_T2|open_2_T2|agree_2_T2|neuro_2_T2
3/26/25 10:52,3/26/25 10:58,0,100,349,1,3/26/25 10:58,R_1sWIV93mis4QP6u,,,,,anonymous,EN,1,6,4,4,4,7,1,4,4,7,6,1,4,22.103,22.103,33.391,1,,7.771,7.771,8.012,1,10,4.074,4.074,11.116,1,0,5.126,5.126,7.11,1,3,9.682,9.682,11.257,1,,0,0,7.006,0,5,4.493,5.225,7.448,2,2,2.472,3.789,4.429,2,,,,,,,,,5,2,4,6,3,6,7,2,3,2,4,7,24,2,1,,56,1,3,6,,1,2,Stress,2,FL_35,Description|agree_1_T1|extra_1_T1|con_1_T1|open_1_T1|neuro_1_T1|agree_2_T1|neuro_2_T1|open_2_T1|extra_2_T1|con_2_T1,Description|open_2_T2|neuro_1_T2|extra_2_T2|neuro_2_T2|con_2_T2|agree_1_T2|agree_2_T2|open_1_T2|extra_1_T2|con_1_T2
3/26/25 10:52,3/26/25 10:58,0,100,329,1,3/26/25 10:58,R_1fCMa9UyFAUt7d1,,,,,anonymous,EN,1,7,1,7,1,7,1,7,7,7,7,1,4,27.902,27.902,33.625,1,5,5.162,5.162,8.007,1,20,3.033,3.033,8.548,1,,6.878,6.878,7.113,1,3,3.899,3.899,5.099,1,3,5.117,5.117,6.002,1,4,6.218,6.218,7.349,1,2,3.2,3.2,4.591,1,,,,,,,,,1,4,7,1,7,1,7,1,7,7,7,7,24,1,6,,60,1,3,4,,1,3,Stress,3,FL_35,Description|extra_1_T1|con_1_T1|neuro_2_T1|neuro_1_T1|extra_2_T1|agree_1_T1|con_2_T1|open_1_T1|agree_2_T1|open_2_T1,Description|open_1_T2|open_2_T2|neuro_1_T2|con_1_T2|extra_1_T2|neuro_2_T2|agree_2_T2|extra_2_T2|con_2_T2|agree_1_T2
3/26/25 10:53,3/26/25 10:58,0,100,251,1,3/26/25 10:58,R_61ojHg5gVjoKw8N,,,,,anonymous,EN,1,3,5,2,2,4,4,2,3,5,6,1,,,,,,,,,,,,,,,,,,,,,,,,,,,,,,,,,,,,,,,,,180,3,63,17,1,5,2,1,2,4,2,5,2,2,4,4,2,3,5,5,24,1,6,,22,1,4,3,,2,0,Nonstress,,FL_36,Description|open_1_T1|con_2_T1|extra_2_T1|open_2_T1|neuro_1_T1|con_1_T1|agree_2_T1|neuro_2_T1|extra_1_T1|agree_1_T1,Description|con_2_T2|open_2_T2|con_1_T2|extra_2_T2|extra_1_T2|neuro_2_T2|agree_2_T2|neuro_1_T2|agree_1_T2|open_1_T2
3/26/25 10:53,3/26/25 10:58,0,100,287,1,3/26/25 10:58,R_7eWo4wFd0JSf7WC,,,,,anonymous,EN,1,6,2,6,2,4,5,3,5,7,7,1,,,,,,,,,,,,,,,,,,,,,,,,,,,,,,,,,,,,,,,,,180,3,67,17,1,5,2,1,1,4,6,2,6,2,3,6,3,5,7,7,24,1,1,,36,1,5,4,,2,0,Nonstress,,FL_36,Description|extra_2_T1|agree_1_T1|agree_2_T1|con_2_T1|neuro_2_T1|extra_1_T1|con_1_T1|open_1_T1|open_2_T1|neuro_1_T1,Description|open_1_T2|extra_1_T2|neuro_1_T2|con_2_T2|neuro_2_T2|open_2_T2|con_1_T2|extra_2_T2|agree_2_T2|agree_1_T2
3/26/25 10:52,3/26/25 10:58,0,100,361,1,3/26/25 10:58,R_7AYfQqYrzSIAT8q,,,,,anonymous,EN,1,4,4,4,1,7,4,4,7,1,1,2,,,,,,,,,,,,,,,,,,,,,,,,,,,,,,,,,,,,,,,,,60,2,67,11,1,5,2,1,1,3,4,6,7,1,7,6,5,7,1,1,24,2,3,,29,1,5,2,,1,0,Nonstress,,FL_36,Description|agree_2_T1|con_2_T1|open_2_T1|extra_2_T1|neuro_2_T1|open_1_T1|agree_1_T1|extra_1_T1|neuro_1_T1|con_1_T1,Description|agree_1_T2|con_2_T2|agree_2_T2|open_2_T2|con_1_T2|open_1_T2|neuro_1_T2|extra_2_T2|neuro_2_T2|extra_1_T2
3/26/25 10:54,3/26/25 10:58,0,100,266,1,3/26/25 10:58,R_7CHcqryU6nM93tg,,,,,anonymous,EN,1,5,3,5,5,6,2,3,2,5,5,1,,,,,,,,,,,,,,,,,,,,,,,,,,,,,,,,,,,,,,,,,240,3,67,11,1,5,2,1,2,3,5,3,5,5,6,2,3,3,5,5,24,2,6,,28,1,3,2,,3,0,Nonstress,,FL_36,Description|agree_1_T1|con_2_T1|agree_2_T1|open_2_T1|neuro_1_T1|extra_1_T1|con_1_T1|neuro_2_T1|open_1_T1|extra_2_T1,Description|con_2_T2|con_1_T2|agree_1_T2|extra_2_T2|extra_1_T2|neuro_1_T2|open_2_T2|agree_2_T2|open_1_T2|neuro_2_T2
3/26/25 10:54,3/26/25 10:58,0,100,258,1,3/26/25 10:58,R_7q1W66gcoGycw2l,,,,,anonymous,EN,1,1,5,2,5,7,7,1,7,5,5,1,,,,,,,,,,,,,,,,,,,,,,,,,,,,,,,,,,,,,,,,,100,3,67,-100,1,5,2,1,2,1,1,5,1,5,1,7,1,1,5,2,24,2,2,,40,1,6,3,,3,0,Nonstress,,FL_36,Description|neuro_1_T1|agree_1_T1|open_1_T1|con_1_T1|open_2_T1|extra_1_T1|extra_2_T1|neuro_2_T1|con_2_T1|agree_2_T1,Description|neuro_1_T2|agree_2_T2|extra_2_T2|con_1_T2|con_2_T2|open_1_T2|neuro_2_T2|open_2_T2|extra_1_T2|agree_1_T2
3/26/25 10:54,3/26/25 10:58,0,100,262,1,3/26/25 10:58,R_5Nqpc5QSYmJCUCH,,,,,anonymous,EN,1,2,7,4,2,6,3,6,6,4,5,1,15,9.56,9.56,40.3,1,,0.621,0.621,8.005,1,12,0.793,0.793,11.008,1,,0.67,0.67,7.011,1,3,7.562,11.153,12.414,2,5,4.894,4.894,6.048,1,5,5.799,5.799,6.541,1,2,2.412,3.364,4.063,2,,,,,,,,,4,1,2,7,3,4,5,3,6,4,3,5,24,1,1,,23,1,2,3,,2,2,Stress,2,FL_35,Description|agree_2_T1|neuro_1_T1|con_1_T1|neuro_2_T1|con_2_T1|extra_2_T1|extra_1_T1|open_1_T1|open_2_T1|agree_1_T1,Description|extra_2_T2|extra_1_T2|open_1_T2|agree_1_T2|neuro_1_T2|con_1_T2|open_2_T2|con_2_T2|agree_2_T2|neuro_2_T2
3/26/25 10:52,3/26/25 10:58,0,100,366,1,3/26/25 10:58,R_1oHEXXkRtPOTmTV,,,,,anonymous,EN,1,6,3,5,2,6,1,5,4,5,6,1,,,,,,,,,,,,,,,,,,,,,,,,,,,,,,,,,,,,,,,,,180,3,67,9,1,5,2,1,1,5,6,3,6,2,6,2,5,5,5,6,24,1,6,,71,1,3,4,,4,0,Nonstress,,FL_36,Description|extra_1_T1|con_2_T1|con_1_T1|agree_1_T1|open_1_T1|open_2_T1|agree_2_T1|neuro_2_T1|neuro_1_T1|extra_2_T1,Description|neuro_1_T2|con_2_T2|open_1_T2|agree_2_T2|neuro_2_T2|extra_2_T2|open_2_T2|agree_1_T2|con_1_T2|extra_1_T2
3/26/25 10:52,3/26/25 10:58,0,100,392,1,3/26/25 10:58,R_378qjR8Ps9MIHef,,,,,anonymous,EN,1,3,6,2,7,5,5,5,4,5,5,1,2,11.79,11.79,44.113,1,1,4.399,6.332,8.01,2,20,2.167,10.262,11.105,3,0,1.912,1.912,7.103,1,4,3.891,3.891,4.927,1,3,6.442,6.442,7.109,1,4,5.058,5.058,6.004,1,2,5.042,5.042,5.104,1,,,,,,,,,4,2,5,5,1,7,5,5,5,2,5,6,24,2,6,,54,1,5,5,,4,2,Stress,2,FL_35,Description|neuro_1_T1|agree_1_T1|open_1_T1|extra_2_T1|con_2_T1|extra_1_T1|neuro_2_T1|agree_2_T1|con_1_T1|open_2_T1,Description|extra_1_T2|neuro_1_T2|con_1_T2|open_2_T2|extra_2_T2|neuro_2_T2|con_2_T2|agree_2_T2|agree_1_T2|open_1_T2
3/26/25 10:55,3/26/25 10:58,0,100,228,1,3/26/25 10:58,R_1whtZYtRROBTrRT,,,,,anonymous,EN,1,5,3,5,5,5,3,5,5,5,6,1,,,,,,,,,,,,,,,,,,,,,,,,,,,,,,,,,,,,,,,,,180,3,67,10,1,5,2,1,2,4,6,3,5,5,5,3,5,5,5,6,24,1,6,,33,1,4,4,,1,0,Nonstress,,FL_36,Description|extra_2_T1|agree_1_T1|open_1_T1|agree_2_T1|neuro_1_T1|open_2_T1|neuro_2_T1|con_1_T1|extra_1_T1|con_2_T1,Description|con_1_T2|extra_1_T2|neuro_2_T2|con_2_T2|open_2_T2|agree_1_T2|open_1_T2|neuro_1_T2|extra_2_T2|agree_2_T2
3/26/25 10:54,3/26/25 10:58,0,100,265,1,3/26/25 10:58,R_6frf9Dm9r3iIAsD,,,,,anonymous,EN,1,2,2,2,2,5,5,5,2,4,3,1,,,,,,,,,,,,,,,,,,,,,,,,,,,,,,,,,,,,,,,,,180,3,67,17,1,5,2,1,1,3,2,2,2,2,5,5,5,2,4,3,24,2,6,,33,1,2,4,,2,0,Nonstress,,FL_36,Description|neuro_2_T1|open_2_T1|agree_1_T1|neuro_1_T1|agree_2_T1|open_1_T1|con_1_T1|extra_2_T1|con_2_T1|extra_1_T1,Description|agree_1_T2|open_2_T2|neuro_2_T2|extra_2_T2|extra_1_T2|agree_2_T2|open_1_T2|con_1_T2|neuro_1_T2|con_2_T2
3/26/25 10:53,3/26/25 10:59,0,100,317,1,3/26/25 10:59,R_55EhFW4iQq2HHKV,,,,,anonymous,EN,1,2,7,3,6,6,3,2,3,3,6,1,,0,0,44.023,0,,6.447,6.447,8.02,1,,2.001,2.001,11.014,1,-,5.085,5.085,7.019,1,2,10.671,10.671,17.021,1,4,4.676,4.676,7.009,1,3,4.45,4.45,8.019,1,2,2.633,2.633,5.016,1,,,,,,,,,3,3,3,7,2,6,6,3,2,3,2,5,24,2,1,,25,1,4,4,,1,0,Stress,0,FL_35,Description|con_1_T1|extra_2_T1|neuro_1_T1|agree_2_T1|con_2_T1|neuro_2_T1|open_2_T1|extra_1_T1|agree_1_T1|open_1_T1,Description|extra_1_T2|neuro_1_T2|agree_2_T2|con_1_T2|open_2_T2|extra_2_T2|con_2_T2|open_1_T2|neuro_2_T2|agree_1_T2
3/26/25 10:55,3/26/25 10:59,0,100,218,1,3/26/25 10:59,R_3v78UFFyc95sPgz,,,,,anonymous,EN,1,4,2,7,6,4,1,7,7,5,5,1,,,,,,,,,,,,,,,,,,,,,,,,,,,,,,,,,,,,,,,,,4,3,67,17,1,5,2,1,1,5,7,1,6,1,7,1,3,6,3,4,24,1,6,,50,1,3,6,,2,0,Nonstress,,FL_36,Description|open_2_T1|con_1_T1|agree_2_T1|extra_2_T1|neuro_2_T1|con_2_T1|agree_1_T1|neuro_1_T1|extra_1_T1|open_1_T1,Description|neuro_2_T2|open_2_T2|con_1_T2|agree_1_T2|con_2_T2|extra_2_T2|agree_2_T2|extra_1_T2|open_1_T2|neuro_1_T2
3/26/25 10:54,3/26/25 10:59,0,100,303,1,3/26/25 10:59,R_1VpwGJRbfVowJyr,,,,,anonymous,EN,1,6,1,2,3,6,2,5,2,5,5,1,4,28.303,28.303,29.955,1,,1.497,1.497,8.107,1,12,1.085,1.085,7.106,1,,0.79,0.79,7.006,1,,0,0,17.005,0,5,5.403,5.403,7.006,1,2,4.254,4.254,5.312,1,2,2.328,3.226,5.106,2,,,,,,,,,2,2,5,1,1,5,6,2,5,2,5,3,24,1,6,,18,1,2,3,,2,2,Stress,2,FL_35,Description|open_1_T1|extra_1_T1|con_2_T1|open_2_T1|neuro_1_T1|con_1_T1|agree_2_T1|agree_1_T1|extra_2_T1|neuro_2_T1,Description|open_2_T2|agree_2_T2|open_1_T2|extra_2_T2|con_2_T2|neuro_1_T2|extra_1_T2|neuro_2_T2|agree_1_T2|con_1_T2
3/26/25 10:54,3/26/25 10:59,0,100,293,1,3/26/25 10:59,R_37VvFnG5IkpgHAt,,,,,anonymous,EN,1,3,1,1,4,6,4,4,7,6,5,1,,,,,,,,,,,,,,,,,,,,,,,,,,,,,,,,,,,,,,,,,180,3,67,17,1,1,2,1,2,2,4,1,1,4,7,4,4,2,6,7,24,2,6,,29,1,3,4,,2,0,Nonstress,,FL_36,Description|open_1_T1|con_1_T1|con_2_T1|agree_2_T1|agree_1_T1|neuro_2_T1|extra_1_T1|open_2_T1|neuro_1_T1|extra_2_T1,Description|con_1_T2|con_2_T2|neuro_2_T2|agree_1_T2|open_2_T2|open_1_T2|extra_1_T2|extra_2_T2|agree_2_T2|neuro_1_T2
3/26/25 10:54,3/26/25 10:59,0,100,270,1,3/26/25 10:59,R_7Rk2BzFJ77Jmyd1,,,,,anonymous,EN,1,2,6,1,6,3,4,4,3,3,3,1,5,6.796,13.068,27.096,2,10,4.535,4.535,6.924,1,20,5.125,5.125,6.656,1,0,4.13,4.13,7.112,1,4,12.4,13.856,14.244,2,,0,0,7.112,0,3,5.724,5.724,6.665,1,2,3.06,3.74,3.979,2,,,,,,,,,2,2,2,6,2,6,3,5,3,3,3,2,24,1,6,,44,1,3,6,,1,1,Stress,1,FL_35,Description|con_1_T1|agree_2_T1|open_1_T1|neuro_1_T1|extra_2_T1|con_2_T1|agree_1_T1|extra_1_T1|open_2_T1|neuro_2_T1,Description|open_2_T2|con_2_T2|open_1_T2|con_1_T2|agree_2_T2|extra_2_T2|neuro_1_T2|extra_1_T2|neuro_2_T2|agree_1_T2
3/26/25 10:53,3/26/25 10:59,0,100,349,1,3/26/25 10:59,R_1rGlj4jvzWylAGB,,,,,anonymous,EN,1,6,2,5,3,5,2,6,6,6,6,1,,,,,,,,,,,,,,,,,,,,,,,,,,,,,,,,,,,,,,,,,40,2,67,1,1,1,2,1,4,2,6,2,6,6,6,2,6,6,6,6,24,2,6,,34,1,2,4,,2,0,Nonstress,,FL_36,Description|neuro_2_T1|open_1_T1|con_1_T1|con_2_T1|open_2_T1|extra_1_T1|extra_2_T1|agree_2_T1|agree_1_T1|neuro_1_T1,Description|neuro_1_T2|open_2_T2|con_2_T2|extra_1_T2|extra_2_T2|agree_2_T2|agree_1_T2|open_1_T2|con_1_T2|neuro_2_T2
3/26/25 10:54,3/26/25 10:59,0,100,267,1,3/26/25 10:59,R_5jKxNrPU1837btD,,,,,anonymous,EN,1,4,4,3,4,4,1,2,2,7,7,1,6,1.089,1.089,30.501,1,,1.011,6.977,8.006,3,,1.247,1.247,11.011,1,7,1.034,1.034,7.008,1,2,5.734,5.734,17.111,1,5,5.131,5.131,6.464,1,3,7.028,7.028,8.006,1,2,3.063,3.063,5.011,1,,,,,,,,,5,1,3,4,3,4,4,1,2,2,7,7,24,1,6,,26,1,5,3,,1,0,Stress,0,FL_35,Description|agree_1_T1|extra_1_T1|neuro_1_T1|extra_2_T1|neuro_2_T1|open_2_T1|open_1_T1|con_2_T1|agree_2_T1|con_1_T1,Description|agree_2_T2|con_2_T2|extra_1_T2|extra_2_T2|agree_1_T2|open_2_T2|con_1_T2|neuro_2_T2|neuro_1_T2|open_1_T2
3/26/25 10:54,3/26/25 10:59,0,100,288,1,3/26/25 10:59,R_7MQGsT5LIjGs8Ks,,,,,anonymous,EN,1,4,5,4,3,6,4,3,5,3,4,1,,,,,,,,,,,,,,,,,,,,,,,,,,,,,,,,,,,,,,,,,180,3,67,17,1,5,2,1,1,3,4,6,4,3,6,4,3,4,3,4,24,2,6,,43,1,2,9,,2,0,Nonstress,,FL_36,Description|open_2_T1|agree_1_T1|con_2_T1|extra_2_T1|neuro_2_T1|open_1_T1|neuro_1_T1|con_1_T1|extra_1_T1|agree_2_T1,Description|neuro_1_T2|agree_1_T2|con_2_T2|open_2_T2|neuro_2_T2|open_1_T2|extra_2_T2|con_1_T2|extra_1_T2|agree_2_T2
3/26/25 10:55,3/26/25 10:59,0,100,258,1,3/26/25 10:59,R_6QtUUMUla2xWvMj,,,,,anonymous,EN,1,6,3,6,3,6,2,3,2,7,7,1,,,,,,,,,,,,,,,,,,,,,,,,,,,,,,,,,,,,,,,,,180,3,67,8,1,5,2,1,1,4,6,2,6,2,7,3,3,2,7,7,24,1,6,,34,1,3,3,,1,0,Nonstress,,FL_36,Description|extra_1_T1|agree_1_T1|neuro_1_T1|con_2_T1|con_1_T1|extra_2_T1|neuro_2_T1|open_2_T1|open_1_T1|agree_2_T1,Description|extra_2_T2|neuro_2_T2|open_2_T2|con_1_T2|neuro_1_T2|open_1_T2|extra_1_T2|agree_2_T2|agree_1_T2|con_2_T2
3/26/25 10:53,3/26/25 10:59,0,100,371,1,3/26/25 10:59,R_3bouiBweeOJMCml,,,,,anonymous,EN,1,5,5,5,3,5,3,3,3,5,6,1,,4.132,35.374,44.004,2,1.05,2.603,2.603,8.006,1,20,5.599,5.599,11.003,1,,0,0,7.005,0,,0,0,17.006,0,,0,0,7.107,0,,0,0,8.008,0,,0,0,5.005,0,,,,,,,,,2,2,6,6,3,6,6,3,2,1,6,6,24,1,6,,47,1,4,4,,1,0,Stress,0,FL_35,Description|extra_2_T1|con_2_T1|neuro_1_T1|extra_1_T1|neuro_2_T1|con_1_T1|open_2_T1|open_1_T1|agree_2_T1|agree_1_T1,Description|con_2_T2|con_1_T2|extra_1_T2|agree_2_T2|open_1_T2|agree_1_T2|neuro_1_T2|open_2_T2|extra_2_T2|neuro_2_T2
3/26/25 10:45,3/26/25 10:59,0,100,831,1,3/26/25 10:59,R_1LDFA80cqoJb7Lr,,,,,anonymous,EN,1,7,4,7,4,7,1,7,4,7,7,1,,,,,,,,,,,,,,,,,,,,,,,,,,,,,,,,,,,,,,,,,180,3,67,17,1,5,2,1,2,4,7,7,4,4,7,1,7,4,7,7,24,2,6,,43,1,2,4,,1,0,Nonstress,,FL_36,Description|extra_2_T1|open_2_T1|neuro_1_T1|agree_2_T1|open_1_T1|con_1_T1|agree_1_T1|con_2_T1|neuro_2_T1|extra_1_T1,Description|con_1_T2|agree_2_T2|neuro_2_T2|extra_1_T2|extra_2_T2|open_1_T2|agree_1_T2|open_2_T2|con_2_T2|neuro_1_T2
3/26/25 10:55,3/26/25 10:59,0,100,224,1,3/26/25 10:59,R_624Nnzeb3VqQYty,,,,,anonymous,EN,1,5,5,3,5,5,3,5,5,5,5,1,2,1.855,1.855,15.234,1,,4.192,4.192,8.105,1,35,1.851,1.851,8.311,1,0,3.726,3.726,5.367,1,1,3.282,3.282,4.455,1,,0,0,7.109,0,3,3.493,3.493,4.384,1,2,2.108,2.108,3.048,1,,,,,,,,,4,2,5,5,3,5,5,3,3,5,5,5,24,2,6,,31,1,3,3,,3,0,Stress,0,FL_35,Description|agree_2_T1|open_1_T1|con_2_T1|con_1_T1|neuro_1_T1|open_2_T1|agree_1_T1|extra_2_T1|neuro_2_T1|extra_1_T1,Description|con_2_T2|neuro_2_T2|open_2_T2|con_1_T2|neuro_1_T2|agree_1_T2|extra_2_T2|extra_1_T2|open_1_T2|agree_2_T2
3/26/25 10:54,3/26/25 10:59,0,100,298,1,3/26/25 10:59,R_1aioFQSBo1u4Wv7,,,,,anonymous,EN,1,3,5,3,2,7,1,6,2,7,7,1,15,2.088,2.088,35.537,1,,1.31,1.31,8.111,1,,1.749,10.208,11.104,2,,2.097,2.097,6.85,1,,0,0,17.003,0,5,5.11,5.341,6.301,2,2,6.043,6.608,8.019,2,4,3.319,3.319,4.3,1,,,,,,,,,5,3,3,5,3,3,6,1,7,1,6,7,24,1,6,,35,1,3,2,,1,1,Stress,1,FL_35,Description|agree_2_T1|agree_1_T1|extra_1_T1|neuro_1_T1|open_1_T1|con_2_T1|con_1_T1|neuro_2_T1|extra_2_T1|open_2_T1,Description|neuro_2_T2|open_1_T2|extra_2_T2|neuro_1_T2|agree_2_T2|con_1_T2|open_2_T2|agree_1_T2|extra_1_T2|con_2_T2
3/26/25 10:56,3/26/25 10:59,0,100,222,1,3/26/25 10:59,R_5fe8uJRisWJOzz8,,,,,anonymous,EN,1,2,7,6,3,5,5,2,3,2,5,1,,,,,,,,,,,,,,,,,,,,,,,,,,,,,,,,,,,,,,,,,180,3,67,17,1,5,2,1,2,3,2,7,6,3,5,5,2,3,1,5,24,1,6,,63,1,5,4,,4,0,Nonstress,,FL_36,Description|neuro_2_T1|open_2_T1|neuro_1_T1|agree_1_T1|extra_1_T1|con_1_T1|open_1_T1|con_2_T1|extra_2_T1|agree_2_T1,Description|con_2_T2|neuro_2_T2|extra_1_T2|neuro_1_T2|open_2_T2|con_1_T2|open_1_T2|extra_2_T2|agree_2_T2|agree_1_T2
3/26/25 10:52,3/26/25 11:00,0,100,440,1,3/26/25 11:00,R_1hoHiZPZlrOfSPm,,,,,anonymous,EN,1,4,1,1,5,3,5,4,5,7,7,1,4,37.098,41.132,42.061,2,,0,0,8.005,0,20,6.904,6.904,9.335,1,,0,0,7.104,0,1,7.287,12.928,14.367,3,,0,0,7.006,0,2,4.236,5.52,6.573,2,,0,0,5.105,0,,,,,,,,,2,2,5,4,1,6,3,4,4,6,7,7,24,2,6,,56,1,3,5,,2,1,Stress,1,FL_35,Description|extra_2_T1|con_2_T1|agree_2_T1|open_2_T1|neuro_2_T1|agree_1_T1|neuro_1_T1|open_1_T1|con_1_T1|extra_1_T1,Description|con_2_T2|extra_1_T2|agree_1_T2|neuro_2_T2|extra_2_T2|open_2_T2|open_1_T2|con_1_T2|neuro_1_T2|agree_2_T2
3/26/25 10:55,3/26/25 11:00,0,100,290,1,3/26/25 11:00,R_3LBe0LW9JAEc1CA,,,,,anonymous,EN,1,7,2,4,4,7,1,7,7,7,4,1,,,,,,,,,,,,,,,,,,,,,,,,,,,,,,,,,,,,,,,,,,2,67,,1,5,2,1,2,3,7,2,4,4,7,1,7,7,7,4,24,2,6,,47,1,5,2,,3,0,Nonstress,,FL_36,Description|extra_1_T1|open_1_T1|extra_2_T1|agree_2_T1|neuro_1_T1|con_2_T1|open_2_T1|con_1_T1|agree_1_T1|neuro_2_T1,Description|agree_1_T2|neuro_2_T2|agree_2_T2|con_1_T2|extra_1_T2|open_2_T2|open_1_T2|con_2_T2|neuro_1_T2|extra_2_T2
3/26/25 10:52,3/26/25 11:00,0,100,440,1,3/26/25 11:00,R_7z5Q8ZaoYHssR1p,,,,,anonymous,EN,1,6,5,5,3,6,3,7,3,7,7,1,4,40.538,40.538,43.861,1,,0,0,8.117,0,20,6.821,6.821,9.487,1,,0,0,7.005,0,3,11.769,11.769,17.011,1,,0,0,7.013,0,2,3.648,3.648,5.299,1,2,2.923,2.923,3.806,1,,,,,,,,,2,2,6,2,6,6,6,2,7,2,7,7,24,1,6,,70,1,5,3,,3,1,Stress,1,FL_35,Description|open_1_T1|con_1_T1|agree_2_T1|con_2_T1|extra_2_T1|neuro_2_T1|extra_1_T1|open_2_T1|neuro_1_T1|agree_1_T1,Description|extra_2_T2|neuro_1_T2|con_1_T2|agree_2_T2|extra_1_T2|open_1_T2|open_2_T2|agree_1_T2|neuro_2_T2|con_2_T2
3/26/25 10:54,3/26/25 11:00,0,100,340,1,3/26/25 11:00,R_5e9HbytWR5QRI4K,,,,,anonymous,EN,1,3,1,1,6,6,3,5,1,7,7,1,2,9.699,9.699,34.724,1,,0,0,8.007,0,20,2.048,2.048,6.651,1,0,3.826,3.826,6.02,1,2,11.704,11.704,13.848,1,,0,0,7.007,0,,0,0,8.107,0,3,3.041,3.041,5.008,1,,,,,,,,,5,1,3,1,1,7,6,2,6,3,7,7,24,2,6,,50,1,5,4,,3,0,Stress,0,FL_35,Description|extra_1_T1|extra_2_T1|neuro_2_T1|open_2_T1|neuro_1_T1|agree_2_T1|open_1_T1|agree_1_T1|con_1_T1|con_2_T1,Description|neuro_1_T2|con_2_T2|agree_1_T2|extra_2_T2|agree_2_T2|neuro_2_T2|con_1_T2|extra_1_T2|open_1_T2|open_2_T2
3/26/25 10:53,3/26/25 11:00,0,100,392,1,3/26/25 11:00,R_1GEduYMxLtd9VqV,,,,,anonymous,EN,1,6,6,7,1,7,4,4,5,7,7,1,3,25.01,25.01,44.011,1,,0,0,8.107,0,20,7.911,9.756,11.015,2,,0,0,7.119,0,1,5.505,5.505,6.838,1,5,6.096,6.096,7.004,1,2,5.858,5.858,6.883,1,2,2.475,2.475,3.369,1,,,,,,,,,2,2,4,6,7,5,7,4,4,4,7,7,24,1,6,,64,1,3,4,,3,0,Stress,0,FL_35,Description|extra_1_T1|neuro_1_T1|agree_2_T1|extra_2_T1|open_1_T1|agree_1_T1|open_2_T1|con_1_T1|neuro_2_T1|con_2_T1,Description|neuro_2_T2|con_2_T2|open_1_T2|neuro_1_T2|extra_2_T2|con_1_T2|extra_1_T2|agree_2_T2|agree_1_T2|open_2_T2
3/26/25 10:56,3/26/25 11:00,0,100,239,1,3/26/25 11:00,R_5pXuS9a17x7175Q,,,,,anonymous,EN,1,3,6,3,3,6,2,3,2,6,6,1,20,25.885,35.95,36.539,2,5,1.996,1.996,4.647,1,12,7.562,7.562,11.015,1,,0,0,6.559,0,2,6.469,6.469,7.29,1,2,5.478,5.478,6.266,1,4,5.039,5.039,5.659,1,2,3.583,3.583,4.594,1,,,,,,,,,3,2,3,6,2,5,6,2,3,2,5,6,24,2,6,,46,1,3,2,,1,2,Stress,2,FL_35,Description|agree_1_T1|con_2_T1|con_1_T1|open_2_T1|extra_1_T1|open_1_T1|neuro_2_T1|extra_2_T1|agree_2_T1|neuro_1_T1,Description|neuro_1_T2|extra_1_T2|neuro_2_T2|agree_2_T2|agree_1_T2|con_1_T2|con_2_T2|open_2_T2|extra_2_T2|open_1_T2
3/26/25 10:57,3/26/25 11:00,0,100,177,1,3/26/25 11:00,R_64HPd2z9VQ4iuNz,,,,,anonymous,EN,1,2,1,6,3,5,6,5,3,2,7,1,5,1.12,1.12,14.914,1,5,1.027,1.027,5.814,1,20,0.56,0.56,7.073,1,,0.68,0.68,6.367,1,2,7.203,7.203,7.941,1,1,5.528,5.528,7.008,1,3,1.885,3.814,4.656,2,2,1.684,1.684,3.697,1,,,,,,,,,2,2,2,1,3,5,5,3,7,2,7,7,24,2,7,,35,1,3,7,,1,1,Stress,1,FL_35,Description|neuro_1_T1|extra_1_T1|open_1_T1|extra_2_T1|con_2_T1|agree_1_T1|con_1_T1|open_2_T1|neuro_2_T1|agree_2_T1,Description|extra_2_T2|neuro_1_T2|agree_2_T2|con_1_T2|extra_1_T2|agree_1_T2|con_2_T2|neuro_2_T2|open_1_T2|open_2_T2
3/26/25 10:54,3/26/25 11:00,0,100,328,1,3/26/25 11:00,R_1XbAbhL6Rg4u22b,,,,,anonymous,EN,1,3,5,1,6,6,2,5,1,3,5,1,4,40.088,40.088,41.839,1,1,7.343,7.343,8.116,1,20,4.965,4.965,11.107,1,,6.486,6.486,7.007,1,3,7.314,7.314,8.606,1,2,6.441,6.441,7.004,1,5,4.592,4.592,5.73,1,5,3.716,3.716,4.722,1,,,,,,,,,5,1,5,5,1,7,6,2,3,1,1,5,24,2,6,,42,1,4,4,,3,2,Stress,2,FL_35,Description|agree_2_T1|open_1_T1|open_2_T1|extra_2_T1|con_2_T1|neuro_2_T1|con_1_T1|neuro_1_T1|agree_1_T1|extra_1_T1,Description|open_2_T2|neuro_2_T2|open_1_T2|agree_2_T2|neuro_1_T2|con_1_T2|extra_1_T2|extra_2_T2|agree_1_T2|con_2_T2
3/26/25 10:53,3/26/25 11:00,0,100,406,1,3/26/25 11:00,R_60waCmQoWld5NOG,,,,,anonymous,EN,1,3,5,3,2,5,3,6,6,6,4,1,,,,,,,,,,,,,,,,,,,,,,,,,,,,,,,,,,,,,,,,,180,3,67,0,1,1,2,1,1,4,3,5,3,2,6,3,6,6,6,5,24,2,6,,40,1,4,2,,3,0,Nonstress,,FL_36,Description|neuro_2_T1|agree_2_T1|extra_2_T1|agree_1_T1|con_1_T1|extra_1_T1|open_2_T1|open_1_T1|neuro_1_T1|con_2_T1,Description|con_1_T2|agree_1_T2|open_2_T2|con_2_T2|extra_1_T2|agree_2_T2|neuro_2_T2|extra_2_T2|open_1_T2|neuro_1_T2
3/26/25 10:53,3/26/25 11:00,0,100,417,1,3/26/25 11:00,R_1n8f66GWoMhbVim,,,,,anonymous,EN,1,3,6,4,2,3,5,6,6,6,7,1,,,,,,,,,,,,,,,,,,,,,,,,,,,,,,,,,,,,,,,,,180,3,67,17,1,5,2,1,1,4,3,6,6,1,5,5,6,6,6,7,24,2,6,,56,1,3,6,,3,0,Nonstress,,FL_36,Description|agree_2_T1|neuro_2_T1|extra_2_T1|agree_1_T1|neuro_1_T1|open_1_T1|extra_1_T1|con_1_T1|con_2_T1|open_2_T1,Description|neuro_2_T2|open_1_T2|neuro_1_T2|con_2_T2|open_2_T2|con_1_T2|agree_1_T2|extra_1_T2|agree_2_T2|extra_2_T2
3/26/25 10:56,3/26/25 11:00,0,100,256,1,3/26/25 11:00,R_5gOr35v7ZnSlLAr,,,,,anonymous,EN,1,4,6,5,3,6,3,3,3,5,5,1,,,,,,,,,,,,,,,,,,,,,,,,,,,,,,,,,,,,,,,,,180,3,67,17,1,5,2,1,2,3,4,5,5,3,5,3,3,3,5,5,24,1,6,,35,1,3,4,,1,0,Nonstress,,FL_36,Description|con_1_T1|neuro_2_T1|agree_2_T1|con_2_T1|extra_1_T1|agree_1_T1|open_2_T1|neuro_1_T1|open_1_T1|extra_2_T1,Description|neuro_1_T2|con_1_T2|open_1_T2|neuro_2_T2|con_2_T2|agree_1_T2|extra_2_T2|agree_2_T2|open_2_T2|extra_1_T2
3/26/25 10:53,3/26/25 11:00,0,100,423,1,3/26/25 11:00,R_1VsdY4W8vIuqEto,,,,,anonymous,EN,1,3,4,5,3,7,1,7,7,7,7,1,,,,,,,,,,,,,,,,,,,,,,,,,,,,,,,,,,,,,,,,,180,3,67,17,1,5,2,1,2,4,3,4,5,5,7,1,7,7,7,7,24,2,6,,44,1,5,3,,2,0,Nonstress,,FL_36,Description|con_1_T1|agree_2_T1|open_1_T1|con_2_T1|neuro_2_T1|neuro_1_T1|open_2_T1|extra_2_T1|extra_1_T1|agree_1_T1,Description|agree_1_T2|neuro_2_T2|neuro_1_T2|extra_2_T2|agree_2_T2|open_2_T2|open_1_T2|extra_1_T2|con_1_T2|con_2_T2
3/26/25 10:55,3/26/25 11:00,0,100,314,1,3/26/25 11:00,R_1TFNwT5jlR2NqQ4,,,,,anonymous,EN,1,6,3,7,1,6,2,6,7,5,3,1,,,,,,,,,,,,,,,,,,,,,,,,,,,,,,,,,,,,,,,,,150,3,67,5,1,2,1,1,1,5,5,3,7,1,6,1,6,7,5,5,24,2,6,,22,1,3,2,,3,0,Nonstress,,FL_36,Description|agree_1_T1|extra_2_T1|neuro_1_T1|con_1_T1|extra_1_T1|open_1_T1|agree_2_T1|open_2_T1|con_2_T1|neuro_2_T1,Description|neuro_1_T2|extra_1_T2|agree_1_T2|con_2_T2|extra_2_T2|con_1_T2|open_1_T2|agree_2_T2|neuro_2_T2|open_2_T2
3/26/25 10:53,3/26/25 11:00,0,100,421,1,3/26/25 11:00,R_7OGCR97LVpRKKKd,,,,,anonymous,EN,1,6,1,6,1,7,1,7,3,7,7,1,2,28.846,28.846,38.723,1,,0,0,8.012,0,20,9.852,9.852,11.104,1,,0,0,7.007,0,3,8.283,8.283,9.23,1,,0,0,7.106,0,3,5.28,5.28,6.837,1,2,2.495,2.495,3.918,1,,,,,,,,,5,1,7,6,1,7,4,1,7,1,4,4,24,2,6,,62,1,5,2,,1,0,Stress,0,FL_35,Description|agree_2_T1|neuro_2_T1|open_2_T1|agree_1_T1|extra_2_T1|extra_1_T1|con_1_T1|con_2_T1|neuro_1_T1|open_1_T1,Description|neuro_2_T2|con_2_T2|agree_2_T2|extra_1_T2|con_1_T2|neuro_1_T2|agree_1_T2|open_1_T2|extra_2_T2|open_2_T2
3/26/25 10:56,3/26/25 11:00,0,100,250,1,3/26/25 11:00,R_3bIPO7NLviHs5y7,,,,,anonymous,EN,1,3,5,6,2,6,2,6,3,5,5,1,,,,,,,,,,,,,,,,,,,,,,,,,,,,,,,,,,,,,,,,,180,3,67,0,1,1,2,1,1,3,2,5,6,2,6,2,6,2,6,5,24,2,6,,48,1,5,4,,1,0,Nonstress,,FL_36,Description|agree_1_T1|extra_2_T1|open_2_T1|extra_1_T1|agree_2_T1|con_2_T1|neuro_2_T1|open_1_T1|neuro_1_T1|con_1_T1,Description|extra_1_T2|neuro_1_T2|agree_2_T2|con_2_T2|con_1_T2|agree_1_T2|extra_2_T2|open_2_T2|neuro_2_T2|open_1_T2
3/26/25 10:55,3/26/25 11:00,0,100,311,1,3/26/25 11:00,R_5ob2eNMJ2Pkw4eZ,,,,,anonymous,EN,1,2,5,3,6,3,4,5,1,5,6,1,1,37.485,39.529,40.258,3,,0,0,8.029,0,,0,0,11.133,0,,0,0,7.034,0,3,4.685,4.954,5.582,2,5,5.22,5.22,6.399,1,4,5.811,7.111,7.395,5,2,2.437,2.699,3.281,2,,,,,,,,,3,2,2,5,3,5,3,4,6,1,5,5,24,2,6,,27,1,6,2,,2,0,Stress,0,FL_35,Description|extra_2_T1|neuro_1_T1|extra_1_T1|con_1_T1|neuro_2_T1|agree_2_T1|open_2_T1|open_1_T1|con_2_T1|agree_1_T1,Description|con_1_T2|open_2_T2|con_2_T2|extra_1_T2|extra_2_T2|neuro_2_T2|neuro_1_T2|agree_1_T2|open_1_T2|agree_2_T2
3/26/25 10:55,3/26/25 11:00,0,100,339,1,3/26/25 11:00,R_5tyTTLYgy6Cyc9A,,,,,anonymous,EN,1,6,5,5,4,7,2,7,3,7,6,1,1,13.373,18.961,23.508,2,,0,0,8.003,0,20,8.725,8.725,11.009,1,,3.936,5.908,7.108,2,2,2.067,2.067,3.85,1,4,5.351,5.351,7.013,1,2,4.173,4.173,7.991,1,2,2.956,2.956,3.983,1,,,,,,,,,5,1,3,7,2,7,2,3,3,1,2,7,24,2,2,,52,1,3,4,,1,0,Stress,0,FL_35,Description|agree_1_T1|extra_1_T1|con_2_T1|con_1_T1|neuro_2_T1|open_1_T1|extra_2_T1|neuro_1_T1|agree_2_T1|open_2_T1,Description|neuro_1_T2|con_1_T2|open_1_T2|extra_1_T2|extra_2_T2|agree_2_T2|agree_1_T2|neuro_2_T2|con_2_T2|open_2_T2
3/26/25 10:55,3/26/25 11:00,0,100,342,1,3/26/25 11:00,R_6TFt5DivwyJw6Ys,,,,,anonymous,EN,1,4,6,1,5,3,2,2,3,2,6,1,,0,0,44.018,0,,0,0,8.017,0,42,6.647,6.647,8.46,1,,0,0,7.016,0,,0,0,17.112,0,5,4.695,4.695,5.634,1,3,4.863,4.863,5.85,1,2,3.148,3.148,5.007,1,,,,,,,,,1,3,5,7,1,5,3,3,2,1,2,6,24,1,6,,52,1,3,3,,1,0,Stress,0,FL_35,Description|con_1_T1|extra_1_T1|agree_1_T1|open_1_T1|extra_2_T1|neuro_2_T1|agree_2_T1|open_2_T1|neuro_1_T1|con_2_T1,Description|neuro_1_T2|agree_2_T2|agree_1_T2|con_1_T2|open_2_T2|extra_1_T2|con_2_T2|open_1_T2|neuro_2_T2|extra_2_T2
3/26/25 10:55,3/26/25 11:00,0,100,311,1,3/26/25 11:01,R_1mesI2ViBwhuzpk,,,,,anonymous,EN,1,4,3,5,3,5,3,3,3,6,7,1,4,1.728,1.728,23.531,1,,5.092,5.092,8.009,1,20,1.226,1.226,8.098,1,0,1.019,1.019,7.008,1,2,7.73,12.484,15.027,2,4,4.789,4.789,5.992,1,2,5.079,5.079,5.998,1,2,2.338,2.338,3.362,1,,,,,,,,,2,2,5,3,5,3,6,3,3,3,7,7,24,1,6,,61,1,3,6,,3,1,Stress,1,FL_35,Description|extra_1_T1|extra_2_T1|open_2_T1|con_2_T1|con_1_T1|agree_1_T1|neuro_2_T1|agree_2_T1|neuro_1_T1|open_1_T1,Description|agree_1_T2|open_2_T2|con_2_T2|neuro_1_T2|extra_2_T2|neuro_2_T2|agree_2_T2|extra_1_T2|open_1_T2|con_1_T2
3/26/25 10:53,3/26/25 11:01,0,100,466,1,3/26/25 11:01,R_3r7Gq8kff3M74QG,,,,,anonymous,EN,1,2,5,3,3,2,2,5,5,3,2,1,4,9.778,28.838,31.819,2,,6.824,6.824,8.015,1,4,3.797,7.675,11.014,2,0,4.94,4.94,7.118,1,3,5.027,16.635,17.02,2,4,5.55,5.55,7.016,1,4,2.843,5.745,8.12,2,3,4.666,4.666,5.011,1,,,,,,,,,4,2,6,6,6,2,6,2,6,5,3,6,24,1,6,,27,1,4,5,,2,1,Stress,1,FL_35,Description|agree_2_T1|extra_2_T1|con_1_T1|neuro_2_T1|neuro_1_T1|agree_1_T1|open_2_T1|con_2_T1|extra_1_T1|open_1_T1,Description|agree_2_T2|con_2_T2|con_1_T2|agree_1_T2|extra_1_T2|open_2_T2|neuro_2_T2|neuro_1_T2|extra_2_T2|open_1_T2
3/26/25 10:49,3/26/25 11:01,0,100,718,1,3/26/25 11:01,R_5Kkf19sagfoxDAi,,,,,anonymous,EN,1,4,5,5,3,5,3,5,5,5,5,1,,16.387,42.661,44.015,5,,0.25,0.25,8.013,1,,1.691,6.053,11.008,7,,1.648,2.022,7.009,3,3,3.661,6.21,8.187,2,5,5.988,5.988,7.109,1,3,6.165,7.963,8.122,2,1,4.453,4.453,5.008,1,,,,,,,,,5,1,5,4,4,3,5,3,5,5,5,5,24,1,6,,55,1,4,4,,2,0,Stress,0,FL_35,Description|extra_1_T1|extra_2_T1|open_2_T1|con_1_T1|neuro_1_T1|neuro_2_T1|agree_1_T1|con_2_T1|open_1_T1|agree_2_T1,Description|neuro_1_T2|neuro_2_T2|open_2_T2|extra_2_T2|agree_2_T2|con_2_T2|open_1_T2|agree_1_T2|extra_1_T2|con_1_T2
3/26/25 10:53,3/26/25 11:01,0,100,436,1,3/26/25 11:01,R_10sktDDpGgF89cR,,,,,anonymous,EN,1,1,7,5,1,7,3,6,4,7,6,1,,,,,,,,,,,,,,,,,,,,,,,,,,,,,,,,,,,,,,,,,180,2,67,17,1,1,2,1,2,3,1,7,4,5,7,1,7,4,7,7,24,2,2,,38,1,5,3,,3,0,Nonstress,,FL_36,Description|con_1_T1|open_1_T1|neuro_1_T1|agree_1_T1|open_2_T1|neuro_2_T1|extra_1_T1|agree_2_T1|con_2_T1|extra_2_T1,Description|con_1_T2|agree_2_T2|extra_2_T2|extra_1_T2|neuro_1_T2|agree_1_T2|con_2_T2|open_1_T2|neuro_2_T2|open_2_T2
3/26/25 10:56,3/26/25 11:01,0,100,302,1,3/26/25 11:01,R_1IutfWsgX3Hqlxh,,,,,anonymous,EN,1,6,6,6,2,6,2,2,6,4,5,1,,,,,,,,,,,,,,,,,,,,,,,,,,,,,,,,,,,,,,,,,180,3,67,17,1,5,2,1,2,4,6,6,6,2,6,2,2,6,4,4,24,2,1,,41,1,3,4,,2,0,Nonstress,,FL_36,Description|agree_2_T1|open_1_T1|agree_1_T1|con_2_T1|open_2_T1|con_1_T1|extra_1_T1|extra_2_T1|neuro_2_T1|neuro_1_T1,Description|open_2_T2|extra_2_T2|open_1_T2|extra_1_T2|agree_2_T2|con_1_T2|neuro_1_T2|agree_1_T2|con_2_T2|neuro_2_T2
3/26/25 10:57,3/26/25 11:01,0,100,198,1,3/26/25 11:01,R_1JVM8iNtlSpLBI5,,,,,anonymous,EN,1,1,6,1,5,3,7,2,3,3,2,1,,,,,,,,,,,,,,,,,,,,,,,,,,,,,,,,,,,,,,,,,180,3,67,2,1,1,2,1,2,2,2,7,1,4,5,6,3,4,3,3,24,1,6,,34,1,3,3,,3,0,Nonstress,,FL_36,Description|neuro_2_T1|con_2_T1|extra_1_T1|open_1_T1|agree_1_T1|con_1_T1|agree_2_T1|open_2_T1|extra_2_T1|neuro_1_T1,Description|agree_1_T2|neuro_2_T2|open_2_T2|con_2_T2|open_1_T2|agree_2_T2|extra_2_T2|neuro_1_T2|con_1_T2|extra_1_T2
3/26/25 10:53,3/26/25 11:01,0,100,449,1,3/26/25 11:01,R_168sLlM5wTDXYXN,,,,,anonymous,EN,1,3,6,3,5,6,2,5,5,4,5,1,,,,,,,,,,,,,,,,,,,,,,,,,,,,,,,,,,,,,,,,,180,3,67,17,1,5,2,1,2,4,3,5,3,5,6,5,5,5,5,5,24,1,2,,29,1,3,4,,1,0,Nonstress,,FL_36,Description|neuro_1_T1|neuro_2_T1|con_2_T1|con_1_T1|open_1_T1|extra_1_T1|open_2_T1|agree_1_T1|extra_2_T1|agree_2_T1,Description|open_1_T2|extra_2_T2|open_2_T2|con_1_T2|con_2_T2|neuro_1_T2|agree_2_T2|extra_1_T2|agree_1_T2|neuro_2_T2
3/26/25 10:55,3/26/25 11:01,0,100,364,1,3/26/25 11:01,R_6hZDfC67X9Gz37H,,,,,anonymous,EN,1,6,1,6,3,6,2,6,6,4,6,1,,,,,,,,,,,,,,,,,,,,,,,,,,,,,,,,,,,,,,,,,80,3,67,9,1,5,2,1,1,4,6,1,6,2,6,2,6,6,5,5,24,2,6,,58,1,3,2,,1,0,Nonstress,,FL_36,Description|agree_1_T1|open_2_T1|open_1_T1|agree_2_T1|neuro_1_T1|con_2_T1|neuro_2_T1|extra_2_T1|extra_1_T1|con_1_T1,Description|open_1_T2|agree_1_T2|neuro_1_T2|agree_2_T2|extra_2_T2|neuro_2_T2|extra_1_T2|con_1_T2|con_2_T2|open_2_T2
3/26/25 10:53,3/26/25 11:01,0,100,480,1,3/26/25 11:01,R_16mszsXNTV6G1EG,,,,,anonymous,EN,1,2,4,3,4,4,4,4,2,3,3,1,,,,,,,,,,,,,,,,,,,,,,,,,,,,,,,,,,,,,,,,,180,3,67,10,1,5,2,1,2,2,3,5,4,4,4,5,3,2,4,4,24,1,3,,43,1,6,2,,1,0,Nonstress,,FL_36,Description|agree_2_T1|neuro_2_T1|agree_1_T1|open_1_T1|neuro_1_T1|con_1_T1|extra_2_T1|extra_1_T1|open_2_T1|con_2_T1,Description|extra_2_T2|agree_2_T2|con_2_T2|neuro_2_T2|agree_1_T2|con_1_T2|extra_1_T2|open_1_T2|neuro_1_T2|open_2_T2
3/26/25 10:58,3/26/25 11:01,0,100,165,1,3/26/25 11:01,R_7Wu1B8p7sVEheWf,,,,,anonymous,EN,1,7,7,7,1,7,1,1,3,7,7,1,,,,,,,,,,,,,,,,,,,,,,,,,,,,,,,,,,,,,,,,,180,3,67,2,1,1,2,1,1,5,7,7,7,1,7,1,7,3,7,7,24,1,6,,48,1,3,4,,1,0,Nonstress,,FL_36,Description|extra_1_T1|con_1_T1|open_1_T1|con_2_T1|agree_1_T1|neuro_2_T1|open_2_T1|extra_2_T1|agree_2_T1|neuro_1_T1,Description|extra_2_T2|extra_1_T2|open_2_T2|neuro_1_T2|agree_1_T2|agree_2_T2|con_1_T2|open_1_T2|con_2_T2|neuro_2_T2
3/26/25 10:53,3/26/25 11:01,0,100,475,1,3/26/25 11:01,R_7PvYgWFASHSInL7,,,,,anonymous,EN,1,5,4,5,3,6,2,4,4,5,6,1,0.5,35.468,41.856,44.135,2,,0,0,8.119,0,12,9.827,9.827,11.02,1,,0,0,7.124,0,,0,0,17.026,0,,0,0,7.041,0,4,6.794,6.794,8.023,1,2,4.293,4.293,5.124,1,,,,,,,,,3,2,4,5,3,5,4,3,4,3,4,6,24,1,6,,67,1,3,4,,1,1,Stress,1,FL_35,Description|extra_1_T1|neuro_2_T1|con_2_T1|extra_2_T1|open_1_T1|agree_1_T1|agree_2_T1|open_2_T1|con_1_T1|neuro_1_T1,Description|open_1_T2|con_2_T2|agree_1_T2|neuro_2_T2|neuro_1_T2|extra_1_T2|extra_2_T2|con_1_T2|open_2_T2|agree_2_T2
3/26/25 10:51,3/26/25 11:01,0,100,601,1,3/26/25 11:01,R_5gRVVvQLkSDsVve,,,,,anonymous,EN,1,5,5,6,3,7,2,4,3,6,6,1,3,19.809,19.809,44.108,1,5,6.994,6.994,8.013,1,20,6.634,6.634,10.819,1,0,5.796,5.796,7.012,1,1,9.649,9.649,13.546,1,,0,0,7.007,0,4,5.575,5.575,8.016,1,2,4.505,4.505,5.012,1,,,,,,,,,3,2,5,5,7,5,7,2,3,3,6,6,24,1,6,,76,1,2,3,,4,1,Stress,1,FL_35,Description|extra_1_T1|con_2_T1|open_1_T1|extra_2_T1|agree_1_T1|con_1_T1|neuro_1_T1|agree_2_T1|open_2_T1|neuro_2_T1,Description|extra_2_T2|agree_1_T2|agree_2_T2|extra_1_T2|open_1_T2|neuro_2_T2|con_2_T2|con_1_T2|open_2_T2|neuro_1_T2
3/26/25 10:49,3/26/25 11:01,0,100,722,1,3/26/25 11:01,R_6pM8wREaRg5YkJw,,,,,anonymous,EN,1,1,3,7,2,1,7,5,2,6,7,1,4,2.708,2.708,44.004,1,5,3.247,3.247,7.084,1,20,6.764,6.764,9.768,1,0,1.681,1.681,5,1,2,8.542,8.542,9.478,1,3,3.953,3.953,5.006,1,2,6.844,7.844,8.004,2,2,2.169,2.169,3.222,1,,,,,,,,,2,2,1,2,6,2,1,1,6,1,7,7,24,2,6,,57,1,4,4,,1,3,Stress,3,FL_35,Description|extra_2_T1|agree_1_T1|open_1_T1|extra_1_T1|con_1_T1|con_2_T1|agree_2_T1|neuro_1_T1|open_2_T1|neuro_2_T1,Description|con_1_T2|open_2_T2|extra_1_T2|neuro_1_T2|open_1_T2|extra_2_T2|agree_1_T2|agree_2_T2|neuro_2_T2|con_2_T2
3/26/25 10:57,3/26/25 11:01,0,100,218,1,3/26/25 11:01,R_510Jxh9PGxJdO1I,,,,,anonymous,EN,1,5,2,6,4,7,2,6,4,7,7,1,,,,,,,,,,,,,,,,,,,,,,,,,,,,,,,,,,,,,,,,,180,3,67,5,1,5,2,1,2,4,6,2,6,4,7,1,7,4,7,7,24,2,6,,43,1,3,3,,1,0,Nonstress,,FL_36,Description|agree_2_T1|con_2_T1|open_2_T1|extra_2_T1|neuro_2_T1|extra_1_T1|con_1_T1|agree_1_T1|neuro_1_T1|open_1_T1,Description|neuro_1_T2|neuro_2_T2|extra_1_T2|open_2_T2|con_2_T2|extra_2_T2|open_1_T2|agree_1_T2|agree_2_T2|con_1_T2
3/26/25 10:57,3/26/25 11:01,0,100,235,1,3/26/25 11:01,R_5eIRg4ybYjHT5TR,,,,,anonymous,EN,1,5,3,4,5,7,3,5,2,5,5,1,,,,,,,,,,,,,,,,,,,,,,,,,,,,,,,,,,,,,,,,,180,2,67,2,1,5,2,1,1,3,5,3,3,3,6,3,6,2,5,5,24,2,6,,52,1,3,4,,1,0,Nonstress,,FL_36,Description|extra_1_T1|con_1_T1|neuro_1_T1|con_2_T1|open_2_T1|agree_2_T1|neuro_2_T1|agree_1_T1|extra_2_T1|open_1_T1,Description|neuro_1_T2|open_2_T2|agree_1_T2|extra_2_T2|open_1_T2|agree_2_T2|con_2_T2|con_1_T2|neuro_2_T2|extra_1_T2
3/26/25 10:56,3/26/25 11:01,0,100,314,1,3/26/25 11:01,R_5IaCfgDOtVUGeMg,,,,,anonymous,EN,1,5,1,3,4,5,2,4,2,4,6,1,3,5.6,23.067,38.065,7,,3.077,3.077,8.01,1,20,2.309,2.309,7.611,1,1,4.25,4.25,6.385,1,3,5.615,5.615,8.318,1,5,6.067,6.067,7.013,1,1,4.244,4.244,5.345,1,2,2.704,2.704,3.735,1,,,,,,,,,1,3,6,7,2,4,6,2,4,3,4,5,24,1,6,,54,1,5,11,,1,0,Stress,0,FL_35,Description|extra_1_T1|neuro_1_T1|extra_2_T1|con_1_T1|con_2_T1|agree_2_T1|agree_1_T1|open_2_T1|neuro_2_T1|open_1_T1,Description|con_1_T2|extra_2_T2|open_2_T2|open_1_T2|agree_1_T2|con_2_T2|neuro_2_T2|neuro_1_T2|extra_1_T2|agree_2_T2
3/26/25 10:47,3/26/25 11:01,0,100,862,1,3/26/25 11:01,R_6nN73JmHidsyJgM,,,,,anonymous,EN,1,3,7,2,6,6,1,5,5,7,6,1,4,1.302,1.302,24.888,1,5,2.788,2.788,6.8,1,14,5.941,7.464,7.768,2,,0.814,0.814,7.111,1,,0,0,17.008,0,5,3.841,3.841,4.768,1,4,5.425,6.455,7.127,2,2,2.251,2.251,2.998,1,,,,,,,,,1,1,7,3,7,1,7,1,7,7,7,7,24,1,6,,28,1,4,6,,1,2,Stress,2,FL_35,Description|agree_1_T1|extra_1_T1|neuro_2_T1|con_2_T1|agree_2_T1|neuro_1_T1|con_1_T1|open_2_T1|open_1_T1|extra_2_T1,Description|con_1_T2|open_2_T2|agree_1_T2|agree_2_T2|neuro_2_T2|extra_1_T2|neuro_1_T2|con_2_T2|open_1_T2|extra_2_T2
3/26/25 10:54,3/26/25 11:01,0,100,418,1,3/26/25 11:01,R_6vvlkfKzPL0ue3L,,,,,anonymous,EN,1,5,4,6,3,7,1,6,5,6,6,1,,,,,,,,,,,,,,,,,,,,,,,,,,,,,,,,,,,,,,,,,180,3,67,17,1,5,2,1,2,2,5,4,6,5,7,1,6,5,6,6,24,2,6,,35,1,3,6,,3,0,Nonstress,,FL_36,Description|agree_2_T1|open_1_T1|extra_2_T1|agree_1_T1|open_2_T1|con_1_T1|neuro_1_T1|con_2_T1|neuro_2_T1|extra_1_T1,Description|extra_2_T2|extra_1_T2|agree_2_T2|neuro_2_T2|open_2_T2|con_2_T2|agree_1_T2|open_1_T2|con_1_T2|neuro_1_T2
3/26/25 10:53,3/26/25 11:01,0,100,469,1,3/26/25 11:01,R_1DswaAaByM9Oy09,,,,,anonymous,EN,1,3,5,3,5,5,2,4,4,5,5,1,,,,,,,,,,,,,,,,,,,,,,,,,,,,,,,,,,,,,,,,,180,3,67,17,1,5,2,1,1,3,4,5,3,4,5,2,4,5,5,5,24,2,1,,44,2,3,6,,3,0,Nonstress,,FL_36,Description|agree_2_T1|open_1_T1|open_2_T1|neuro_1_T1|con_1_T1|agree_1_T1|neuro_2_T1|extra_2_T1|extra_1_T1|con_2_T1,Description|extra_1_T2|open_2_T2|agree_2_T2|open_1_T2|con_1_T2|con_2_T2|agree_1_T2|extra_2_T2|neuro_2_T2|neuro_1_T2
3/26/25 10:55,3/26/25 11:01,0,100,381,1,3/26/25 11:01,R_10P64xeprZks1ll,,,,,anonymous,EN,1,5,6,5,2,6,3,3,4,5,6,1,5.75,28.544,28.544,40.995,1,,0,0,8.009,0,20,4.494,4.494,6.599,1,,0,0,7.009,0,2,5.732,5.732,17.008,1,3,5.416,5.416,6.453,1,2,5.568,5.568,7.958,1,2,3.069,3.069,5.007,1,,,,,,,,,3,2,5,6,3,2,6,3,3,4,5,6,24,2,6,,48,1,5,3,,3,1,Stress,1,FL_35,Description|extra_1_T1|neuro_2_T1|extra_2_T1|agree_2_T1|open_1_T1|neuro_1_T1|con_2_T1|agree_1_T1|open_2_T1|con_1_T1,Description|extra_1_T2|con_2_T2|agree_2_T2|con_1_T2|neuro_2_T2|open_1_T2|open_2_T2|agree_1_T2|neuro_1_T2|extra_2_T2
3/26/25 10:57,3/26/25 11:01,0,100,266,1,3/26/25 11:01,R_3PY0W4PsI0ddiaZ,,,,,anonymous,EN,1,5,2,5,3,7,2,4,6,7,7,1,,,,,,,,,,,,,,,,,,,,,,,,,,,,,,,,,,,,,,,,,180,3,67,-10,1,1,2,1,1,5,6,6,6,2,7,1,1,7,5,6,24,1,6,,43,1,3,4,,1,0,Nonstress,,FL_36,Description|agree_2_T1|con_1_T1|extra_2_T1|agree_1_T1|extra_1_T1|open_2_T1|neuro_2_T1|open_1_T1|con_2_T1|neuro_1_T1,Description|extra_1_T2|open_1_T2|neuro_2_T2|neuro_1_T2|con_2_T2|open_2_T2|con_1_T2|agree_1_T2|agree_2_T2|extra_2_T2
3/26/25 10:59,3/26/25 11:01,0,100,167,1,3/26/25 11:01,R_7eZOiVDGbOwC0pP,,,,,anonymous,EN,1,2,6,3,5,6,4,2,3,3,4,1,,,,,,,,,,,,,,,,,,,,,,,,,,,,,,,,,,,,,,,,,180,3,67,0,1,5,2,1,2,3,3,6,3,5,6,4,3,2,3,4,24,2,6,,41,1,3,6,,2,0,Nonstress,,FL_36,Description|extra_2_T1|open_2_T1|extra_1_T1|open_1_T1|con_1_T1|neuro_1_T1|con_2_T1|agree_1_T1|agree_2_T1|neuro_2_T1,Description|neuro_1_T2|open_2_T2|con_2_T2|open_1_T2|extra_1_T2|neuro_2_T2|extra_2_T2|con_1_T2|agree_2_T2|agree_1_T2
3/26/25 10:56,3/26/25 11:01,0,100,355,1,3/26/25 11:01,R_5CHNOjHE2owVvXB,,,,,anonymous,EN,1,6,4,6,3,6,7,6,6,6,6,1,2,12.369,25.882,26.313,2,,0.851,2.098,8.015,2,100,1.715,3.604,4.081,2,5,0.637,0.637,1.823,1,4,5.066,6.716,7.508,3,5,3.892,5.173,5.529,3,2,3.311,4.812,5.361,3,5,3.68,4.523,5.111,2,,,,,,,,,1,5,7,4,7,1,7,1,7,7,7,7,24,2,1,,43,1,3,3,,1,1,Stress,1,FL_35,Description|agree_1_T1|open_2_T1|neuro_1_T1|extra_2_T1|open_1_T1|neuro_2_T1|con_1_T1|con_2_T1|extra_1_T1|agree_2_T1,Description|neuro_2_T2|con_2_T2|extra_1_T2|open_2_T2|extra_2_T2|open_1_T2|agree_2_T2|agree_1_T2|con_1_T2|neuro_1_T2
3/26/25 10:48,3/26/25 11:02,0,100,819,1,3/26/25 11:02,R_5F2dMDu3jOiefQd,,,,,anonymous,EN,1,3,3,5,3,3,3,5,5,3,3,1,,,,,,,,,,,,,,,,,,,,,,,,,,,,,,,,,,,,,,,,,180,3,67,17,1,1,2,1,3,4,5,3,5,5,3,5,3,3,3,3,24,2,1,,22,1,2,4,,1,0,Nonstress,,FL_36,Description|con_2_T1|neuro_2_T1|agree_2_T1|con_1_T1|extra_1_T1|neuro_1_T1|open_2_T1|open_1_T1|agree_1_T1|extra_2_T1,Description|open_1_T2|neuro_2_T2|agree_1_T2|agree_2_T2|neuro_1_T2|extra_2_T2|con_2_T2|open_2_T2|con_1_T2|extra_1_T2
3/26/25 10:57,3/26/25 11:02,0,100,285,1,3/26/25 11:02,R_5ABP7Z4HRszFwZz,,,,,anonymous,EN,1,3,4,3,4,5,3,5,5,4,5,1,,,,,,,,,,,,,,,,,,,,,,,,,,,,,,,,,,,,,,,,,180,3,67,17,1,1,2,1,1,2,3,4,3,4,5,3,5,5,4,5,24,2,6,,26,1,3,3,,3,0,Nonstress,,FL_36,Description|neuro_1_T1|extra_1_T1|open_1_T1|con_2_T1|agree_1_T1|agree_2_T1|extra_2_T1|neuro_2_T1|open_2_T1|con_1_T1,Description|agree_1_T2|agree_2_T2|open_1_T2|extra_2_T2|neuro_1_T2|open_2_T2|con_2_T2|con_1_T2|neuro_2_T2|extra_1_T2
3/26/25 10:57,3/26/25 11:02,0,100,266,1,3/26/25 11:02,R_5hfNlw27k1QiclX,,,,,anonymous,EN,1,6,2,5,4,7,2,7,6,6,6,1,,,,,,,,,,,,,,,,,,,,,,,,,,,,,,,,,,,,,,,,,170,3,67,5,1,5,2,1,2,4,6,2,6,5,6,1,7,7,6,7,144,1,6,,55,1,3,4,,1,0,Nonstress,,FL_36,Description|agree_2_T1|agree_1_T1|open_1_T1|neuro_2_T1|con_1_T1|open_2_T1|neuro_1_T1|con_2_T1|extra_1_T1|extra_2_T1,Description|open_1_T2|neuro_1_T2|agree_1_T2|neuro_2_T2|open_2_T2|extra_2_T2|con_2_T2|extra_1_T2|con_1_T2|agree_2_T2
3/26/25 10:56,3/26/25 11:02,0,100,347,1,3/26/25 11:02,R_3wSjL6Bpvpl9W1I,,,,,anonymous,EN,1,3,4,2,5,3,7,2,2,5,4,1,3.1,23.75,23.75,29.466,1,5,3.496,3.496,6.1,1,42,6.151,6.151,7.9,1,jesus is always the answer,1.682,1.682,7.024,1,,0,0,17.125,0,,0,0,7.024,0,3,4.473,4.473,8.026,1,2,2.645,2.645,5.026,1,,,,,,,,,1,3,4,4,4,4,4,4,4,4,4,4,24,2,6,,64,1,6,4,,4,1,Stress,1,FL_35,Description|agree_1_T1|open_2_T1|open_1_T1|neuro_2_T1|neuro_1_T1|extra_1_T1|agree_2_T1|con_2_T1|con_1_T1|extra_2_T1,Description|neuro_2_T2|extra_1_T2|extra_2_T2|agree_1_T2|con_1_T2|con_2_T2|agree_2_T2|open_1_T2|neuro_1_T2|open_2_T2
3/26/25 10:55,3/26/25 11:02,0,100,426,1,3/26/25 11:02,R_1iHhSqsZwfXxpkd,,,,,anonymous,EN,1,6,3,6,2,6,1,6,4,5,7,1,,18.965,18.965,44.105,1,1,5.18,5.18,8.004,1,,0,0,11.007,0,0,5.007,5.007,7.005,1,3,12.878,12.878,17.006,1,4,5.912,5.912,7.007,1,4,6.698,6.698,8.104,1,2,2.606,2.606,5.106,1,,,,,,,,,1,4,6,3,6,2,6,1,6,4,5,6,24,2,7,,60,1,3,4,,1,0,Stress,0,FL_35,Description|agree_1_T1|extra_1_T1|open_1_T1|agree_2_T1|open_2_T1|neuro_1_T1|neuro_2_T1|con_1_T1|con_2_T1|extra_2_T1,Description|extra_1_T2|con_2_T2|agree_2_T2|agree_1_T2|extra_2_T2|con_1_T2|neuro_2_T2|open_1_T2|neuro_1_T2|open_2_T2
3/26/25 10:55,3/26/25 11:02,0,100,395,1,3/26/25 11:02,R_18SZcF4pLJPhSQ4,,,,,anonymous,EN,1,5,2,4,3,6,2,6,5,6,5,1,,,,,,,,,,,,,,,,,,,,,,,,,,,,,,,,,,,,,,,,,180,3,67,17,1,5,2,1,2,4,5,2,3,2,5,2,6,5,6,5,24,2,6,,57,1,2,6,,2,0,Nonstress,,FL_36,Description|con_2_T1|extra_2_T1|agree_2_T1|extra_1_T1|neuro_1_T1|con_1_T1|open_2_T1|neuro_2_T1|agree_1_T1|open_1_T1,Description|open_2_T2|open_1_T2|extra_2_T2|agree_2_T2|neuro_1_T2|extra_1_T2|neuro_2_T2|con_2_T2|agree_1_T2|con_1_T2
3/26/25 10:58,3/26/25 11:02,0,100,268,1,3/26/25 11:02,R_6qemY3UDpAI3bM8,,,,,anonymous,EN,1,5,4,7,6,6,1,6,1,5,7,1,,,,,,,,,,,,,,,,,,,,,,,,,,,,,,,,,,,,,,,,,180,3,67,3,1,5,2,1,2,2,6,7,3,5,5,2,5,4,3,7,24,2,6,,42,1,3,4,,1,0,Nonstress,,FL_36,Description|con_2_T1|neuro_1_T1|con_1_T1|extra_1_T1|agree_2_T1|extra_2_T1|neuro_2_T1|open_1_T1|open_2_T1|agree_1_T1,Description|neuro_2_T2|con_1_T2|con_2_T2|extra_1_T2|open_2_T2|agree_1_T2|neuro_1_T2|extra_2_T2|agree_2_T2|open_1_T2
3/26/25 10:51,3/26/25 11:02,0,100,656,1,3/26/25 11:02,R_7dN0QC6b94V73FO,,,,,anonymous,EN,1,5,5,3,3,6,3,7,6,7,6,1,,,,,,,,,,,,,,,,,,,,,,,,,,,,,,,,,,,,,,,,,180,2,67,5,1,5,2,1,1,3,5,4,5,3,6,2,7,5,7,7,24,2,6,,66,1,4,3,,3,0,Nonstress,,FL_36,Description|extra_1_T1|extra_2_T1|open_2_T1|open_1_T1|con_1_T1|neuro_2_T1|agree_2_T1|neuro_1_T1|con_2_T1|agree_1_T1,Description|open_2_T2|agree_1_T2|extra_2_T2|neuro_1_T2|open_1_T2|extra_1_T2|con_2_T2|agree_2_T2|neuro_2_T2|con_1_T2
3/26/25 10:56,3/26/25 11:02,0,100,350,1,3/26/25 11:02,R_5pYSV6ELesvMpM1,,,,,anonymous,EN,1,4,4,4,3,6,2,5,1,5,6,1,,,,,,,,,,,,,,,,,,,,,,,,,,,,,,,,,,,,,,,,,250,2,67,5,1,5,2,1,1,3,4,4,3,2,6,5,5,3,5,6,24,2,6,,53,1,5,4,,1,0,Nonstress,,FL_36,Description|con_1_T1|open_1_T1|open_2_T1|agree_1_T1|neuro_2_T1|extra_1_T1|con_2_T1|extra_2_T1|neuro_1_T1|agree_2_T1,Description|con_1_T2|con_2_T2|agree_2_T2|extra_1_T2|open_2_T2|agree_1_T2|neuro_2_T2|extra_2_T2|open_1_T2|neuro_1_T2
3/26/25 10:49,3/26/25 11:02,0,100,810,1,3/26/25 11:02,R_5F3MYhaTT9DX7nH,,,,,anonymous,EN,1,7,4,6,1,7,1,7,6,7,7,1,,,,,,,,,,,,,,,,,,,,,,,,,,,,,,,,,,,,,,,,,180,2,67,17,1,5,2,1,2,4,7,7,7,1,7,1,7,7,7,7,24,1,6,,27,1,1,6,,1,0,Nonstress,,FL_36,Description|extra_2_T1|con_2_T1|open_1_T1|extra_1_T1|agree_1_T1|agree_2_T1|neuro_1_T1|open_2_T1|neuro_2_T1|con_1_T1,Description|open_1_T2|extra_2_T2|con_1_T2|neuro_2_T2|agree_1_T2|neuro_1_T2|agree_2_T2|con_2_T2|open_2_T2|extra_1_T2
3/26/25 10:57,3/26/25 11:02,0,100,315,1,3/26/25 11:02,R_7jm5R85Q7YgR6Eh,,,,,anonymous,EN,1,4,4,3,2,6,2,3,3,7,6,1,4,24.401,24.401,27.601,1,,0,0,8.126,0,40,5.383,5.383,8.285,1,2,3.971,4.82,5.118,2,4,4.26,4.26,6.627,1,3,6.582,6.582,7.115,1,3,1.603,1.603,3.743,1,,0,0,5.118,0,,,,,,,,,4,3,4,3,4,4,6,2,3,4,7,6,24,2,6,,18,1,2,3,,2,4,Stress,4,FL_35,Description|extra_2_T1|con_1_T1|con_2_T1|agree_1_T1|neuro_1_T1|agree_2_T1|neuro_2_T1|open_1_T1|extra_1_T1|open_2_T1,Description|agree_1_T2|extra_1_T2|con_2_T2|neuro_1_T2|con_1_T2|extra_2_T2|open_1_T2|neuro_2_T2|agree_2_T2|open_2_T2
3/26/25 10:58,3/26/25 11:02,0,100,285,1,3/26/25 11:02,R_6Cgb94PLiTyf8Xm,,,,,anonymous,EN,1,6,3,5,2,6,3,6,6,5,7,1,,,,,,,,,,,,,,,,,,,,,,,,,,,,,,,,,,,,,,,,,180,3,67,2,1,5,2,1,1,5,6,6,5,2,6,2,6,6,5,7,24,2,6,,52,1,3,3,,2,0,Nonstress,,FL_36,Description|agree_2_T1|open_2_T1|extra_1_T1|con_1_T1|agree_1_T1|neuro_1_T1|con_2_T1|neuro_2_T1|open_1_T1|extra_2_T1,Description|agree_1_T2|neuro_1_T2|open_1_T2|open_2_T2|con_1_T2|agree_2_T2|neuro_2_T2|con_2_T2|extra_1_T2|extra_2_T2
3/26/25 10:58,3/26/25 11:02,0,100,233,1,3/26/25 11:02,R_3eJXviLmGz42ckV,,,,,anonymous,EN,1,3,5,3,5,4,4,3,4,3,5,1,,,,,,,,,,,,,,,,,,,,,,,,,,,,,,,,,,,,,,,,,180,3,67,17,1,5,2,1,2,3,3,5,4,5,5,4,3,4,3,5,24,1,7,,41,1,3,9,,3,0,Nonstress,,FL_36,Description|open_2_T1|extra_1_T1|con_2_T1|open_1_T1|con_1_T1|agree_1_T1|neuro_2_T1|agree_2_T1|extra_2_T1|neuro_1_T1,Description|neuro_1_T2|con_2_T2|open_2_T2|neuro_2_T2|con_1_T2|extra_1_T2|agree_2_T2|open_1_T2|extra_2_T2|agree_1_T2
3/26/25 10:55,3/26/25 11:02,0,100,410,1,3/26/25 11:02,R_59m2AVq5DmIVPZS,,,,,anonymous,EN,1,7,4,7,1,7,1,6,6,6,5,1,25,33.215,69.129,70.246,4,,0,0,8.127,0,20,5.578,8.187,8.943,2,,6.666,6.666,7.023,1,2,2.693,6.694,7.627,4,,4.407,4.407,7.01,1,3,2.633,5.387,6.454,3,2,2.014,3.703,4.769,2,,,,,,,,,2,4,6,4,7,2,7,1,6,6,7,6,24,1,6,,50,1,2,4,,1,0,Stress,0,FL_35,Description|neuro_1_T1|open_2_T1|extra_1_T1|open_1_T1|con_1_T1|extra_2_T1|agree_2_T1|neuro_2_T1|con_2_T1|agree_1_T1,Description|extra_1_T2|agree_2_T2|con_2_T2|neuro_1_T2|con_1_T2|open_1_T2|neuro_2_T2|open_2_T2|agree_1_T2|extra_2_T2
3/26/25 10:53,3/26/25 11:02,0,100,543,1,3/26/25 11:02,R_1CamW5XPeafccJH,,,,,anonymous,EN,1,3,5,7,3,6,2,5,3,5,6,1,9,32.361,32.361,35.873,1,,0,0,8.111,0,,0,0,11.114,0,,0,0,7.016,0,4,15.71,15.71,17.125,1,3,6.39,6.39,7.017,1,2,5.9,5.9,8.021,1,,0,0,5.017,0,,,,,,,,,2,3,3,5,5,4,6,2,5,3,5,6,24,1,6,,34,1,3,4,,4,2,Stress,2,FL_35,Description|extra_1_T1|neuro_2_T1|extra_2_T1|open_2_T1|agree_1_T1|con_2_T1|con_1_T1|agree_2_T1|open_1_T1|neuro_1_T1,Description|con_1_T2|extra_2_T2|neuro_1_T2|open_2_T2|neuro_2_T2|con_2_T2|agree_2_T2|open_1_T2|agree_1_T2|extra_1_T2
3/26/25 10:57,3/26/25 11:03,0,100,332,1,3/26/25 11:03,R_7ayO4jW5ykEdMnA,,,,,anonymous,EN,1,6,7,5,2,6,3,6,6,6,5,1,4,15.253,29.589,33.346,3,,0,0,8.009,0,,5.121,5.716,11.029,2,,0,0,7.027,0,,10.72,11.36,18.119,2,,0,0,7.01,0,5,5.09,5.09,6.057,1,2,3.45,3.45,5.116,1,,,,,,,,,2,2,6,7,3,5,6,5,6,5,6,6,24,1,4,,32,1,2,9,,1,2,Stress,2,FL_35,Description|open_2_T1|agree_2_T1|con_2_T1|con_1_T1|neuro_1_T1|extra_1_T1|agree_1_T1|open_1_T1|extra_2_T1|neuro_2_T1,Description|agree_2_T2|con_2_T2|neuro_1_T2|extra_1_T2|open_2_T2|con_1_T2|agree_1_T2|open_1_T2|extra_2_T2|neuro_2_T2
3/26/25 10:58,3/26/25 11:03,0,100,257,1,3/26/25 11:03,R_6kNdlyjZKDjEOiR,,,,,anonymous,EN,1,3,6,1,5,7,4,7,6,3,3,1,,0.979,0.979,44.112,1,,0.749,4.357,8.011,2,11,0.673,3.387,3.638,3,3,1.039,1.039,4.052,1,2,9.945,9.945,10.774,1,1,4.178,4.178,4.951,1,3,5.043,5.043,5.783,1,4,2.781,2.781,3.634,1,,,,,,,,,2,2,4,7,1,5,7,3,7,6,4,3,24,1,3,,24,1,4,4,,1,1,Stress,1,FL_35,Description|extra_2_T1|open_2_T1|agree_1_T1|con_2_T1|con_1_T1|neuro_1_T1|agree_2_T1|open_1_T1|neuro_2_T1|extra_1_T1,Description|neuro_2_T2|agree_2_T2|neuro_1_T2|extra_1_T2|open_1_T2|agree_1_T2|con_1_T2|extra_2_T2|con_2_T2|open_2_T2
3/26/25 10:58,3/26/25 11:03,0,100,277,1,3/26/25 11:03,R_5zdNkpqP9Gn0mpI,,,,,anonymous,EN,1,6,2,6,2,7,1,5,7,6,7,1,,,,,,,,,,,,,,,,,,,,,,,,,,,,,,,,,,,,,,,,,162,3,67,5,1,5,2,1,1,3,6,4,6,2,7,2,6,5,6,7,24,2,6,,52,1,4,4,,2,0,Nonstress,,FL_36,Description|agree_1_T1|open_1_T1|extra_1_T1|open_2_T1|neuro_2_T1|con_1_T1|agree_2_T1|neuro_1_T1|extra_2_T1|con_2_T1,Description|open_2_T2|agree_1_T2|extra_2_T2|extra_1_T2|open_1_T2|agree_2_T2|con_1_T2|neuro_1_T2|con_2_T2|neuro_2_T2
3/26/25 10:53,3/26/25 11:03,0,100,598,1,3/26/25 11:03,R_7StpjMDMIfgzHZn,,,,,anonymous,EN,1,3,4,4,4,6,1,6,6,7,7,1,,0,0,44.05,0,,0,0,8.005,0,20,7.248,10.355,11.008,2,,0,0,7.065,0,3,2.245,3.256,3.789,2,4,4.833,6.809,7.008,3,,6.658,7.806,8.009,2,2,4.279,4.279,5.146,1,,,,,,,,,5,2,4,5,5,7,5,6,4,5,5,5,24,2,6,,33,1,5,3,,2,0,Stress,0,FL_35,Description|extra_2_T1|agree_1_T1|con_2_T1|agree_2_T1|con_1_T1|neuro_2_T1|neuro_1_T1|open_2_T1|open_1_T1|extra_1_T1,Description|open_2_T2|open_1_T2|agree_1_T2|con_1_T2|neuro_2_T2|extra_1_T2|agree_2_T2|neuro_1_T2|con_2_T2|extra_2_T2
3/26/25 10:52,3/26/25 11:03,0,100,637,1,3/26/25 11:03,R_3lGt2MXSGwSw0dO,,,,,anonymous,EN,1,4,6,4,4,6,4,6,5,7,7,1,5,3.513,3.513,44.009,1,,2.418,2.418,8.115,1,10,1.775,1.775,8.445,1,,2.494,5.376,7.007,2,,0,0,17.01,0,,0,0,7.015,0,2,4.59,7.852,8.006,3,,0,0,5.02,0,,,,,,,,,4,2,4,4,4,5,6,2,6,5,7,7,24,2,6,,59,1,3,3,,4,0,Stress,0,FL_35,Description|agree_1_T1|extra_2_T1|open_2_T1|neuro_2_T1|neuro_1_T1|agree_2_T1|extra_1_T1|con_2_T1|con_1_T1|open_1_T1,Description|neuro_1_T2|extra_1_T2|agree_1_T2|con_2_T2|agree_2_T2|con_1_T2|open_2_T2|open_1_T2|neuro_2_T2|extra_2_T2
3/26/25 10:57,3/26/25 11:03,0,100,337,1,3/26/25 11:03,R_3NCKKH1dvJ0Q7Xk,,,,,anonymous,EN,1,3,3,6,5,7,2,5,7,5,7,1,,,,,,,,,,,,,,,,,,,,,,,,,,,,,,,,,,,,,,,,,125,3,67,20,1,3,2,1,2,4,3,3,7,5,7,2,5,7,6,7,24,2,6,,30,1,3,4,,3,0,Nonstress,,FL_36,Description|open_1_T1|extra_2_T1|agree_2_T1|neuro_1_T1|extra_1_T1|open_2_T1|con_1_T1|agree_1_T1|neuro_2_T1|con_2_T1,Description|open_2_T2|extra_2_T2|neuro_2_T2|extra_1_T2|agree_1_T2|agree_2_T2|open_1_T2|con_1_T2|con_2_T2|neuro_1_T2
3/26/25 10:58,3/26/25 11:03,0,100,268,1,3/26/25 11:03,R_3X114aH1HjqUMsx,,,,,anonymous,EN,1,2,7,1,5,3,5,3,2,5,7,1,3,1.623,1.623,18.515,1,,1.315,1.315,8.011,1,20,1.238,1.238,6.2,1,2,1.488,1.488,7.11,1,4,5.079,6.081,7.022,2,,6.198,6.198,7.111,1,3,3.909,5.234,6.201,2,4,3.2,4.575,5.015,2,,,,,,,,,2,3,3,7,1,5,3,5,3,2,5,7,24,1,6,,51,1,6,2,,4,3,Stress,3,FL_35,Description|extra_2_T1|neuro_1_T1|agree_1_T1|con_1_T1|neuro_2_T1|open_2_T1|open_1_T1|agree_2_T1|extra_1_T1|con_2_T1,Description|open_1_T2|neuro_2_T2|extra_2_T2|agree_1_T2|con_1_T2|extra_1_T2|neuro_1_T2|open_2_T2|agree_2_T2|con_2_T2
3/26/25 10:55,3/26/25 11:03,0,100,457,1,3/26/25 11:03,R_1QbWDyGv8f9xMQa,,,,,anonymous,EN,1,5,3,6,4,6,2,5,5,7,5,1,5,2.81,2.81,40.949,1,,2.335,2.335,8.006,1,30,6.951,6.951,9.078,1,3,4.561,4.561,6.151,1,2,3.787,3.787,5.384,1,5,6.991,6.991,7.006,1,2,3.741,3.741,5.401,1,2,2.252,2.252,3.749,1,,,,,,,,,2,3,5,2,6,3,6,3,6,5,6,6,24,2,6,,60,1,2,4,,2,0,Stress,0,FL_35,Description|neuro_1_T1|agree_1_T1|extra_2_T1|agree_2_T1|extra_1_T1|open_2_T1|open_1_T1|con_2_T1|neuro_2_T1|con_1_T1,Description|agree_2_T2|open_2_T2|con_1_T2|extra_2_T2|neuro_2_T2|open_1_T2|neuro_1_T2|extra_1_T2|agree_1_T2|con_2_T2
3/26/25 10:58,3/26/25 11:03,0,100,299,1,3/26/25 11:03,R_7C1ih0XFQ7wgV56,,,,,anonymous,EN,1,5,3,4,3,5,2,5,6,5,5,1,,,,,,,,,,,,,,,,,,,,,,,,,,,,,,,,,,,,,,,,,180,3,67,17,1,5,2,1,3,3,4,4,3,5,3,4,4,5,5,5,24,1,1,,26,1,2,4,,2,0,Nonstress,,FL_36,Description|agree_2_T1|agree_1_T1|con_2_T1|open_1_T1|neuro_2_T1|con_1_T1|extra_2_T1|extra_1_T1|open_2_T1|neuro_1_T1,Description|open_1_T2|neuro_2_T2|neuro_1_T2|con_2_T2|open_2_T2|agree_2_T2|extra_2_T2|extra_1_T2|con_1_T2|agree_1_T2
3/26/25 11:00,3/26/25 11:03,0,100,189,1,3/26/25 11:03,R_3JWSKxQj2lpdW55,,,,,anonymous,EN,1,3,6,2,5,5,5,3,3,2,5,1,,,,,,,,,,,,,,,,,,,,,,,,,,,,,,,,,,,,,,,,,6.75,3,68,5,1,5,2,1,2,2,3,6,3,2,3,5,4,3,5,5,24,1,7,,29,1,3,4,,1,0,Nonstress,,FL_36,Description|open_1_T1|extra_1_T1|neuro_1_T1|con_2_T1|extra_2_T1|open_2_T1|neuro_2_T1|agree_2_T1|agree_1_T1|con_1_T1,Description|extra_2_T2|open_1_T2|con_1_T2|con_2_T2|neuro_2_T2|neuro_1_T2|open_2_T2|agree_2_T2|agree_1_T2|extra_1_T2
3/26/25 11:00,3/26/25 11:03,0,100,199,1,3/26/25 11:03,R_1RgzmiaJNRHd5aK,,,,,anonymous,EN,1,3,5,3,2,5,1,6,3,2,6,1,,,,,,,,,,,,,,,,,,,,,,,,,,,,,,,,,,,,,,,,,180,3,67,77,1,5,2,1,1,3,3,7,3,1,6,1,6,2,3,7,24,1,6,,44,1,5,6,,1,0,Nonstress,,FL_36,Description|extra_2_T1|agree_2_T1|agree_1_T1|open_1_T1|neuro_1_T1|con_2_T1|con_1_T1|neuro_2_T1|open_2_T1|extra_1_T1,Description|con_2_T2|extra_2_T2|neuro_2_T2|open_1_T2|neuro_1_T2|agree_2_T2|open_2_T2|con_1_T2|extra_1_T2|agree_1_T2
3/26/25 10:59,3/26/25 11:03,0,100,234,1,3/26/25 11:03,R_1Qa5EeKYHv3sE2B,,,,,anonymous,EN,1,1,3,4,2,3,7,6,6,6,7,1,,,,,,,,,,,,,,,,,,,,,,,,,,,,,,,,,,,,,,,,,180,3,67,97,1,5,2,1,2,3,1,3,4,2,3,7,6,6,6,7,24,1,2,,27,1,4,2,,3,0,Nonstress,,FL_36,Description|open_1_T1|neuro_1_T1|agree_1_T1|con_2_T1|extra_2_T1|agree_2_T1|open_2_T1|extra_1_T1|neuro_2_T1|con_1_T1,Description|con_1_T2|open_2_T2|con_2_T2|neuro_1_T2|open_1_T2|extra_2_T2|extra_1_T2|agree_1_T2|neuro_2_T2|agree_2_T2
3/26/25 10:57,3/26/25 11:03,0,100,342,1,3/26/25 11:03,R_5ozk2wk4B91PuaL,,,,,anonymous,EN,1,5,4,4,3,4,2,4,3,7,6,1,5,32.214,32.214,34.896,1,,0,0,8.103,0,20,1.779,1.779,8.485,1,33,2.173,2.173,4.623,1,3,3.729,3.729,5.139,1,5,6.152,6.152,7.103,1,3,1.859,1.859,3.453,1,2,3.779,3.779,5.005,1,,,,,,,,,4,1,5,4,4,2,4,2,5,3,7,5,24,2,6,,38,1,4,4,,1,0,Stress,0,FL_35,Description|neuro_1_T1|neuro_2_T1|extra_1_T1|open_2_T1|con_1_T1|open_1_T1|agree_1_T1|con_2_T1|agree_2_T1|extra_2_T1,Description|con_2_T2|agree_2_T2|neuro_2_T2|agree_1_T2|con_1_T2|extra_2_T2|open_2_T2|extra_1_T2|open_1_T2|neuro_1_T2
3/26/25 10:55,3/26/25 11:03,0,100,495,1,3/26/25 11:03,R_3s4X0EhQ5tAll7a,,,,,anonymous,EN,1,3,5,3,4,7,2,4,3,5,6,1,,,,,,,,,,,,,,,,,,,,,,,,,,,,,,,,,,,,,,,,,180,3,67,17,1,5,2,1,2,4,4,5,4,4,6,2,6,3,5,5,24,2,6,,61,1,5,2,,3,0,Nonstress,,FL_36,Description|extra_2_T1|agree_2_T1|neuro_2_T1|extra_1_T1|agree_1_T1|con_1_T1|con_2_T1|open_1_T1|neuro_1_T1|open_2_T1,Description|extra_2_T2|con_1_T2|agree_1_T2|extra_1_T2|neuro_2_T2|open_1_T2|neuro_1_T2|con_2_T2|agree_2_T2|open_2_T2
3/26/25 11:00,3/26/25 11:03,0,100,223,1,3/26/25 11:03,R_1etaQVabyaOgjsD,,,,,anonymous,EN,1,2,7,2,4,6,4,4,2,7,6,1,,,,,,,,,,,,,,,,,,,,,,,,,,,,,,,,,,,,,,,,,40,3,67,125,1,5,2,1,3,2,3,7,3,4,6,4,4,2,7,5,24,2,2,,36,1,4,4,,1,0,Nonstress,,FL_36,Description|open_2_T1|agree_2_T1|neuro_1_T1|con_1_T1|extra_1_T1|extra_2_T1|open_1_T1|neuro_2_T1|con_2_T1|agree_1_T1,Description|agree_2_T2|agree_1_T2|open_2_T2|extra_1_T2|con_2_T2|neuro_2_T2|neuro_1_T2|open_1_T2|extra_2_T2|con_1_T2
3/26/25 10:57,3/26/25 11:03,0,100,384,1,3/26/25 11:03,R_55Hhz030GS3g0JX,,,,,anonymous,EN,1,3,5,3,5,3,5,3,5,5,5,1,,2.801,2.801,44.01,1,,5.008,5.008,8.006,1,35,1.377,1.377,10.532,1,0,4.026,4.026,5.683,1,3,5.58,5.58,6.973,1,3,6.642,6.642,7.009,1,3,4.713,5.675,5.993,2,2,2.778,2.778,5.016,1,,,,,,,,,3,1,3,6,3,5,2,5,3,3,1,3,24,1,6,,53,1,3,4,,1,1,Stress,1,FL_35,Description|extra_1_T1|open_1_T1|agree_1_T1|agree_2_T1|neuro_1_T1|con_2_T1|neuro_2_T1|open_2_T1|con_1_T1|extra_2_T1,Description|neuro_1_T2|agree_2_T2|extra_1_T2|agree_1_T2|neuro_2_T2|con_1_T2|con_2_T2|extra_2_T2|open_2_T2|open_1_T2
3/26/25 10:58,3/26/25 11:04,0,100,316,1,3/26/25 11:04,R_3CCNLMqwQLGGBFk,,,,,anonymous,EN,1,6,5,5,3,6,1,3,6,6,6,1,,,,,,,,,,,,,,,,,,,,,,,,,,,,,,,,,,,,,,,,,180,3,9,5,1,5,2,1,2,2,3,5,3,6,5,3,2,5,3,5,24,2,6,,44,1,3,4,,1,0,Nonstress,,FL_36,Description|agree_2_T1|con_2_T1|extra_2_T1|con_1_T1|open_1_T1|neuro_1_T1|open_2_T1|extra_1_T1|agree_1_T1|neuro_2_T1,Description|agree_1_T2|extra_1_T2|con_1_T2|open_2_T2|agree_2_T2|open_1_T2|con_2_T2|neuro_2_T2|neuro_1_T2|extra_2_T2
3/26/25 10:56,3/26/25 11:04,0,100,472,1,3/26/25 11:04,R_3mNTB0rhWOewRJT,,,,,anonymous,EN,1,5,4,5,6,5,2,6,7,3,6,1,,,,,,,,,,,,,,,,,,,,,,,,,,,,,,,,,,,,,,,,,180,3,66,4,1,5,2,1,2,4,5,4,5,5,5,2,7,7,3,6,24,1,6,,33,1,3,2,,1,0,Nonstress,,FL_36,Description|con_2_T1|agree_2_T1|open_1_T1|neuro_2_T1|con_1_T1|extra_1_T1|open_2_T1|extra_2_T1|agree_1_T1|neuro_1_T1,Description|agree_2_T2|neuro_1_T2|extra_1_T2|agree_1_T2|open_1_T2|con_1_T2|con_2_T2|open_2_T2|extra_2_T2|neuro_2_T2
3/26/25 10:57,3/26/25 11:04,0,100,371,1,3/26/25 11:04,R_3fTYtUdI0qJBsac,,,,,anonymous,EN,1,7,4,6,3,6,1,7,5,7,7,1,,,,,,,,,,,,,,,,,,,,,,,,,,,,,,,,,,,,,,,,,180,3,67,17,1,5,2,1,3,3,7,4,6,3,6,1,7,5,7,7,24,2,6,,70,1,4,3,,1,0,Nonstress,,FL_36,Description|con_1_T1|agree_2_T1|neuro_1_T1|open_2_T1|con_2_T1|agree_1_T1|open_1_T1|extra_2_T1|extra_1_T1|neuro_2_T1,Description|neuro_2_T2|agree_2_T2|neuro_1_T2|con_1_T2|open_1_T2|extra_1_T2|agree_1_T2|open_2_T2|extra_2_T2|con_2_T2
3/26/25 11:00,3/26/25 11:04,0,100,235,1,3/26/25 11:04,R_3V2T3kCF0ZXGaHr,,,,,anonymous,EN,1,4,6,5,4,6,3,5,6,5,5,1,,,,,,,,,,,,,,,,,,,,,,,,,,,,,,,,,,,,,,,,,180,3,67,17,1,5,2,1,2,3,4,6,5,5,6,3,5,6,5,5,24,2,7,,23,1,3,5,,2,0,Nonstress,,FL_36,Description|agree_2_T1|con_1_T1|extra_1_T1|extra_2_T1|open_2_T1|neuro_2_T1|neuro_1_T1|con_2_T1|agree_1_T1|open_1_T1,Description|agree_1_T2|extra_1_T2|con_2_T2|agree_2_T2|neuro_2_T2|neuro_1_T2|con_1_T2|open_1_T2|open_2_T2|extra_2_T2
3/26/25 11:00,3/26/25 11:04,0,100,195,1,3/26/25 11:04,R_5oS04Xv6ldBiUif,,,,,anonymous,EN,1,7,3,6,1,7,2,6,6,5,6,1,,,,,,,,,,,,,,,,,,,,,,,,,,,,,,,,,,,,,,,,,180,3,67,17,1,5,2,1,1,5,7,3,7,1,7,1,6,6,5,6,24,1,6,,24,1,3,3,,2,0,Nonstress,,FL_36,Description|agree_2_T1|neuro_1_T1|con_1_T1|extra_2_T1|con_2_T1|open_1_T1|agree_1_T1|neuro_2_T1|extra_1_T1|open_2_T1,Description|con_1_T2|open_2_T2|neuro_2_T2|neuro_1_T2|extra_2_T2|open_1_T2|agree_1_T2|extra_1_T2|agree_2_T2|con_2_T2
3/26/25 11:00,3/26/25 11:04,0,100,201,1,3/26/25 11:04,R_7Ebr6YTkAFc8DMf,,,,,anonymous,EN,1,3,6,2,6,6,2,6,5,6,5,1,,,,,,,,,,,,,,,,,,,,,,,,,,,,,,,,,,,,,,,,,180,3,67,17,1,5,2,1,2,3,3,6,2,5,6,2,6,5,6,5,24,2,6,,39,1,3,4,,2,0,Nonstress,,FL_36,Description|neuro_1_T1|open_2_T1|neuro_2_T1|con_2_T1|open_1_T1|extra_2_T1|agree_1_T1|agree_2_T1|extra_1_T1|con_1_T1,Description|neuro_2_T2|neuro_1_T2|con_1_T2|extra_2_T2|agree_1_T2|extra_1_T2|open_2_T2|agree_2_T2|open_1_T2|con_2_T2
3/26/25 10:59,3/26/25 11:04,0,100,304,1,3/26/25 11:04,R_6VDCYOexu7yXCVU,,,,,anonymous,EN,1,1,6,2,4,5,3,5,5,5,5,1,5,35.361,35.361,41.454,1,0.05,3.85,3.85,8.005,1,12,9.575,9.575,11.008,1,,1.807,1.807,7.015,1,3,11.319,14.554,16.877,2,4,6.489,6.489,7.007,1,5,6.658,6.658,8.114,1,2,3.6,4.305,5.01,2,,,,,,,,,3,2,1,7,1,6,3,5,4,2,3,5,24,2,6,,23,1,3,4,,3,2,Stress,2,FL_35,Description|agree_2_T1|con_2_T1|extra_2_T1|neuro_2_T1|extra_1_T1|neuro_1_T1|open_1_T1|open_2_T1|agree_1_T1|con_1_T1,Description|neuro_2_T2|con_1_T2|agree_1_T2|con_2_T2|open_1_T2|extra_1_T2|agree_2_T2|extra_2_T2|open_2_T2|neuro_1_T2
3/26/25 11:00,3/26/25 11:04,0,100,222,1,3/26/25 11:04,R_3qeRI4fxqI6I6dm,,,,,anonymous,EN,1,3,2,3,3,5,3,7,6,5,7,1,,,,,,,,,,,,,,,,,,,,,,,,,,,,,,,,,,,,,,,,,180,2,67,17,1,5,2,1,2,4,5,1,5,2,5,2,7,5,5,7,24,2,6,,37,1,6,3,,3,0,Nonstress,,FL_36,Description|neuro_2_T1|con_2_T1|agree_2_T1|agree_1_T1|open_2_T1|extra_1_T1|open_1_T1|neuro_1_T1|con_1_T1|extra_2_T1,Description|neuro_1_T2|con_2_T2|con_1_T2|open_1_T2|agree_1_T2|extra_1_T2|extra_2_T2|open_2_T2|neuro_2_T2|agree_2_T2
3/26/25 10:53,3/26/25 11:04,0,100,661,1,3/26/25 11:04,R_36gXsusEcDtFTbq,,,,,anonymous,EN,1,1,7,1,7,7,4,4,7,7,7,1,,,,,,,,,,,,,,,,,,,,,,,,,,,,,,,,,,,,,,,,,180,3,67,11.1,1,5,2,1,3,4,1,7,1,7,7,7,4,7,7,7,24,2,2,,37,1,4,2,,1,0,Nonstress,,FL_36,Description|open_2_T1|agree_2_T1|agree_1_T1|extra_2_T1|con_2_T1|con_1_T1|neuro_1_T1|neuro_2_T1|extra_1_T1|open_1_T1,Description|con_2_T2|agree_1_T2|neuro_2_T2|con_1_T2|open_1_T2|extra_2_T2|extra_1_T2|open_2_T2|agree_2_T2|neuro_1_T2
3/26/25 11:01,3/26/25 11:04,0,100,190,1,3/26/25 11:04,R_7h3gwfyfmZBqUyi,,,,,anonymous,EN,1,3,5,5,4,4,3,4,6,6,5,1,,,,,,,,,,,,,,,,,,,,,,,,,,,,,,,,,,,,,,,,,220,2,67,17,1,1,2,1,2,3,3,5,5,5,3,3,4,5,6,5,24,1,2,,20,1,3,3,,3,0,Nonstress,,FL_36,Description|open_2_T1|con_1_T1|con_2_T1|neuro_2_T1|agree_2_T1|open_1_T1|extra_2_T1|neuro_1_T1|agree_1_T1|extra_1_T1,Description|open_2_T2|open_1_T2|extra_1_T2|extra_2_T2|con_2_T2|neuro_2_T2|neuro_1_T2|con_1_T2|agree_2_T2|agree_1_T2
3/26/25 11:00,3/26/25 11:04,0,100,236,1,3/26/25 11:04,R_3DosFd98b2wqReK,,,,,anonymous,EN,1,7,6,5,3,7,2,4,3,6,6,1,,,,,,,,,,,,,,,,,,,,,,,,,,,,,,,,,,,,,,,,,18,3,67,37,1,5,2,1,2,2,6,6,2,5,6,2,4,3,6,6,24,2,6,,42,1,4,3,,1,0,Nonstress,,FL_36,Description|neuro_2_T1|neuro_1_T1|con_1_T1|extra_1_T1|open_1_T1|agree_2_T1|open_2_T1|agree_1_T1|con_2_T1|extra_2_T1,Description|agree_1_T2|con_2_T2|neuro_2_T2|extra_1_T2|extra_2_T2|agree_2_T2|open_2_T2|neuro_1_T2|open_1_T2|con_1_T2
3/26/25 11:01,3/26/25 11:04,0,100,193,1,3/26/25 11:04,R_52u22Py54CNcIVw,,,,,anonymous,EN,1,2,2,3,3,5,4,4,7,4,5,1,,,,,,,,,,,,,,,,,,,,,,,,,,,,,,,,,,,,,,,,,180,3,67,17,1,5,2,1,2,4,2,2,3,3,5,4,4,7,5,5,24,2,6,,32,1,5,6,,3,0,Nonstress,,FL_36,Description|neuro_2_T1|open_2_T1|con_2_T1|con_1_T1|agree_2_T1|extra_2_T1|neuro_1_T1|extra_1_T1|agree_1_T1|open_1_T1,Description|neuro_2_T2|open_1_T2|con_2_T2|agree_2_T2|con_1_T2|agree_1_T2|open_2_T2|extra_2_T2|extra_1_T2|neuro_1_T2
3/26/25 10:57,3/26/25 11:04,0,100,406,1,3/26/25 11:04,R_7Gdfrkk8quyHbJ1,,,,,anonymous,EN,1,6,4,5,2,5,3,5,7,5,6,1,10,24.187,24.187,42.455,1,,0,0,8.014,0,7,1.628,1.628,4.044,1,0,1.601,1.601,5.42,1,2,5.921,7.541,7.909,4,2,5.997,5.997,6.303,1,2,5.324,5.642,6.061,2,2,1.896,2.324,2.822,2,,,,,,,,,2,3,4,7,5,4,5,5,6,7,5,7,24,2,7,,27,1,3,5,,3,0,Stress,0,FL_35,Description|open_1_T1|extra_1_T1|extra_2_T1|con_2_T1|agree_2_T1|open_2_T1|neuro_2_T1|con_1_T1|neuro_1_T1|agree_1_T1,Description|con_1_T2|neuro_1_T2|agree_2_T2|neuro_2_T2|agree_1_T2|con_2_T2|open_1_T2|extra_1_T2|extra_2_T2|open_2_T2
3/26/25 10:58,3/26/25 11:04,0,100,378,1,3/26/25 11:04,R_7b1NVfFZpQX1Pv2,,,,,anonymous,EN,1,6,3,6,5,7,1,7,7,7,7,1,1,18.002,18.002,44.108,1,0.1,5.589,5.589,8.106,1,,1.584,2.375,11.006,2,0,0.874,0.874,7.107,1,3,9.039,9.039,10.046,1,,0,0,7.115,0,4,7.021,7.021,8.009,1,2,3.907,3.907,5.007,1,,,,,,,,,5,1,6,3,6,5,7,1,7,7,7,7,24,2,2,,41,1,5,4,,1,0,Stress,0,FL_35,Description|con_2_T1|neuro_2_T1|agree_2_T1|open_1_T1|con_1_T1|neuro_1_T1|agree_1_T1|extra_1_T1|extra_2_T1|open_2_T1,Description|con_2_T2|extra_1_T2|neuro_1_T2|neuro_2_T2|extra_2_T2|agree_1_T2|open_1_T2|con_1_T2|agree_2_T2|open_2_T2
3/26/25 11:01,3/26/25 11:04,0,100,171,1,3/26/25 11:04,R_3dWVhY01Z8MMUES,,,,,anonymous,EN,1,2,4,4,3,4,4,4,4,4,4,1,,,,,,,,,,,,,,,,,,,,,,,,,,,,,,,,,,,,,,,,,200,3,67,17,1,1,2,1,3,5,4,4,4,4,5,4,4,4,4,5,24,1,6,,40,1,4,5,,1,0,Nonstress,,FL_36,Description|agree_2_T1|extra_1_T1|neuro_2_T1|con_2_T1|open_1_T1|con_1_T1|open_2_T1|neuro_1_T1|agree_1_T1|extra_2_T1,Description|neuro_1_T2|agree_2_T2|open_1_T2|neuro_2_T2|open_2_T2|con_2_T2|extra_1_T2|agree_1_T2|con_1_T2|extra_2_T2
3/26/25 11:00,3/26/25 11:04,0,100,234,1,3/26/25 11:04,R_71aXi7fqXHIaKm9,,,,,anonymous,EN,1,5,4,6,5,6,3,5,6,5,5,1,30,30.771,37.786,38.451,7,,0,0,8.014,0,12,6.595,9.005,10.143,3,,5.731,5.731,7.013,1,3,0.836,9.699,10.147,5,5,0.711,5.461,6.155,3,2,3.718,7.148,7.601,4,4,2.284,3.421,3.87,3,,,,,,,,,5,2,2,3,2,7,6,1,5,2,2,5,24,1,6,,22,1,2,4,,3,2,Stress,2,FL_35,Description|extra_1_T1|open_2_T1|agree_2_T1|neuro_1_T1|extra_2_T1|con_1_T1|agree_1_T1|open_1_T1|neuro_2_T1|con_2_T1,Description|con_1_T2|open_2_T2|neuro_1_T2|open_1_T2|neuro_2_T2|agree_1_T2|agree_2_T2|extra_2_T2|con_2_T2|extra_1_T2
3/26/25 10:59,3/26/25 11:04,0,100,297,1,3/26/25 11:04,R_1e57mMhQ9ITyofT,,,,,anonymous,EN,1,5,6,6,5,7,7,4,7,6,7,1,4,22.671,22.671,39.031,1,,0,0,8.002,0,20,1.595,1.595,7.778,1,,0,0,7.003,0,3,10.345,10.96,12.163,2,3,5.611,5.611,7.003,1,2,3.917,3.917,5.1,1,2,2.13,2.13,3.13,1,,,,,,,,,1,3,5,5,6,2,7,1,4,3,6,6,24,1,6,,56,1,2,4,,1,2,Stress,2,FL_35,Description|agree_1_T1|con_1_T1|agree_2_T1|open_1_T1|con_2_T1|neuro_2_T1|extra_2_T1|neuro_1_T1|open_2_T1|extra_1_T1,Description|neuro_2_T2|con_2_T2|agree_2_T2|open_2_T2|extra_1_T2|open_1_T2|neuro_1_T2|agree_1_T2|extra_2_T2|con_1_T2
3/26/25 10:56,3/26/25 11:04,0,100,482,1,3/26/25 11:04,R_5RvWk9FCeqagSvi,,,,,anonymous,EN,1,7,5,7,1,6,1,7,6,6,5,1,4,2.421,17.547,36.972,3,,3.712,3.712,8.009,1,,2.296,2.296,11.015,1,,1.759,6.699,7.112,2,,4.084,4.084,17.011,1,,0,0,7.009,0,3,6.356,7.99,8.013,2,,0,0,5.11,0,,,,,,,,,4,4,7,5,6,1,6,1,5,7,5,6,24,1,6,,68,1,2,6,,1,1,Stress,1,FL_35,Description|agree_2_T1|open_1_T1|extra_2_T1|agree_1_T1|open_2_T1|neuro_1_T1|neuro_2_T1|con_1_T1|con_2_T1|extra_1_T1,Description|open_2_T2|extra_2_T2|neuro_1_T2|agree_2_T2|agree_1_T2|extra_1_T2|open_1_T2|neuro_2_T2|con_1_T2|con_2_T2
3/26/25 10:55,3/26/25 11:04,0,100,547,1,3/26/25 11:04,R_3Qrlbd3ukwgDQM0,,,,,anonymous,EN,1,2,2,2,4,6,3,3,3,7,6,1,,,,,,,,,,,,,,,,,,,,,,,,,,,,,,,,,,,,,,,,,180,3,67,15,1,5,2,1,1,4,3,1,2,3,7,2,6,3,7,7,24,2,6,,49,1,4,2,,1,0,Nonstress,,FL_36,Description|extra_1_T1|open_2_T1|neuro_2_T1|agree_2_T1|con_2_T1|extra_2_T1|agree_1_T1|con_1_T1|open_1_T1|neuro_1_T1,Description|neuro_2_T2|agree_1_T2|open_1_T2|extra_1_T2|con_1_T2|con_2_T2|open_2_T2|extra_2_T2|agree_2_T2|neuro_1_T2
3/26/25 10:58,3/26/25 11:04,0,100,401,1,3/26/25 11:04,R_7TNUVwxvG7FNNHb,,,,,anonymous,EN,1,3,4,3,5,5,1,5,4,7,7,1,,11.825,37.442,44.008,2,,6.127,6.127,8.105,1,12,7.36,7.36,9.193,1,,0,0,7.007,0,,0,0,17.104,0,4,5.823,5.823,7.107,1,2,4.987,4.987,8.104,1,2,3.349,3.349,5.108,1,,,,,,,,,5,1,5,4,1,7,5,1,4,1,7,7,24,2,6,,40,1,4,4,,2,1,Stress,1,FL_35,Description|extra_2_T1|extra_1_T1|neuro_1_T1|con_2_T1|open_1_T1|neuro_2_T1|open_2_T1|agree_2_T1|con_1_T1|agree_1_T1,Description|extra_1_T2|agree_1_T2|neuro_1_T2|extra_2_T2|open_1_T2|con_2_T2|neuro_2_T2|open_2_T2|con_1_T2|agree_2_T2
3/26/25 11:00,3/26/25 11:04,0,100,275,1,3/26/25 11:04,R_5N9YMQxJHOfv7Fc,,,,,anonymous,EN,1,3,6,3,4,4,2,6,4,7,6,1,5,11.539,28.178,30.533,3,,0,0,8.114,0,12,1.259,1.259,9.548,1,,1.014,1.014,7.007,1,3,12.611,13.939,17.009,2,,0,0,7.112,0,3,4.34,4.34,5.25,1,2,3.605,3.605,4.445,1,,,,,,,,,2,3,3,6,3,5,4,2,5,4,7,5,24,1,1,,39,1,3,4,,1,1,Stress,1,FL_35,Description|agree_1_T1|agree_2_T1|extra_1_T1|neuro_1_T1|con_2_T1|open_2_T1|open_1_T1|neuro_2_T1|extra_2_T1|con_1_T1,Description|extra_2_T2|neuro_1_T2|con_2_T2|con_1_T2|agree_2_T2|open_2_T2|open_1_T2|extra_1_T2|agree_1_T2|neuro_2_T2
3/26/25 10:56,3/26/25 11:04,0,100,539,1,3/26/25 11:05,R_538KEzZo0QhcXC9,,,,,anonymous,EN,1,4,6,5,4,3,5,5,4,5,3,1,3,1.315,37.618,40.005,2,5,1.293,1.293,7.175,1,30,1.045,1.045,8.983,1,0,1.24,1.24,6.753,1,5,8.164,8.164,9.052,1,4,5.331,5.331,6.23,1,2,2.899,2.899,3.733,1,2,2.114,2.114,2.997,1,,,,,,,,,4,2,3,6,5,4,3,5,5,3,4,3,24,2,1,,40,1,3,6,,1,1,Stress,1,FL_35,Description|open_2_T1|agree_1_T1|extra_2_T1|open_1_T1|neuro_2_T1|con_2_T1|neuro_1_T1|con_1_T1|extra_1_T1|agree_2_T1,Description|agree_1_T2|extra_1_T2|neuro_1_T2|extra_2_T2|open_1_T2|con_2_T2|neuro_2_T2|open_2_T2|agree_2_T2|con_1_T2
3/26/25 10:59,3/26/25 11:05,0,100,326,1,3/26/25 11:05,R_724VYXiFUXhlXpf,,,,,anonymous,EN,1,3,5,5,3,5,5,3,3,5,3,1,,0,0,44.012,0,,0,0,8.106,0,6,3.068,3.068,7.375,1,4,2.623,2.623,5.248,1,3,2.038,2.038,5.751,1,5,5.176,5.176,7.103,1,3,3.907,3.907,5.476,1,2,3.227,3.227,5.01,1,,,,,,,,,4,2,3,4,3,3,4,4,3,3,3,5,24,2,6,,51,1,3,6,,2,0,Stress,0,FL_35,Description|extra_2_T1|agree_1_T1|con_1_T1|neuro_2_T1|open_1_T1|neuro_1_T1|open_2_T1|con_2_T1|extra_1_T1|agree_2_T1,Description|con_1_T2|con_2_T2|extra_2_T2|open_2_T2|agree_1_T2|agree_2_T2|extra_1_T2|neuro_1_T2|neuro_2_T2|open_1_T2
3/26/25 11:00,3/26/25 11:05,0,100,266,1,3/26/25 11:05,R_5iJUd5UCAqOd3eC,,,,,anonymous,EN,1,6,6,6,2,7,1,6,1,5,5,1,,,,,,,,,,,,,,,,,,,,,,,,,,,,,,,,,,,,,,,,,180,3,67,17,1,5,2,1,2,3,7,7,7,2,7,1,6,1,5,5,24,1,6,,43,1,4,3,,4,0,Nonstress,,FL_36,Description|open_1_T1|neuro_2_T1|agree_1_T1|con_1_T1|con_2_T1|agree_2_T1|neuro_1_T1|extra_2_T1|extra_1_T1|open_2_T1,Description|extra_1_T2|neuro_2_T2|neuro_1_T2|con_1_T2|agree_2_T2|extra_2_T2|open_1_T2|con_2_T2|agree_1_T2|open_2_T2
3/26/25 10:59,3/26/25 11:05,0,100,347,1,3/26/25 11:05,R_7myJUHKYUkUqVGp,,,,,anonymous,EN,1,2,6,4,4,6,4,5,2,5,7,1,,,,,,,,,,,,,,,,,,,,,,,,,,,,,,,,,,,,,,,,,180,3,67,97,1,5,2,1,2,3,2,7,3,4,7,4,5,2,5,7,24,1,6,,35,1,5,2,,3,0,Nonstress,,FL_36,Description|con_2_T1|neuro_2_T1|agree_1_T1|extra_2_T1|con_1_T1|open_1_T1|neuro_1_T1|agree_2_T1|extra_1_T1|open_2_T1,Description|con_2_T2|con_1_T2|agree_2_T2|open_2_T2|agree_1_T2|open_1_T2|extra_2_T2|extra_1_T2|neuro_2_T2|neuro_1_T2
3/26/25 10:51,3/26/25 11:05,0,100,835,1,3/26/25 11:05,R_7zActzSljfqgPHL,,,,,anonymous,EN,1,3,5,4,4,4,4,5,5,5,3,1,6,1.205,1.205,23.052,1,,1.24,1.24,8.006,1,12,1.134,1.134,7.523,1,,1.127,1.127,7.007,1,2,6.626,6.626,7.57,1,4,6.605,6.605,7.003,1,5,5.565,5.565,6.457,1,2,2.696,3.479,4.39,2,,,,,,,,,4,1,1,6,3,6,1,6,5,3,5,2,24,2,1,,33,1,2,4,,1,2,Stress,2,FL_35,Description|con_2_T1|agree_1_T1|con_1_T1|extra_1_T1|open_1_T1|neuro_2_T1|agree_2_T1|neuro_1_T1|extra_2_T1|open_2_T1,Description|open_1_T2|extra_2_T2|con_2_T2|agree_1_T2|neuro_1_T2|open_2_T2|agree_2_T2|neuro_2_T2|con_1_T2|extra_1_T2
3/26/25 11:00,3/26/25 11:05,0,100,254,1,3/26/25 11:05,R_3EpeGSxnP1GUbmh,,,,,anonymous,EN,1,5,6,4,3,5,3,5,3,5,6,1,,,,,,,,,,,,,,,,,,,,,,,,,,,,,,,,,,,,,,,,,180,3,67,17,1,5,2,1,2,2,5,7,4,4,5,3,5,3,5,6,24,1,6,,57,1,4,5,,2,0,Nonstress,,FL_36,Description|neuro_2_T1|agree_2_T1|open_2_T1|agree_1_T1|neuro_1_T1|open_1_T1|extra_2_T1|con_2_T1|con_1_T1|extra_1_T1,Description|open_1_T2|extra_1_T2|agree_2_T2|open_2_T2|con_2_T2|extra_2_T2|con_1_T2|agree_1_T2|neuro_2_T2|neuro_1_T2
3/26/25 11:00,3/26/25 11:05,0,100,259,1,3/26/25 11:05,R_7PxAF3aVi8K2Wsh,,,,,anonymous,EN,1,5,6,7,1,7,1,5,5,6,7,1,4,2.804,2.804,44.108,1,5,0.898,0.898,5.352,1,12,0.8,0.8,7.556,1,,0.656,0.656,7.011,1,2,13.86,13.86,14.83,1,5,3.79,4.591,4.917,2,5,6.633,6.633,7.488,1,2,2.432,2.432,3.189,1,,,,,,,,,2,3,5,5,6,3,7,1,5,2,6,6,24,1,6,,38,1,3,4,,1,4,Stress,4,FL_35,Description|neuro_1_T1|neuro_2_T1|extra_2_T1|open_2_T1|agree_2_T1|agree_1_T1|open_1_T1|extra_1_T1|con_2_T1|con_1_T1,Description|extra_1_T2|agree_2_T2|open_1_T2|con_1_T2|con_2_T2|neuro_2_T2|neuro_1_T2|open_2_T2|agree_1_T2|extra_2_T2
3/26/25 11:01,3/26/25 11:05,0,100,237,1,3/26/25 11:05,R_577lFzQrszdYHGu,,,,,anonymous,EN,1,6,4,7,1,7,1,7,7,5,6,1,7,20.021,21.078,27.048,2,5,6.022,6.022,8.104,1,4,1.766,6.209,8.681,2,,0,0,7.009,0,3,0.092,1.96,3.198,2,5,3.569,3.569,5.79,1,4,5.374,5.374,6.377,1,2,2.783,2.783,4.182,1,,,,,,,,,1,3,6,4,7,1,7,1,7,7,6,6,24,1,2,,31,1,3,4,,1,1,Stress,1,FL_35,Description|extra_1_T1|neuro_2_T1|agree_2_T1|extra_2_T1|neuro_1_T1|open_1_T1|con_1_T1|open_2_T1|con_2_T1|agree_1_T1,Description|neuro_1_T2|open_2_T2|con_2_T2|agree_1_T2|extra_2_T2|neuro_2_T2|extra_1_T2|con_1_T2|open_1_T2|agree_2_T2
3/26/25 11:01,3/26/25 11:05,0,100,250,1,3/26/25 11:05,R_70w9WjL8VWf2UA2,,,,,anonymous,EN,1,5,3,6,1,6,2,5,6,6,7,1,,,,,,,,,,,,,,,,,,,,,,,,,,,,,,,,,,,,,,,,,180,3,67,9,1,5,2,1,1,5,5,3,6,1,6,2,6,6,6,7,24,1,6,,68,1,3,2,,3,0,Nonstress,,FL_36,Description|extra_1_T1|open_1_T1|extra_2_T1|con_2_T1|con_1_T1|neuro_2_T1|open_2_T1|agree_1_T1|agree_2_T1|neuro_1_T1,Description|open_2_T2|neuro_2_T2|agree_1_T2|con_1_T2|extra_1_T2|neuro_1_T2|extra_2_T2|open_1_T2|agree_2_T2|con_2_T2
3/26/25 11:00,3/26/25 11:05,0,100,318,1,3/26/25 11:05,R_1QF4OaUANjlNK3K,,,,,anonymous,EN,1,3,4,3,4,5,2,5,4,6,7,1,4,10.06,10.06,20.99,1,,7.122,7.122,8.011,1,12,4.514,4.514,11.015,1,,0,0,6.104,0,,0,0,17.005,0,3,4.187,4.922,7.003,3,4,3.232,3.232,4.847,1,4,4.852,4.852,5.005,1,,,,,,,,,4,1,4,4,2,6,5,3,4,3,6,6,24,2,6,,51,1,5,4,,1,4,Stress,4,FL_35,Description|con_2_T1|open_1_T1|con_1_T1|agree_2_T1|neuro_1_T1|open_2_T1|extra_1_T1|extra_2_T1|neuro_2_T1|agree_1_T1,Description|con_2_T2|neuro_1_T2|open_1_T2|con_1_T2|extra_1_T2|extra_2_T2|neuro_2_T2|agree_2_T2|open_2_T2|agree_1_T2
3/26/25 10:58,3/26/25 11:05,0,100,448,1,3/26/25 11:05,R_6fleAQGhjCpZcPH,,,,,anonymous,EN,1,4,5,5,2,5,4,5,4,5,6,1,4,28.547,28.547,39.736,1,,0,0,8.012,0,10,2.164,2.164,10.788,1,,0,0,7.008,0,,0,0,17.105,0,,0,0,7.01,0,,0,0,8.011,0,2,3.05,3.05,5.008,1,,,,,,,,,2,2,5,4,3,5,4,4,5,3,5,6,24,2,6,,39,1,2,4,,4,1,Stress,1,FL_35,Description|neuro_1_T1|neuro_2_T1|open_1_T1|extra_1_T1|open_2_T1|extra_2_T1|con_1_T1|con_2_T1|agree_2_T1|agree_1_T1,Description|extra_1_T2|neuro_2_T2|con_1_T2|agree_2_T2|open_2_T2|neuro_1_T2|open_1_T2|extra_2_T2|con_2_T2|agree_1_T2
3/26/25 11:00,3/26/25 11:05,0,100,300,1,3/26/25 11:05,R_7Eqgn5jyWQ4cCJP,,,,,anonymous,EN,1,3,5,5,3,4,4,4,5,3,5,1,,,,,,,,,,,,,,,,,,,,,,,,,,,,,,,,,,,,,,,,,180,3,67,97,1,1,2,1,2,3,3,5,3,3,3,4,4,5,3,3,24,1,6,,43,1,3,4,,1,0,Nonstress,,FL_36,Description|extra_2_T1|open_1_T1|neuro_1_T1|con_1_T1|con_2_T1|neuro_2_T1|open_2_T1|agree_2_T1|extra_1_T1|agree_1_T1,Description|con_1_T2|neuro_2_T2|open_2_T2|extra_2_T2|open_1_T2|neuro_1_T2|agree_2_T2|agree_1_T2|extra_1_T2|con_2_T2
3/26/25 11:02,3/26/25 11:05,0,100,194,1,3/26/25 11:05,R_33UKEZxSLSdp2Lv,,,,,anonymous,EN,1,7,5,4,6,5,2,7,4,6,7,1,,,,,,,,,,,,,,,,,,,,,,,,,,,,,,,,,,,,,,,,,180,3,67,10,1,5,2,1,1,4,6,5,4,5,6,2,7,5,7,7,24,1,6,,40,1,5,3,,1,0,Nonstress,,FL_36,Description|neuro_2_T1|neuro_1_T1|open_2_T1|agree_2_T1|extra_1_T1|extra_2_T1|con_2_T1|open_1_T1|con_1_T1|agree_1_T1,Description|open_1_T2|agree_1_T2|extra_2_T2|con_2_T2|neuro_1_T2|agree_2_T2|neuro_2_T2|extra_1_T2|con_1_T2|open_2_T2
3/26/25 10:59,3/26/25 11:05,0,100,387,1,3/26/25 11:05,R_7ps79oZa2fgcr1R,,,,,anonymous,EN,1,5,5,3,3,6,3,4,4,4,5,1,8,12.492,12.492,38.953,1,1,5.954,5.954,8.107,1,20,8.793,8.793,11.007,1,0,1.326,1.326,7.006,1,2,4.416,11.219,17.105,2,5,4.338,4.338,5.323,1,5,5.057,5.057,6.22,1,4,2.754,2.754,3.746,1,,,,,,,,,4,2,6,3,2,6,4,5,3,2,4,3,24,2,6,,42,1,5,2,,3,2,Stress,2,FL_35,Description|extra_1_T1|agree_2_T1|open_1_T1|neuro_1_T1|extra_2_T1|con_1_T1|open_2_T1|con_2_T1|agree_1_T1|neuro_2_T1,Description|open_1_T2|con_1_T2|open_2_T2|neuro_2_T2|neuro_1_T2|extra_1_T2|agree_2_T2|agree_1_T2|con_2_T2|extra_2_T2
3/26/25 11:01,3/26/25 11:05,0,100,244,1,3/26/25 11:05,R_5dGkJO2RHh92NaK,,,,,anonymous,EN,1,6,1,5,4,6,3,4,5,7,7,1,,0,0,44.194,0,,7.224,7.224,8.003,1,12,2.198,2.198,8.801,1,,1.228,1.228,7.004,1,3,12.669,16.639,17.103,5,5,3.924,3.924,6.792,1,2,2.979,2.979,3.759,1,2,1.531,2.595,3.375,2,,,,,,,,,5,1,5,1,5,5,7,3,4,4,7,7,24,2,6,,24,1,4,4,,1,1,Stress,1,FL_35,Description|open_2_T1|agree_1_T1|neuro_2_T1|con_2_T1|agree_2_T1|con_1_T1|open_1_T1|extra_2_T1|extra_1_T1|neuro_1_T1,Description|open_1_T2|con_2_T2|con_1_T2|extra_1_T2|neuro_2_T2|agree_1_T2|neuro_1_T2|agree_2_T2|extra_2_T2|open_2_T2
3/26/25 10:56,3/26/25 11:05,0,100,584,1,3/26/25 11:05,R_5uOWEy9ACkRulMZ,,,,,anonymous,EN,1,7,4,7,1,7,1,7,6,7,7,1,,,,,,,,,,,,,,,,,,,,,,,,,,,,,,,,,,,,,,,,,180,3,67,2,1,5,2,1,1,5,7,4,7,1,7,1,7,6,7,7,24,2,3,,30,1,5,4,,3,0,Nonstress,,FL_36,Description|neuro_2_T1|agree_2_T1|con_2_T1|con_1_T1|open_1_T1|neuro_1_T1|extra_2_T1|open_2_T1|agree_1_T1|extra_1_T1,Description|agree_2_T2|agree_1_T2|extra_2_T2|extra_1_T2|neuro_2_T2|neuro_1_T2|con_2_T2|con_1_T2|open_2_T2|open_1_T2
3/26/25 11:01,3/26/25 11:05,0,100,257,1,3/26/25 11:05,R_3jYoHCbG28r3ol3,,,,,anonymous,EN,1,4,5,4,5,6,4,4,3,5,6,1,,,,,,,,,,,,,,,,,,,,,,,,,,,,,,,,,,,,,,,,,180,3,67,17,1,5,2,1,2,3,4,5,4,5,5,4,4,3,5,6,24,1,6,,36,1,5,2,,1,0,Nonstress,,FL_36,Description|open_1_T1|agree_2_T1|neuro_1_T1|con_1_T1|con_2_T1|extra_2_T1|agree_1_T1|extra_1_T1|neuro_2_T1|open_2_T1,Description|extra_2_T2|open_2_T2|con_1_T2|extra_1_T2|agree_2_T2|agree_1_T2|neuro_1_T2|neuro_2_T2|con_2_T2|open_1_T2
3/26/25 10:58,3/26/25 11:05,0,100,431,1,3/26/25 11:05,R_3wZXuuSY3zpK24h,,,,,anonymous,EN,1,4,1,6,4,6,5,6,5,7,7,1,6,12.388,24.516,33.132,2,,6.135,6.135,8.013,1,20,1.971,1.971,9.04,1,0,3.454,3.454,5.469,1,,0,0,17.014,0,5,6.505,6.505,7.012,1,2,6.677,6.677,7.988,1,,0,0,5.012,0,,,,,,,,,3,1,5,5,2,6,4,3,4,3,3,4,24,2,6,,50,1,2,4,,4,0,Stress,0,FL_35,Description|con_1_T1|con_2_T1|open_1_T1|neuro_1_T1|open_2_T1|agree_1_T1|neuro_2_T1|extra_2_T1|extra_1_T1|agree_2_T1,Description|con_2_T2|neuro_1_T2|agree_1_T2|open_1_T2|open_2_T2|agree_2_T2|con_1_T2|neuro_2_T2|extra_2_T2|extra_1_T2
3/26/25 11:02,3/26/25 11:05,0,100,189,1,3/26/25 11:05,R_7nNKULhIMw7P0jN,,,,,anonymous,EN,1,6,2,6,2,6,2,6,7,6,4,1,,,,,,,,,,,,,,,,,,,,,,,,,,,,,,,,,,,,,,,,,180,3,67,17,1,5,2,1,1,5,6,2,7,2,6,1,6,7,7,4,24,2,6,,33,1,3,4,,4,0,Nonstress,,FL_36,Description|neuro_2_T1|agree_2_T1|con_2_T1|extra_1_T1|con_1_T1|open_2_T1|extra_2_T1|neuro_1_T1|open_1_T1|agree_1_T1,Description|extra_1_T2|neuro_2_T2|con_1_T2|con_2_T2|neuro_1_T2|agree_1_T2|extra_2_T2|open_1_T2|open_2_T2|agree_2_T2
3/26/25 10:59,3/26/25 11:05,0,100,378,1,3/26/25 11:05,R_7jHvE4waGsPfAWC,,,,,anonymous,EN,1,5,2,6,5,5,4,3,6,3,5,1,4.6,34.9,34.9,44.004,1,,0,0,8.013,0,12,1.977,1.977,7.328,1,3,1.557,1.557,7.007,1,3,14.922,14.922,17.006,1,1,5.967,5.967,7.009,1,2,6.942,6.942,8.116,1,,0,0,5.012,0,,,,,,,,,4,1,5,2,6,5,6,4,3,6,5,5,24,1,6,,38,1,5,4,,1,1,Stress,1,FL_35,Description|con_2_T1|agree_1_T1|open_1_T1|open_2_T1|agree_2_T1|extra_2_T1|con_1_T1|neuro_2_T1|extra_1_T1|neuro_1_T1,Description|agree_2_T2|con_1_T2|neuro_2_T2|open_1_T2|extra_2_T2|extra_1_T2|neuro_1_T2|open_2_T2|con_2_T2|agree_1_T2
3/26/25 11:01,3/26/25 11:05,0,100,267,1,3/26/25 11:05,R_7dYcgSHYhwzzRyG,,,,,anonymous,EN,1,3,3,5,5,3,4,4,5,5,6,1,,,,,,,,,,,,,,,,,,,,,,,,,,,,,,,,,,,,,,,,,180,3,67,97,1,5,2,1,1,3,3,3,5,3,3,3,5,5,5,6,24,2,6,,29,1,4,4,,1,0,Nonstress,,FL_36,Description|neuro_2_T1|open_1_T1|extra_2_T1|agree_1_T1|con_2_T1|agree_2_T1|open_2_T1|neuro_1_T1|extra_1_T1|con_1_T1,Description|agree_2_T2|extra_2_T2|extra_1_T2|agree_1_T2|con_2_T2|con_1_T2|open_1_T2|neuro_1_T2|neuro_2_T2|open_2_T2
3/26/25 10:59,3/26/25 11:06,0,100,394,1,3/26/25 11:06,R_3zGP3ihBVJGc6YD,,,,,anonymous,EN,1,5,1,5,6,6,2,6,5,7,7,1,,,,,,,,,,,,,,,,,,,,,,,,,,,,,,,,,,,,,,,,,180,3,67,2,1,5,2,1,2,3,5,1,5,6,6,2,6,5,7,7,24,2,6,,63,1,2,4,,1,0,Nonstress,,FL_36,Description|con_1_T1|extra_2_T1|agree_2_T1|agree_1_T1|open_2_T1|open_1_T1|con_2_T1|neuro_2_T1|neuro_1_T1|extra_1_T1,Description|agree_1_T2|agree_2_T2|neuro_1_T2|extra_1_T2|con_2_T2|open_1_T2|neuro_2_T2|extra_2_T2|open_2_T2|con_1_T2
3/26/25 10:59,3/26/25 11:06,0,100,376,1,3/26/25 11:06,R_19nUPCDdUa9yo0f,,,,,anonymous,EN,1,3,7,2,6,5,3,5,2,6,7,1,,,,,,,,,,,,,,,,,,,,,,,,,,,,,,,,,,,,,,,,,180,3,67,17,1,5,2,1,3,4,4,7,2,6,5,3,5,1,7,7,24,2,2,,65,1,4,4,,1,0,Nonstress,,FL_36,Description|neuro_1_T1|open_1_T1|extra_1_T1|neuro_2_T1|con_2_T1|con_1_T1|open_2_T1|agree_1_T1|extra_2_T1|agree_2_T1,Description|neuro_2_T2|agree_1_T2|extra_1_T2|open_1_T2|open_2_T2|con_2_T2|neuro_1_T2|agree_2_T2|extra_2_T2|con_1_T2
3/26/25 10:59,3/26/25 11:06,0,100,430,1,3/26/25 11:06,R_3SIAkH6OXKT53lg,,,,,anonymous,EN,1,3,5,3,3,5,3,6,3,7,7,1,6,21.209,39.734,44.004,2,,0,0,8.004,0,12,5.556,5.556,8.853,1,,0,0,7.007,0,,0,0,17.005,0,4,5.896,5.896,6.655,1,4,6.959,6.959,8.004,1,2,3.662,3.662,4.446,1,,,,,,,,,5,1,5,7,1,7,5,2,7,2,5,5,24,1,4,,42,1,5,5,,1,1,Stress,1,FL_35,Description|con_1_T1|agree_1_T1|open_2_T1|con_2_T1|extra_1_T1|open_1_T1|neuro_1_T1|neuro_2_T1|extra_2_T1|agree_2_T1,Description|open_1_T2|neuro_2_T2|agree_2_T2|con_2_T2|extra_1_T2|neuro_1_T2|extra_2_T2|con_1_T2|open_2_T2|agree_1_T2
3/26/25 10:59,3/26/25 11:06,0,100,437,1,3/26/25 11:06,R_7XHcjJdSsCAmlyN,,,,,anonymous,EN,1,3,4,3,3,5,3,6,6,3,5,1,,0,0,44.109,0,,6.524,6.524,8.007,1,20,4.803,4.803,7.137,1,,0,0,7.01,0,1,11.838,11.838,13.91,1,4,5.896,5.896,7.01,1,3,5.223,5.223,6.901,1,2,3.733,3.733,5.012,1,,,,,,,,,4,2,3,3,2,5,2,3,6,5,2,6,24,2,6,,41,1,5,4,,2,0,Stress,0,FL_35,Description|agree_2_T1|open_2_T1|con_2_T1|neuro_1_T1|open_1_T1|extra_2_T1|neuro_2_T1|con_1_T1|extra_1_T1|agree_1_T1,Description|neuro_1_T2|open_1_T2|con_1_T2|neuro_2_T2|agree_1_T2|agree_2_T2|extra_1_T2|con_2_T2|extra_2_T2|open_2_T2
3/26/25 11:01,3/26/25 11:06,0,100,268,1,3/26/25 11:06,R_7aJOrgdzqgPm5DW,,,,,anonymous,EN,1,4,5,3,5,7,3,7,7,6,6,1,15,19.831,19.831,34.461,1,0.1,5.518,5.518,8.012,1,,0,0,11.007,0,0,5.294,5.294,6.715,1,2,8.983,8.983,11.185,1,1,5.045,5.045,6.257,1,4,4.595,6.541,7.401,3,2,2.26,2.26,3.65,1,,,,,,,,,5,2,4,5,3,6,3,5,4,6,3,5,24,2,6,,22,1,2,4,,3,0,Stress,0,FL_35,Description|extra_2_T1|agree_1_T1|agree_2_T1|open_1_T1|con_1_T1|extra_1_T1|neuro_2_T1|neuro_1_T1|open_2_T1|con_2_T1,Description|open_2_T2|extra_1_T2|extra_2_T2|neuro_1_T2|con_1_T2|agree_1_T2|open_1_T2|con_2_T2|neuro_2_T2|agree_2_T2
3/26/25 11:00,3/26/25 11:06,0,100,367,1,3/26/25 11:06,R_3D0wsCsxMaGRQ3i,,,,,anonymous,EN,1,5,3,6,3,6,2,6,6,6,6,1,,0,0,44.118,0,,0,0,8.01,0,20,3.599,10.062,11.002,2,,0,0,6.496,0,3,7.713,8.29,8.876,2,,0,0,7.015,0,,7.345,7.345,7.848,1,2,3.026,3.454,4.179,2,,,,,,,,,4,2,6,4,2,6,5,2,6,6,6,6,24,1,6,,36,1,3,6,,1,0,Stress,0,FL_35,Description|agree_1_T1|extra_1_T1|neuro_2_T1|con_1_T1|neuro_1_T1|open_2_T1|con_2_T1|open_1_T1|extra_2_T1|agree_2_T1,Description|neuro_2_T2|con_2_T2|extra_1_T2|extra_2_T2|open_2_T2|agree_1_T2|neuro_1_T2|agree_2_T2|con_1_T2|open_1_T2
3/26/25 10:55,3/26/25 11:06,0,100,661,1,3/26/25 11:06,R_7IXXskaML97liDK,,,,,anonymous,EN,1,1,3,1,4,3,7,5,4,5,6,1,1.5,28.897,40.053,44.01,2,5,2.264,2.264,5.816,1,,0,0,11.008,0,,0,0,6.437,0,,0,0,17.104,0,,0,0,7.005,0,4,5.611,5.611,8.003,1,2,3.432,3.432,4.973,1,,,,,,,,,4,1,1,5,1,6,1,6,5,1,5,4,24,2,6,,51,1,5,3,,2,1,Stress,1,FL_35,Description|extra_2_T1|agree_1_T1|open_2_T1|extra_1_T1|neuro_1_T1|con_2_T1|open_1_T1|con_1_T1|neuro_2_T1|agree_2_T1,Description|agree_2_T2|agree_1_T2|neuro_2_T2|extra_2_T2|open_2_T2|neuro_1_T2|con_1_T2|open_1_T2|con_2_T2|extra_1_T2
3/26/25 10:56,3/26/25 11:06,0,100,593,1,3/26/25 11:06,R_5MfjvRqe6BClV0e,,,,,anonymous,EN,1,3,5,4,4,5,4,6,4,6,3,1,,,,,,,,,,,,,,,,,,,,,,,,,,,,,,,,,,,,,,,,,180,3,67,17,1,5,2,1,2,3,3,6,4,5,5,4,6,5,6,3,24,2,2,,23,1,4,2,,2,0,Nonstress,,FL_36,Description|open_2_T1|extra_1_T1|neuro_2_T1|agree_1_T1|con_2_T1|neuro_1_T1|con_1_T1|open_1_T1|agree_2_T1|extra_2_T1,Description|agree_1_T2|open_1_T2|extra_2_T2|con_2_T2|neuro_2_T2|con_1_T2|agree_2_T2|neuro_1_T2|extra_1_T2|open_2_T2
3/26/25 11:00,3/26/25 11:06,0,100,364,1,3/26/25 11:06,R_3wKNQTV5XQwlUpg,,,,,anonymous,EN,1,6,1,5,3,6,2,7,7,3,5,1,,,,,,,,,,,,,,,,,,,,,,,,,,,,,,,,,,,,,,,,,90,3,67,-1,1,1,2,1,2,4,7,1,6,4,7,1,7,7,6,7,24,2,6,,39,1,5,4,,1,0,Nonstress,,FL_36,Description|con_1_T1|open_2_T1|agree_2_T1|agree_1_T1|extra_1_T1|con_2_T1|open_1_T1|neuro_1_T1|neuro_2_T1|extra_2_T1,Description|con_2_T2|extra_1_T2|con_1_T2|agree_1_T2|open_1_T2|neuro_1_T2|neuro_2_T2|extra_2_T2|open_2_T2|agree_2_T2
3/26/25 10:56,3/26/25 11:06,0,100,633,1,3/26/25 11:06,R_65zNAUShG72VacY,,,,,anonymous,EN,1,6,6,7,7,7,2,6,6,7,6,1,,,,,,,,,,,,,,,,,,,,,,,,,,,,,,,,,,,,,,,,,180,3,67,17,1,5,2,1,3,5,7,7,7,1,7,1,7,7,7,7,24,1,2,,27,1,4,6,,1,0,Nonstress,,FL_36,Description|neuro_2_T1|open_1_T1|con_2_T1|extra_1_T1|extra_2_T1|open_2_T1|neuro_1_T1|agree_2_T1|agree_1_T1|con_1_T1,Description|open_2_T2|extra_1_T2|agree_2_T2|extra_2_T2|con_1_T2|agree_1_T2|open_1_T2|neuro_1_T2|con_2_T2|neuro_2_T2
3/26/25 11:02,3/26/25 11:06,0,100,221,1,3/26/25 11:06,R_5nDAQtnxSmJGx18,,,,,anonymous,EN,1,2,5,3,5,4,4,3,2,4,3,1,,,,,,,,,,,,,,,,,,,,,,,,,,,,,,,,,,,,,,,,,180,2,67,9,1,5,2,1,2,2,4,7,3,4,3,4,3,4,1,3,24,1,1,,42,2,6,4,,1,0,Nonstress,,FL_36,Description|neuro_1_T1|agree_1_T1|extra_2_T1|neuro_2_T1|extra_1_T1|agree_2_T1|open_2_T1|con_2_T1|open_1_T1|con_1_T1,Description|extra_1_T2|agree_1_T2|open_1_T2|extra_2_T2|neuro_1_T2|open_2_T2|neuro_2_T2|con_1_T2|agree_2_T2|con_2_T2
3/26/25 11:03,3/26/25 11:06,0,100,203,1,3/26/25 11:06,R_5rJPuuwn8HBF6TG,,,,,anonymous,EN,1,4,4,3,1,6,2,5,6,2,7,1,,,,,,,,,,,,,,,,,,,,,,,,,,,,,,,,,,,,,,,,,180,3,67,4,1,5,2,1,1,4,4,4,2,1,6,1,5,6,2,7,24,2,6,,61,1,3,2,,2,0,Nonstress,,FL_36,Description|con_1_T1|agree_1_T1|agree_2_T1|extra_1_T1|neuro_2_T1|open_1_T1|neuro_1_T1|extra_2_T1|con_2_T1|open_2_T1,Description|extra_1_T2|open_1_T2|neuro_1_T2|neuro_2_T2|con_1_T2|open_2_T2|agree_2_T2|agree_1_T2|extra_2_T2|con_2_T2
3/26/25 11:00,3/26/25 11:06,0,100,371,1,3/26/25 11:06,R_17dO4yIBXj4aCPH,,,,,anonymous,EN,1,4,3,3,6,5,4,3,3,6,6,1,4,4.338,27.096,44.005,3,,1.025,1.025,8.006,1,30,0.921,0.921,6.029,1,1,1.371,1.371,6.523,1,3,7.398,7.994,8.929,2,5,4.254,4.254,6.168,1,2,7.007,7.007,8.079,1,2,1.691,1.691,2.58,1,,,,,,,,,2,2,4,3,2,6,4,3,3,3,6,6,24,2,6,,51,1,3,7,,1,1,Stress,1,FL_35,Description|con_2_T1|neuro_1_T1|extra_1_T1|open_2_T1|extra_2_T1|con_1_T1|agree_1_T1|agree_2_T1|neuro_2_T1|open_1_T1,Description|con_1_T2|con_2_T2|agree_2_T2|agree_1_T2|extra_2_T2|open_1_T2|neuro_1_T2|neuro_2_T2|open_2_T2|extra_1_T2
3/26/25 10:59,3/26/25 11:06,0,100,435,1,3/26/25 11:06,R_7It0B4zzx5oUc25,,,,,anonymous,EN,1,5,3,6,4,6,1,7,7,6,6,1,,,,,,,,,,,,,,,,,,,,,,,,,,,,,,,,,,,,,,,,,180,3,67,17,1,5,2,1,1,5,5,3,6,2,6,2,6,7,6,6,24,2,6,,37,1,5,4,,4,0,Nonstress,,FL_36,Description|con_1_T1|open_2_T1|extra_1_T1|open_1_T1|agree_2_T1|neuro_2_T1|con_2_T1|neuro_1_T1|extra_2_T1|agree_1_T1,Description|neuro_2_T2|extra_2_T2|extra_1_T2|agree_1_T2|open_2_T2|open_1_T2|con_1_T2|agree_2_T2|con_2_T2|neuro_1_T2
3/26/25 11:03,3/26/25 11:06,0,100,212,1,3/26/25 11:06,R_3QPMw1ESxD0tVuQ,,,,,anonymous,EN,1,5,4,3,2,6,2,5,3,6,5,1,,,,,,,,,,,,,,,,,,,,,,,,,,,,,,,,,,,,,,,,,180,3,67,17,1,5,2,1,1,4,5,4,3,2,6,2,4,4,6,6,24,1,6,,43,1,2,4,,1,0,Nonstress,,FL_36,Description|open_1_T1|con_2_T1|agree_1_T1|con_1_T1|neuro_2_T1|extra_2_T1|open_2_T1|neuro_1_T1|agree_2_T1|extra_1_T1,Description|open_2_T2|con_2_T2|extra_1_T2|agree_2_T2|neuro_1_T2|agree_1_T2|con_1_T2|neuro_2_T2|open_1_T2|extra_2_T2
3/26/25 11:01,3/26/25 11:07,0,100,341,1,3/26/25 11:07,R_3fJa7hJ0yMDtBzO,,,,,anonymous,EN,1,4,3,3,6,7,2,7,5,7,7,1,,,,,,,,,,,,,,,,,,,,,,,,,,,,,,,,,,,,,,,,,240,3,67,17,1,5,2,1,3,3,4,6,4,5,7,1,7,6,7,7,24,2,6,,38,1,4,3,,2,0,Nonstress,,FL_36,Description|neuro_1_T1|neuro_2_T1|con_2_T1|open_1_T1|extra_1_T1|open_2_T1|agree_2_T1|extra_2_T1|con_1_T1|agree_1_T1,Description|neuro_2_T2|con_1_T2|extra_2_T2|extra_1_T2|agree_1_T2|con_2_T2|neuro_1_T2|open_2_T2|agree_2_T2|open_1_T2
3/26/25 10:57,3/26/25 11:07,0,100,558,1,3/26/25 11:07,R_1qU0IWYHkZd5oaS,,,,,anonymous,EN,1,1,7,1,3,2,6,5,4,5,5,1,,,,,,,,,,,,,,,,,,,,,,,,,,,,,,,,,,,,,,,,,180,3,67,17,1,5,4,1,2,2,1,7,1,6,2,6,5,5,4,5,24,1,6,,25,1,3,3,,4,0,Nonstress,,FL_36,Description|open_1_T1|agree_2_T1|neuro_2_T1|extra_1_T1|agree_1_T1|con_2_T1|open_2_T1|extra_2_T1|neuro_1_T1|con_1_T1,Description|con_1_T2|agree_1_T2|extra_1_T2|open_2_T2|neuro_2_T2|open_1_T2|con_2_T2|extra_2_T2|neuro_1_T2|agree_2_T2
3/26/25 10:59,3/26/25 11:07,0,100,462,1,3/26/25 11:07,R_7nu8xMatpeq96Ti,,,,,anonymous,EN,1,5,2,7,3,7,3,3,3,4,4,1,,0,0,44.014,0,,0,0,8.019,0,20,7.657,7.657,10.706,1,,0,0,7.017,0,,0,0,17.132,0,,0,0,7.016,0,,0,0,8.019,0,,0,0,5.109,0,,,,,,,,,1,5,5,2,7,2,7,3,3,3,4,4,24,2,6,,49,1,2,4,,2,0,Stress,0,FL_35,Description|neuro_2_T1|extra_2_T1|extra_1_T1|open_2_T1|con_2_T1|neuro_1_T1|con_1_T1|agree_1_T1|agree_2_T1|open_1_T1,Description|con_2_T2|agree_2_T2|extra_1_T2|con_1_T2|neuro_1_T2|agree_1_T2|open_2_T2|open_1_T2|extra_2_T2|neuro_2_T2
3/26/25 11:03,3/26/25 11:07,0,100,201,1,3/26/25 11:07,R_7SpG9IejrtB2OxC,,,,,anonymous,EN,1,5,2,2,2,3,3,3,3,5,7,1,,,,,,,,,,,,,,,,,,,,,,,,,,,,,,,,,,,,,,,,,180,2,67,5,1,1,2,1,1,4,5,2,3,3,3,3,3,3,5,7,24,2,3,,22,1,3,5,,3,0,Nonstress,,FL_36,Description|neuro_2_T1|neuro_1_T1|open_2_T1|extra_1_T1|extra_2_T1|con_2_T1|open_1_T1|con_1_T1|agree_1_T1|agree_2_T1,Description|neuro_2_T2|con_1_T2|open_2_T2|extra_1_T2|extra_2_T2|open_1_T2|con_2_T2|agree_2_T2|neuro_1_T2|agree_1_T2
3/26/25 10:48,3/26/25 11:07,0,100,1153,1,3/26/25 11:07,R_3klHAdRijWJ6gBX,,,,,anonymous,EN,1,5,5,6,5,5,3,5,5,6,5,1,,28.653,29.388,45.341,2,,3.727,5.627,8.113,2,,3.531,3.531,11.115,1,,0,0,7.014,0,,0,0,17.006,0,,0,0,7.107,0,3,7.141,7.141,8.113,1,2,4.62,4.62,5.108,1,,,,,,,,,1,4,6,6,5,3,5,3,6,6,5,5,24,1,2,,33,1,3,3,,2,0,Stress,0,FL_35,Description|neuro_1_T1|con_1_T1|extra_2_T1|agree_1_T1|con_2_T1|open_1_T1|neuro_2_T1|open_2_T1|extra_1_T1|agree_2_T1,Description|extra_2_T2|neuro_1_T2|extra_1_T2|neuro_2_T2|con_2_T2|con_1_T2|agree_1_T2|open_2_T2|open_1_T2|agree_2_T2
3/26/25 11:02,3/26/25 11:07,0,100,298,1,3/26/25 11:07,R_6AQFHVDy9dMVET2,,,,,anonymous,EN,1,7,7,1,2,5,1,7,7,7,6,1,,,,,,,,,,,,,,,,,,,,,,,,,,,,,,,,,,,,,,,,,9,2,67,17,1,4,2,1,1,5,7,7,7,1,7,1,7,7,7,7,24,2,6,,22,1,3,5,,2,0,Nonstress,,FL_36,Description|con_2_T1|neuro_1_T1|extra_2_T1|agree_2_T1|open_2_T1|extra_1_T1|open_1_T1|con_1_T1|neuro_2_T1|agree_1_T1,Description|open_1_T2|con_2_T2|agree_2_T2|neuro_2_T2|agree_1_T2|con_1_T2|extra_1_T2|neuro_1_T2|extra_2_T2|open_2_T2
3/26/25 11:01,3/26/25 11:07,0,100,364,1,3/26/25 11:07,R_3P08ao4Lt4pvcVn,,,,,anonymous,EN,1,6,7,4,5,7,1,5,3,7,7,1,15,32.238,32.238,44.012,1,5,5.3,5.3,8.111,1,12,2.362,2.362,11.109,1,,0,0,7.015,0,3,12.978,12.978,17.008,1,,0,0,7.111,0,2,5.675,5.675,8.01,1,2,3.368,3.368,5.005,1,,,,,,,,,3,2,6,7,4,6,7,1,6,3,7,7,24,1,6,,46,1,3,4,,1,2,Stress,2,FL_35,Description|agree_1_T1|neuro_2_T1|extra_2_T1|extra_1_T1|neuro_1_T1|agree_2_T1|con_1_T1|con_2_T1|open_1_T1|open_2_T1,Description|open_1_T2|agree_1_T2|con_1_T2|extra_1_T2|agree_2_T2|extra_2_T2|open_2_T2|neuro_2_T2|neuro_1_T2|con_2_T2
3/26/25 11:00,3/26/25 11:07,0,100,422,1,3/26/25 11:07,R_1qL6hedUDZyS9OK,,,,,anonymous,EN,1,6,5,4,1,6,1,7,6,6,6,1,15,16.633,30.91,44.152,3,,0,0,8.114,0,3,5.19,5.19,11.01,1,,6.725,6.725,7.006,1,3,10.246,10.246,17.013,1,5,6.563,6.563,7.111,1,3,5.296,5.296,8.104,1,4,4.592,4.592,5.01,1,,,,,,,,,3,2,7,6,5,3,6,2,6,5,6,6,24,2,6,,48,1,3,5,,1,1,Stress,1,FL_35,Description|con_1_T1|con_2_T1|agree_2_T1|agree_1_T1|neuro_2_T1|open_2_T1|extra_2_T1|open_1_T1|neuro_1_T1|extra_1_T1,Description|agree_2_T2|con_2_T2|open_2_T2|con_1_T2|extra_1_T2|extra_2_T2|neuro_2_T2|open_1_T2|agree_1_T2|neuro_1_T2
3/26/25 11:02,3/26/25 11:07,0,100,282,1,3/26/25 11:07,R_10wNnwUzM7pnIFO,,,,,anonymous,EN,1,4,2,1,7,6,6,5,5,7,7,1,6.1,1.773,33.974,44.007,4,5,1.857,1.857,8.006,1,12,0.787,0.787,6.99,1,,1.159,1.159,7.006,1,2,10.329,10.329,17.008,1,4,3.875,3.875,6.266,1,2,5.977,7.137,7.428,2,2,4.562,4.562,5.002,1,,,,,,,,,5,1,4,2,1,7,6,6,5,5,7,7,24,2,6,,30,1,3,10,,1,2,Stress,2,FL_35,Description|con_1_T1|open_1_T1|open_2_T1|con_2_T1|extra_2_T1|agree_2_T1|agree_1_T1|neuro_1_T1|extra_1_T1|neuro_2_T1,Description|open_2_T2|neuro_2_T2|con_1_T2|neuro_1_T2|open_1_T2|con_2_T2|agree_2_T2|extra_2_T2|agree_1_T2|extra_1_T2
3/26/25 11:02,3/26/25 11:07,0,100,277,1,3/26/25 11:07,R_7D5VHMNbqBCiZih,,,,,anonymous,EN,1,7,3,7,1,7,1,7,6,7,7,1,,,,,,,,,,,,,,,,,,,,,,,,,,,,,,,,,,,,,,,,,180,3,67,17,1,5,2,1,1,5,7,3,7,1,7,1,7,6,7,7,24,2,6,,74,1,3,6,,3,0,Nonstress,,FL_36,Description|neuro_1_T1|open_1_T1|neuro_2_T1|extra_1_T1|extra_2_T1|agree_1_T1|con_1_T1|open_2_T1|con_2_T1|agree_2_T1,Description|agree_2_T2|open_1_T2|extra_2_T2|neuro_1_T2|open_2_T2|neuro_2_T2|con_1_T2|extra_1_T2|con_2_T2|agree_1_T2
3/26/25 11:02,3/26/25 11:07,0,100,309,1,3/26/25 11:07,R_5O09mXLmY8kWjin,,,,,anonymous,EN,1,4,6,4,4,4,4,4,3,4,4,1,,,,,,,,,,,,,,,,,,,,,,,,,,,,,,,,,,,,,,,,,180,3,67,17,1,5,2,1,3,3,4,6,4,4,4,4,4,3,4,4,24,1,6,,43,1,6,6,,1,0,Nonstress,,FL_36,Description|extra_1_T1|neuro_1_T1|open_2_T1|neuro_2_T1|con_2_T1|agree_1_T1|con_1_T1|agree_2_T1|open_1_T1|extra_2_T1,Description|agree_2_T2|extra_1_T2|neuro_1_T2|agree_1_T2|con_1_T2|extra_2_T2|con_2_T2|open_1_T2|neuro_2_T2|open_2_T2
3/26/25 11:03,3/26/25 11:07,0,100,214,1,3/26/25 11:07,R_7pPN8y5DzGtjheC,,,,,anonymous,EN,1,6,6,5,2,7,2,3,5,5,6,1,,,,,,,,,,,,,,,,,,,,,,,,,,,,,,,,,,,,,,,,,240,3,67,100,1,5,2,1,1,5,6,5,6,2,7,2,3,5,5,6,24,1,6,,42,1,5,2,,1,0,Nonstress,,FL_36,Description|extra_1_T1|con_1_T1|agree_2_T1|neuro_2_T1|extra_2_T1|neuro_1_T1|open_1_T1|agree_1_T1|con_2_T1|open_2_T1,Description|extra_2_T2|con_2_T2|open_1_T2|con_1_T2|neuro_2_T2|agree_2_T2|neuro_1_T2|open_2_T2|extra_1_T2|agree_1_T2
3/26/25 11:04,3/26/25 11:07,0,100,198,1,3/26/25 11:07,R_6vkonXVEzA0Odbl,,,,,anonymous,EN,1,1,7,3,2,5,3,5,5,7,7,1,,,,,,,,,,,,,,,,,,,,,,,,,,,,,,,,,,,,,,,,,180,3,67,2,1,5,2,1,2,3,1,7,2,2,3,3,1,5,7,7,24,2,6,,53,1,6,4,,4,0,Nonstress,,FL_36,Description|agree_2_T1|con_2_T1|extra_1_T1|neuro_2_T1|extra_2_T1|agree_1_T1|neuro_1_T1|con_1_T1|open_1_T1|open_2_T1,Description|extra_1_T2|extra_2_T2|open_2_T2|open_1_T2|neuro_1_T2|con_1_T2|agree_2_T2|neuro_2_T2|agree_1_T2|con_2_T2
3/26/25 11:04,3/26/25 11:07,0,100,181,1,3/26/25 11:07,R_132FLZ3PdfZKXGV,,,,,anonymous,EN,1,1,4,1,7,3,6,3,3,7,6,1,,,,,,,,,,,,,,,,,,,,,,,,,,,,,,,,,,,,,,,,,180,3,67,17,1,5,2,1,3,2,2,4,1,7,5,6,3,2,7,7,24,2,6,,23,1,5,4,,3,0,Nonstress,,FL_36,Description|agree_1_T1|open_2_T1|agree_2_T1|open_1_T1|neuro_2_T1|con_2_T1|extra_1_T1|con_1_T1|extra_2_T1|neuro_1_T1,Description|neuro_2_T2|agree_1_T2|con_1_T2|open_1_T2|con_2_T2|extra_2_T2|agree_2_T2|extra_1_T2|neuro_1_T2|open_2_T2
3/26/25 10:58,3/26/25 11:07,0,100,527,1,3/26/25 11:07,R_6EMSimYwY4m2ulP,,,,,anonymous,EN,1,7,2,7,2,6,1,6,6,2,2,1,,,,,,,,,,,,,,,,,,,,,,,,,,,,,,,,,,,,,,,,,180,3,67,17,1,5,2,1,1,5,7,2,6,1,6,1,6,7,2,7,24,1,6,,36,1,1,9,,1,0,Nonstress,,FL_36,Description|agree_1_T1|extra_1_T1|con_1_T1|neuro_1_T1|agree_2_T1|extra_2_T1|neuro_2_T1|open_2_T1|open_1_T1|con_2_T1,Description|extra_1_T2|open_1_T2|neuro_2_T2|agree_1_T2|neuro_1_T2|open_2_T2|extra_2_T2|con_1_T2|con_2_T2|agree_2_T2
3/26/25 11:02,3/26/25 11:07,0,100,332,1,3/26/25 11:07,R_3NePS6GGwfs7W6z,,,,,anonymous,EN,1,3,4,6,3,7,1,5,6,5,4,1,60,40.987,40.987,44.006,1,10,3.792,3.792,8.105,1,12,6.357,6.357,8.856,1,,0,0,6.777,0,3,13.572,13.572,17.007,1,3,5.209,5.209,7.006,1,,0,0,8.007,0,2,2.227,2.227,5.005,1,,,,,,,,,5,2,4,6,2,7,6,1,6,3,5,4,24,2,6,,39,1,3,6,,1,2,Stress,2,FL_35,Description|con_1_T1|open_1_T1|con_2_T1|neuro_2_T1|agree_2_T1|extra_2_T1|open_2_T1|neuro_1_T1|extra_1_T1|agree_1_T1,Description|agree_2_T2|con_2_T2|extra_2_T2|neuro_1_T2|neuro_2_T2|con_1_T2|open_2_T2|extra_1_T2|open_1_T2|agree_1_T2
3/26/25 11:03,3/26/25 11:07,0,100,271,1,3/26/25 11:07,R_1xXjAMuXzAKguxd,,,,,anonymous,EN,1,3,1,5,5,4,4,3,3,5,7,1,,,,,,,,,,,,,,,,,,,,,,,,,,,,,,,,,,,,,,,,,180,3,67,5,1,5,2,1,3,4,5,2,6,5,6,2,5,5,6,7,24,1,6,,54,1,2,3,,1,0,Nonstress,,FL_36,Description|extra_2_T1|agree_2_T1|open_2_T1|extra_1_T1|con_1_T1|open_1_T1|agree_1_T1|con_2_T1|neuro_2_T1|neuro_1_T1,Description|agree_2_T2|con_1_T2|open_2_T2|agree_1_T2|extra_2_T2|neuro_1_T2|neuro_2_T2|con_2_T2|open_1_T2|extra_1_T2
3/26/25 10:54,3/26/25 11:07,0,100,775,1,3/26/25 11:07,R_6NmrkGyVjRUO5sB,,,,,anonymous,EN,1,6,5,7,2,5,1,6,6,5,4,2,2.5,26.279,26.279,44.011,1,10,4.978,4.978,8.111,1,20,1.03,1.03,9.29,1,,6.965,6.965,7.103,1,1,4.405,5.677,6.071,3,4,6.251,6.251,7.103,1,3,7.658,7.658,8.005,1,2,2.148,2.148,3.579,1,,,,,,,,,3,3,4,4,7,2,5,1,7,6,4,4,24,1,6,,34,1,6,4,,1,0,Stress,0,FL_35,Description|open_1_T1|neuro_1_T1|extra_1_T1|con_1_T1|extra_2_T1|agree_2_T1|con_2_T1|open_2_T1|agree_1_T1|neuro_2_T1,Description|extra_2_T2|agree_2_T2|con_1_T2|con_2_T2|neuro_2_T2|neuro_1_T2|open_2_T2|agree_1_T2|extra_1_T2|open_1_T2
3/26/25 11:02,3/26/25 11:07,0,100,329,1,3/26/25 11:07,R_6WC3rKmRlIc8jLc,,,,,anonymous,EN,1,4,4,6,1,7,4,7,4,6,7,1,,,,,,,,,,,,,,,,,,,,,,,,,,,,,,,,,,,,,,,,,180,3,67,17,1,5,2,1,1,5,4,4,6,1,7,4,7,4,7,7,24,2,7,,42,1,6,3,,3,0,Nonstress,,FL_36,Description|neuro_1_T1|agree_1_T1|con_1_T1|open_2_T1|agree_2_T1|neuro_2_T1|extra_2_T1|con_2_T1|extra_1_T1|open_1_T1,Description|con_1_T2|open_1_T2|agree_1_T2|neuro_1_T2|extra_1_T2|con_2_T2|extra_2_T2|neuro_2_T2|agree_2_T2|open_2_T2
3/26/25 10:51,3/26/25 11:07,0,100,983,1,3/26/25 11:07,R_7ghjdiPVcuMjpIZ,,,,,anonymous,EN,1,5,4,7,4,4,3,7,5,4,5,1,,,,,,,,,,,,,,,,,,,,,,,,,,,,,,,,,,,,,,,,,180,3,67,17,1,5,2,1,1,4,5,5,2,7,4,3,5,6,4,5,Twenty-four.,1,6,,36,1,3,3,,2,0,Nonstress,,FL_36,Description|agree_1_T1|neuro_1_T1|neuro_2_T1|con_1_T1|open_1_T1|agree_2_T1|con_2_T1|open_2_T1|extra_2_T1|extra_1_T1,Description|neuro_2_T2|con_2_T2|agree_2_T2|con_1_T2|open_1_T2|agree_1_T2|neuro_1_T2|extra_2_T2|open_2_T2|extra_1_T2
3/26/25 11:03,3/26/25 11:08,0,100,249,1,3/26/25 11:08,R_7bIzOX0idNdNd33,,,,,anonymous,EN,1,7,7,7,1,7,1,7,7,7,1,1,,,,,,,,,,,,,,,,,,,,,,,,,,,,,,,,,,,,,,,,,180,3,67,17,1,5,2,1,3,5,7,7,7,1,7,1,7,7,7,7,24,1,2,,51,1,1,9,,1,0,Nonstress,,FL_36,Description|neuro_2_T1|agree_2_T1|open_2_T1|con_2_T1|open_1_T1|extra_2_T1|extra_1_T1|agree_1_T1|neuro_1_T1|con_1_T1,Description|open_2_T2|con_1_T2|open_1_T2|neuro_1_T2|neuro_2_T2|agree_2_T2|extra_1_T2|extra_2_T2|con_2_T2|agree_1_T2
3/26/25 11:03,3/26/25 11:08,0,100,263,1,3/26/25 11:08,R_5eRZca11dWm0vmJ,,,,,anonymous,EN,1,2,5,6,5,4,5,2,2,7,6,1,2.5,1.475,27.56,28.226,4,0.05,2.857,2.857,8.003,1,9,10.324,10.324,11.106,1,,1.01,1.01,7.007,1,5,1.009,6.519,6.842,5,5,2.253,4.073,4.739,3,2,2.879,4.478,4.962,3,2,3.53,4.642,5.004,3,,,,,,,,,5,1,2,5,5,6,3,4,3,2,7,4,24,2,6,,37,1,3,5,,1,0,Stress,0,FL_35,Description|open_2_T1|agree_1_T1|neuro_2_T1|open_1_T1|con_2_T1|extra_1_T1|agree_2_T1|con_1_T1|extra_2_T1|neuro_1_T1,Description|open_2_T2|con_1_T2|con_2_T2|agree_1_T2|neuro_1_T2|extra_1_T2|open_1_T2|neuro_2_T2|extra_2_T2|agree_2_T2
3/26/25 10:59,3/26/25 11:08,0,100,504,1,3/26/25 11:08,R_6YP9wt7H5lCXZZE,,,,,anonymous,EN,1,4,4,4,4,4,4,3,4,6,4,1,6,13.574,42.652,44.007,3,,1.348,1.348,8.007,1,1,6.494,6.494,7.994,1,,1.077,1.077,7.008,1,4,4.883,11.024,12.389,2,4,6.659,6.659,7.007,1,3,4.486,5.877,6.384,2,2,2.916,2.916,4.41,1,,,,,,,,,2,3,4,4,4,4,4,4,4,4,4,4,24,1,6,,51,1,3,4,,1,1,Stress,1,FL_35,Description|con_1_T1|extra_1_T1|open_1_T1|extra_2_T1|open_2_T1|agree_1_T1|neuro_2_T1|agree_2_T1|con_2_T1|neuro_1_T1,Description|con_2_T2|neuro_1_T2|extra_1_T2|agree_2_T2|open_2_T2|open_1_T2|agree_1_T2|con_1_T2|neuro_2_T2|extra_2_T2
3/26/25 11:03,3/26/25 11:08,0,100,280,1,3/26/25 11:08,R_1gqB6bxSxesWEph,,,,,anonymous,EN,,6,1,7,2,7,4,6,6,7,7,1,5,24.239,25.21,26.107,2,5,2.567,6.272,7.363,2,12,1.871,10.28,11.011,2,,5.227,5.227,7.104,1,3,12.454,15.411,15.928,4,4,2.851,4.956,5.993,2,3,3.581,5.35,6.283,3,2,2.799,3.537,4.365,2,,,,,,,,,4,1,7,1,7,5,6,4,7,6,7,6,24,2,6,,41,1,2,6,,1,2,Stress,2,FL_35,Description|agree_2_T1|extra_1_T1|open_2_T1|agree_1_T1|con_2_T1|neuro_2_T1|extra_2_T1|neuro_1_T1|open_1_T1|con_1_T1,Description|open_1_T2|neuro_2_T2|extra_1_T2|con_2_T2|con_1_T2|open_2_T2|agree_1_T2|agree_2_T2|extra_2_T2|neuro_1_T2
3/26/25 11:00,3/26/25 11:08,0,100,432,1,3/26/25 11:08,R_3G3Ne7m6gGTCWgB,,,,,anonymous,EN,1,1,7,2,6,5,4,1,2,7,7,1,2,1.82,1.82,35.043,1,10,1.324,1.324,8.006,1,20,1.2,1.2,11.107,1,,1.229,1.229,7.008,1,3,11.703,12.666,16.446,2,5,6.717,6.717,7.107,1,5,4.596,6.421,8.009,2,2,3.645,3.645,5.007,1,,,,,,,,,5,1,2,7,1,7,1,5,1,1,2,6,24,2,6,,36,1,3,3,,4,1,Stress,1,FL_35,Description|agree_2_T1|open_2_T1|agree_1_T1|con_1_T1|neuro_2_T1|extra_1_T1|con_2_T1|neuro_1_T1|open_1_T1|extra_2_T1,Description|open_1_T2|extra_1_T2|con_1_T2|con_2_T2|neuro_1_T2|agree_2_T2|agree_1_T2|neuro_2_T2|open_2_T2|extra_2_T2
3/26/25 11:03,3/26/25 11:08,0,100,270,1,3/26/25 11:08,R_3DqYgQRfWR4zK8o,,,,,anonymous,EN,1,7,3,7,4,7,1,6,4,6,6,1,3.2,38.958,38.958,42.412,1,10,2.533,2.533,8.117,1,,10.25,10.25,11.108,1,,0,0,7.117,0,3,14.52,14.52,15.788,1,3,5,5,6.067,1,2,2.965,2.965,4.072,1,2,3.49,3.49,4.788,1,,,,,,,,,2,3,7,3,7,4,7,1,6,4,6,6,24,2,1,,66,1,3,6,,2,1,Stress,1,FL_35,Description|agree_1_T1|con_1_T1|con_2_T1|open_2_T1|agree_2_T1|neuro_1_T1|neuro_2_T1|extra_1_T1|open_1_T1|extra_2_T1,Description|agree_1_T2|neuro_2_T2|agree_2_T2|extra_1_T2|con_2_T2|open_2_T2|extra_2_T2|neuro_1_T2|open_1_T2|con_1_T2
3/26/25 10:59,3/26/25 11:08,0,100,517,1,3/26/25 11:08,R_7IXIxbgJzW5ig5z,,,,,anonymous,EN,1,3,4,6,2,4,5,5,5,6,6,1,,,,,,,,,,,,,,,,,,,,,,,,,,,,,,,,,,,,,,,,,180,3,67,17,1,5,2,1,2,5,3,4,6,3,4,5,5,5,6,6,24,1,2,,29,1,2,6,,1,0,Nonstress,,FL_36,Description|agree_1_T1|agree_2_T1|con_1_T1|extra_1_T1|neuro_1_T1|open_2_T1|con_2_T1|extra_2_T1|neuro_2_T1|open_1_T1,Description|extra_2_T2|agree_2_T2|extra_1_T2|open_1_T2|con_1_T2|open_2_T2|con_2_T2|neuro_2_T2|agree_1_T2|neuro_1_T2
3/26/25 11:01,3/26/25 11:08,0,100,402,1,3/26/25 11:08,R_3m9yesrmiUTyzDw,,,,,anonymous,EN,1,5,5,4,2,4,4,4,3,5,7,1,,43.964,43.964,44.103,1,5,3.803,16.282,18.12,4,,7.084,7.084,11.106,1,10,3.86,3.86,6.741,1,4,14.369,14.369,15.436,1,,0,0,7.102,0,3,6.448,6.448,7.334,1,2,3.45,3.45,4.361,1,,,,,,,,,1,2,5,4,4,3,4,4,4,3,5,7,24,1,6,,48,1,3,4,,2,2,Stress,2,FL_35,Description|con_2_T1|extra_1_T1|agree_2_T1|agree_1_T1|open_1_T1|extra_2_T1|neuro_2_T1|open_2_T1|con_1_T1|neuro_1_T1,Description|extra_2_T2|agree_1_T2|open_1_T2|extra_1_T2|con_2_T2|open_2_T2|neuro_1_T2|con_1_T2|neuro_2_T2|agree_2_T2
3/26/25 10:58,3/26/25 11:08,0,100,580,1,3/26/25 11:08,R_7KPa9ZwkV1LjbN8,,,,,anonymous,EN,1,6,6,5,5,5,6,6,5,5,5,1,4,32.17,33.287,42.994,2,,1.227,1.227,8.016,1,7,5.909,5.909,7.709,1,7,1.617,1.617,4.171,1,2,1.201,1.201,2.775,1,3,3.556,6.199,7.113,3,2,2.569,2.569,4.047,1,2,2.205,2.205,3.436,1,,,,,,,,,2,2,5,5,5,6,6,6,5,3,6,6,24,2,6,,30,1,3,6,,1,2,Stress,2,FL_35,Description|neuro_1_T1|neuro_2_T1|agree_1_T1|extra_2_T1|con_2_T1|agree_2_T1|con_1_T1|extra_1_T1|open_1_T1|open_2_T1,Description|con_1_T2|extra_2_T2|open_2_T2|agree_2_T2|open_1_T2|extra_1_T2|neuro_1_T2|con_2_T2|neuro_2_T2|agree_1_T2
3/26/25 11:04,3/26/25 11:08,0,100,239,1,3/26/25 11:08,R_70H09dBw35WugHN,,,,,anonymous,EN,1,5,6,3,2,6,2,3,6,2,2,1,4,7.757,14.377,25.128,2,5,2.559,2.559,5.091,1,12,1.433,1.433,8.278,1,,0,0,7.106,0,5,13.202,13.202,14.155,1,5,3.563,3.563,4.37,1,5,4.044,4.044,4.792,1,2,3.25,3.25,4.102,1,,,,,,,,,3,2,5,6,2,5,5,2,3,6,2,2,24,1,6,,45,1,5,4,,1,4,Stress,4,FL_35,Description|agree_2_T1|extra_1_T1|open_1_T1|con_1_T1|neuro_1_T1|neuro_2_T1|extra_2_T1|agree_1_T1|con_2_T1|open_2_T1,Description|extra_1_T2|open_1_T2|neuro_2_T2|agree_2_T2|neuro_1_T2|con_1_T2|extra_2_T2|open_2_T2|con_2_T2|agree_1_T2
3/26/25 11:04,3/26/25 11:08,0,100,264,1,3/26/25 11:08,R_3O1YCracuPSN2GJ,,,,,anonymous,EN,1,4,6,4,2,7,1,6,5,5,5,1,,,,,,,,,,,,,,,,,,,,,,,,,,,,,,,,,,,,,,,,,18,3,67,17,1,1,2,1,2,4,4,6,5,2,7,1,5,5,5,6,24,1,6,,48,1,3,4,,1,0,Nonstress,,FL_36,Description|open_2_T1|con_1_T1|agree_2_T1|neuro_2_T1|con_2_T1|open_1_T1|extra_2_T1|extra_1_T1|agree_1_T1|neuro_1_T1,Description|agree_1_T2|extra_1_T2|agree_2_T2|neuro_1_T2|open_2_T2|con_2_T2|neuro_2_T2|extra_2_T2|open_1_T2|con_1_T2
3/26/25 11:04,3/26/25 11:08,0,100,261,1,3/26/25 11:08,R_3BRusGykvNVAb18,,,,,anonymous,EN,1,5,3,5,2,5,2,4,6,3,4,1,,,,,,,,,,,,,,,,,,,,,,,,,,,,,,,,,,,,,,,,,180,3,67,2,1,5,2,1,1,4,6,2,5,2,6,2,5,6,3,4,24,2,6,,61,1,3,3,,3,0,Nonstress,,FL_36,Description|con_1_T1|neuro_2_T1|extra_1_T1|extra_2_T1|open_2_T1|neuro_1_T1|agree_1_T1|agree_2_T1|open_1_T1|con_2_T1,Description|extra_2_T2|con_1_T2|open_2_T2|neuro_2_T2|agree_2_T2|con_2_T2|open_1_T2|agree_1_T2|extra_1_T2|neuro_1_T2
3/26/25 10:58,3/26/25 11:08,0,100,607,1,3/26/25 11:08,R_7RV7Slp6WEt3gNA,,,,,anonymous,EN,1,6,7,7,1,7,1,7,7,7,7,1,1,9.833,13.295,32.24,3,,0,0,8.044,0,20,5.975,10.043,11.038,4,,0,0,7.04,0,3,9.564,9.765,15.199,2,,0,0,7.022,0,5,4.066,4.263,8.149,2,,0,0,5.036,0,,,,,,,,,3,5,7,7,7,1,7,1,7,7,7,7,24,1,6,,36,1,3,10,,1,1,Stress,1,FL_35,Description|con_1_T1|neuro_1_T1|agree_2_T1|open_1_T1|con_2_T1|neuro_2_T1|agree_1_T1|extra_1_T1|extra_2_T1|open_2_T1,Description|con_1_T2|con_2_T2|neuro_1_T2|agree_1_T2|agree_2_T2|open_1_T2|extra_2_T2|open_2_T2|extra_1_T2|neuro_2_T2
3/26/25 11:04,3/26/25 11:08,0,100,267,1,3/26/25 11:08,R_5vk9Yj8ERxyt6GU,,,,,anonymous,EN,1,6,4,4,2,7,2,7,4,7,7,1,,,,,,,,,,,,,,,,,,,,,,,,,,,,,,,,,,,,,,,,,96,3,67,,1,5,2,1,3,3,6,4,7,4,7,1,7,4,7,7,24,2,6,,52,1,5,2,,3,0,Nonstress,,FL_36,Description|con_2_T1|extra_2_T1|neuro_1_T1|agree_1_T1|neuro_2_T1|extra_1_T1|con_1_T1|open_2_T1|open_1_T1|agree_2_T1,Description|neuro_2_T2|con_2_T2|agree_1_T2|agree_2_T2|con_1_T2|neuro_1_T2|extra_2_T2|open_1_T2|extra_1_T2|open_2_T2
3/26/25 11:04,3/26/25 11:08,0,100,263,1,3/26/25 11:08,R_3WYxRjQZgTobMVX,,,,,anonymous,EN,1,3,5,3,1,5,3,5,6,7,7,1,,,,,,,,,,,,,,,,,,,,,,,,,,,,,,,,,,,,,,,,,180,3,67,17,1,5,2,1,1,4,3,5,4,1,4,3,6,5,7,7,24,1,6,,32,1,6,2,,3,0,Nonstress,,FL_36,Description|extra_1_T1|neuro_1_T1|open_2_T1|con_1_T1|agree_1_T1|con_2_T1|agree_2_T1|open_1_T1|extra_2_T1|neuro_2_T1,Description|agree_2_T2|agree_1_T2|neuro_1_T2|open_2_T2|extra_2_T2|neuro_2_T2|con_1_T2|con_2_T2|open_1_T2|extra_1_T2
3/26/25 11:05,3/26/25 11:08,0,100,176,1,3/26/25 11:08,R_6EdjR3BYyIvsGmj,,,,,anonymous,EN,1,3,5,3,4,5,3,3,5,3,6,1,,,,,,,,,,,,,,,,,,,,,,,,,,,,,,,,,,,,,,,,,180,3,67,5,1,5,2,1,2,3,3,5,3,4,5,3,3,5,3,6,24,2,6,,30,1,2,4,,1,0,Nonstress,,FL_36,Description|con_2_T1|extra_2_T1|open_1_T1|agree_1_T1|agree_2_T1|open_2_T1|extra_1_T1|con_1_T1|neuro_1_T1|neuro_2_T1,Description|agree_2_T2|agree_1_T2|open_2_T2|extra_2_T2|open_1_T2|neuro_1_T2|con_2_T2|extra_1_T2|con_1_T2|neuro_2_T2
3/26/25 11:05,3/26/25 11:08,0,100,199,1,3/26/25 11:08,R_7fpeiCREWDjxHGA,,,,,anonymous,EN,1,5,5,7,5,6,2,1,7,4,6,1,,,,,,,,,,,,,,,,,,,,,,,,,,,,,,,,,,,,,,,,,180,3,67,17,1,5,2,1,2,4,5,5,6,5,6,2,1,7,4,6,24,1,6,,29,1,3,9,,1,0,Nonstress,,FL_36,Description|agree_1_T1|extra_1_T1|neuro_1_T1|con_1_T1|neuro_2_T1|agree_2_T1|open_2_T1|extra_2_T1|open_1_T1|con_2_T1,Description|agree_2_T2|con_1_T2|extra_2_T2|agree_1_T2|open_1_T2|neuro_1_T2|con_2_T2|neuro_2_T2|extra_1_T2|open_2_T2
3/26/25 10:40,3/26/25 11:08,0,100,1721,1,3/26/25 11:08,R_3CrngzjLiQVDakK,,,,,anonymous,EN,1,3,2,6,3,6,3,5,5,6,6,1,3.2,7.129,24.997,27.576,2,,5.114,5.114,8.124,1,,9.482,9.482,11.015,1,0,3.357,3.357,7.018,1,4,1.985,1.985,3.05,1,,0,0,7.125,0,2,3.047,4.264,5.341,2,2,1.976,1.976,2.974,1,,,,,,,,,3,2,3,2,6,3,6,2,6,6,6,6,24,2,6,,43,1,3,6,,1,1,Stress,1,FL_35,Description|neuro_2_T1|open_2_T1|agree_1_T1|con_1_T1|open_1_T1|agree_2_T1|extra_1_T1|neuro_1_T1|con_2_T1|extra_2_T1,Description|extra_2_T2|agree_2_T2|extra_1_T2|open_1_T2|neuro_1_T2|con_2_T2|open_2_T2|agree_1_T2|neuro_2_T2|con_1_T2
3/26/25 11:02,3/26/25 11:08,0,100,400,1,3/26/25 11:08,R_5myYp3nkIil1NDz,,,,,anonymous,EN,1,6,4,6,1,6,1,4,4,3,6,1,,,,,,,,,,,,,,,,,,,,,,,,,,,,,,,,,,,,,,,,,100,2,67,2,1,5,2,1,1,5,6,4,6,1,6,2,4,4,4,6,24,2,2,,62,1,4,8,,3,0,Nonstress,,FL_36,Description|extra_2_T1|con_2_T1|neuro_1_T1|neuro_2_T1|open_1_T1|extra_1_T1|con_1_T1|open_2_T1|agree_1_T1|agree_2_T1,Description|open_1_T2|con_1_T2|extra_1_T2|neuro_2_T2|agree_2_T2|open_2_T2|neuro_1_T2|extra_2_T2|con_2_T2|agree_1_T2
3/26/25 11:04,3/26/25 11:08,0,100,290,1,3/26/25 11:08,R_3S0RF5IG8ihIV0C,,,,,anonymous,EN,1,4,4,3,5,6,3,5,6,2,4,1,3.5,9.694,9.694,34.986,1,2,6.883,6.883,8.015,1,12,1.481,1.481,10.688,1,,6.123,6.123,7.112,1,3,14.243,14.243,15.367,1,4,6.566,6.566,7.106,1,5,5.382,5.382,6.507,1,2,3.386,4.86,5.106,2,,,,,,,,,4,2,4,4,5,5,4,5,5,5,2,4,24,2,6,,23,1,5,4,,1,2,Stress,2,FL_35,Description|agree_2_T1|extra_1_T1|neuro_1_T1|open_2_T1|extra_2_T1|con_1_T1|neuro_2_T1|agree_1_T1|con_2_T1|open_1_T1,Description|neuro_1_T2|neuro_2_T2|extra_1_T2|open_2_T2|agree_1_T2|con_1_T2|extra_2_T2|con_2_T2|agree_2_T2|open_1_T2
3/26/25 11:03,3/26/25 11:09,0,100,353,1,3/26/25 11:09,R_71BNGsKFF6H9uUH,,,,,anonymous,EN,1,5,6,5,2,5,4,6,5,5,7,1,,,,,,,,,,,,,,,,,,,,,,,,,,,,,,,,,,,,,,,,,180,3,67,2,1,5,2,1,1,5,5,6,6,1,5,3,6,5,7,7,24,2,6,,53,1,5,4,,4,0,Nonstress,,FL_36,Description|agree_2_T1|agree_1_T1|neuro_1_T1|con_2_T1|open_1_T1|extra_2_T1|extra_1_T1|con_1_T1|neuro_2_T1|open_2_T1,Description|extra_2_T2|neuro_1_T2|open_1_T2|agree_2_T2|con_1_T2|neuro_2_T2|con_2_T2|extra_1_T2|open_2_T2|agree_1_T2
3/26/25 11:04,3/26/25 11:09,0,100,256,1,3/26/25 11:09,R_3uPPhybXOqQ3s7l,,,,,anonymous,EN,1,5,1,5,2,7,4,7,5,6,7,1,,,,,,,,,,,,,,,,,,,,,,,,,,,,,,,,,,,,,,,,,180,3,67,,1,5,2,1,1,3,4,1,5,2,7,4,7,5,7,7,24,2,6,,42,1,2,6,,2,0,Nonstress,,FL_36,Description|neuro_1_T1|extra_2_T1|open_1_T1|neuro_2_T1|con_2_T1|agree_2_T1|extra_1_T1|agree_1_T1|con_1_T1|open_2_T1,Description|extra_1_T2|agree_2_T2|agree_1_T2|extra_2_T2|open_1_T2|con_1_T2|neuro_1_T2|neuro_2_T2|open_2_T2|con_2_T2
3/26/25 11:04,3/26/25 11:09,0,100,300,1,3/26/25 11:09,R_7HnJYgORHdnDC6y,,,,,anonymous,EN,1,5,3,5,2,6,2,6,6,7,7,1,,,,,,,,,,,,,,,,,,,,,,,,,,,,,,,,,,,,,,,,,180,2,67,97,1,3,2,1,1,4,5,2,6,2,6,2,6,6,7,7,24,2,6,,55,1,4,4,,3,0,Nonstress,,FL_36,Description|con_2_T1|con_1_T1|open_1_T1|extra_1_T1|extra_2_T1|agree_1_T1|neuro_2_T1|neuro_1_T1|open_2_T1|agree_2_T1,Description|agree_1_T2|extra_1_T2|con_1_T2|open_1_T2|extra_2_T2|neuro_1_T2|neuro_2_T2|agree_2_T2|open_2_T2|con_2_T2
3/26/25 11:05,3/26/25 11:09,0,100,194,1,3/26/25 11:09,R_5wLyWydyxwC5CsS,,,,,anonymous,EN,1,5,5,5,3,5,3,6,5,5,5,1,3,11.398,11.398,23.066,1,,0,0,7.661,0,40,1.614,1.614,6.368,1,5,2.196,2.196,4.933,1,2,5.994,5.994,7.201,1,2,3.886,5.185,6.411,3,3,2.413,2.413,3.872,1,2,2.101,2.101,3.601,1,,,,,,,,,2,2,5,3,5,3,5,5,5,5,5,5,24,2,6,,38,1,4,4,,1,0,Stress,0,FL_35,Description|con_2_T1|neuro_1_T1|agree_1_T1|agree_2_T1|neuro_2_T1|open_1_T1|con_1_T1|extra_2_T1|open_2_T1|extra_1_T1,Description|neuro_1_T2|open_2_T2|con_2_T2|agree_1_T2|open_1_T2|neuro_2_T2|agree_2_T2|extra_2_T2|con_1_T2|extra_1_T2
3/26/25 11:01,3/26/25 11:09,0,100,444,1,3/26/25 11:09,R_34cP3As5xSaIVLb,,,,,anonymous,EN,1,6,3,5,3,7,1,5,3,5,3,1,0.5,29.697,36.673,44.015,3,,7.296,7.296,8.012,1,40,5.698,9.903,11.01,2,,6.11,6.11,7.01,1,2,4.112,14.211,17.114,5,5,4.916,6.308,7.014,2,2,3.051,3.72,5.551,2,2,3.798,4.47,5.012,2,,,,,,,,,4,2,5,4,5,3,6,2,5,3,5,2,24,2,6,,35,1,4,4,,1,0,Stress,0,FL_35,Description|con_2_T1|open_2_T1|neuro_2_T1|agree_2_T1|neuro_1_T1|extra_2_T1|open_1_T1|con_1_T1|agree_1_T1|extra_1_T1,Description|con_2_T2|agree_1_T2|con_1_T2|neuro_1_T2|neuro_2_T2|open_1_T2|open_2_T2|extra_2_T2|extra_1_T2|agree_2_T2
3/26/25 11:04,3/26/25 11:09,0,100,277,1,3/26/25 11:09,R_7K9L9xCffNtRv4V,,,,,anonymous,EN,1,5,3,6,3,6,3,4,5,6,6,1,2,5.821,32.129,44.017,5,,5.581,5.581,8.005,1,20,1.834,5.444,11.104,2,0,1.611,1.611,7.113,1,2,9.605,9.605,11.134,1,3,4.842,4.842,5.999,1,2,3.321,3.321,4.579,1,2,2.321,2.321,3.356,1,,,,,,,,,3,3,5,3,6,3,6,3,4,5,6,6,24,2,1,,31,1,2,4,,1,1,Stress,1,FL_35,Description|extra_1_T1|agree_2_T1|open_2_T1|open_1_T1|con_2_T1|neuro_1_T1|extra_2_T1|agree_1_T1|neuro_2_T1|con_1_T1,Description|extra_2_T2|agree_2_T2|con_2_T2|neuro_2_T2|open_1_T2|neuro_1_T2|agree_1_T2|open_2_T2|con_1_T2|extra_1_T2
3/26/25 11:05,3/26/25 11:09,0,100,235,1,3/26/25 11:09,R_129n1hWM6FOdkVz,,,,,anonymous,EN,1,6,5,6,2,6,2,6,5,6,6,1,,,,,,,,,,,,,,,,,,,,,,,,,,,,,,,,,,,,,,,,,180,3,67,5,1,5,2,1,1,4,6,5,6,2,6,2,6,6,6,6,24,1,6,,54,1,2,4,,2,0,Nonstress,,FL_36,Description|agree_2_T1|open_1_T1|con_2_T1|open_2_T1|neuro_1_T1|con_1_T1|extra_1_T1|extra_2_T1|agree_1_T1|neuro_2_T1,Description|neuro_1_T2|extra_2_T2|open_1_T2|open_2_T2|agree_2_T2|neuro_2_T2|agree_1_T2|con_1_T2|con_2_T2|extra_1_T2
3/26/25 11:03,3/26/25 11:09,0,100,354,1,3/26/25 11:09,R_3YFGZXjT0KuGWRp,,,,,anonymous,EN,1,3,6,5,4,6,3,5,6,6,5,1,,,,,,,,,,,,,,,,,,,,,,,,,,,,,,,,,,,,,,,,,180,3,67,10,1,5,2,1,2,3,3,6,5,4,5,4,5,5,5,5,24,1,6,,55,1,3,6,,2,0,Nonstress,,FL_36,Description|extra_2_T1|neuro_2_T1|neuro_1_T1|con_1_T1|open_2_T1|agree_2_T1|agree_1_T1|con_2_T1|open_1_T1|extra_1_T1,Description|con_2_T2|extra_1_T2|agree_1_T2|agree_2_T2|con_1_T2|neuro_1_T2|extra_2_T2|open_2_T2|open_1_T2|neuro_2_T2
3/26/25 11:03,3/26/25 11:09,0,100,357,1,3/26/25 11:09,R_6whbbWAkAoPRl73,,,,,anonymous,EN,1,3,6,5,4,6,1,2,1,6,5,1,,2.408,2.408,44.011,1,,2.812,3.301,8.01,2,20,0.837,0.837,7.959,1,,0.818,0.818,7.116,1,2,7.092,10.421,10.826,4,5,2.996,4.501,5.605,2,2,4.573,7.234,8.014,3,2,3.477,3.477,5.112,1,,,,,,,,,2,2,2,6,3,4,7,1,2,1,6,6,24,1,6,,54,1,2,6,,1,0,Stress,0,FL_35,Description|extra_1_T1|extra_2_T1|open_1_T1|agree_2_T1|open_2_T1|con_2_T1|agree_1_T1|neuro_2_T1|con_1_T1|neuro_1_T1,Description|agree_1_T2|extra_2_T2|con_1_T2|open_1_T2|open_2_T2|agree_2_T2|extra_1_T2|neuro_1_T2|con_2_T2|neuro_2_T2
3/26/25 11:05,3/26/25 11:09,0,100,262,1,3/26/25 11:09,R_3onyD9YOFBMACbz,,,,,anonymous,EN,1,4,3,3,6,6,4,3,3,6,7,1,4.5,4.913,4.913,44.006,1,5,3.704,3.704,8.105,1,20,3.886,3.886,11.005,1,,0,0,7.104,0,3,7.837,9.286,17.005,2,3,6.226,6.226,7.004,1,4,6.65,6.65,8.005,1,2,2.036,2.036,5.105,1,,,,,,,,,2,1,3,3,3,6,5,4,3,3,6,7,24,2,6,,34,1,3,4,,3,2,Stress,2,FL_35,Description|agree_1_T1|agree_2_T1|extra_2_T1|extra_1_T1|neuro_1_T1|open_2_T1|neuro_2_T1|open_1_T1|con_1_T1|con_2_T1,Description|neuro_2_T2|neuro_1_T2|agree_1_T2|agree_2_T2|extra_1_T2|open_1_T2|con_2_T2|open_2_T2|extra_2_T2|con_1_T2
3/26/25 11:04,3/26/25 11:09,0,100,275,1,3/26/25 11:09,R_7MM0ff81HhAxYGt,,,,,anonymous,EN,1,5,4,1,6,5,6,7,5,7,6,1,3,5.187,41.076,44.01,5,90,2.21,4.415,8.003,3,14,1.84,7.644,9.66,3,,1.203,1.203,7.32,1,2,5.109,10.367,12.446,3,1,6.749,6.749,7.103,1,1,4.143,5.253,6.116,2,,0,0,5.003,0,,,,,,,,,5,1,6,6,6,6,3,7,5,3,7,6,24,1,3,,24,2,5,2,,2,0,Stress,0,FL_35,Description|neuro_1_T1|open_2_T1|extra_2_T1|con_2_T1|con_1_T1|agree_2_T1|extra_1_T1|open_1_T1|agree_1_T1|neuro_2_T1,Description|extra_2_T2|con_1_T2|extra_1_T2|neuro_1_T2|neuro_2_T2|con_2_T2|open_1_T2|open_2_T2|agree_1_T2|agree_2_T2
3/26/25 11:05,3/26/25 11:09,0,100,267,1,3/26/25 11:09,R_1kLqGVWlDsqFexj,,,,,anonymous,EN,1,2,7,1,3,1,6,5,6,1,1,1,,,,,,,,,,,,,,,,,,,,,,,,,,,,,,,,,,,,,,,,,180,3,67,17,1,5,2,1,2,3,2,7,1,3,1,6,3,5,1,1,24,1,6,,45,1,3,9,,1,0,Nonstress,,FL_36,Description|con_2_T1|agree_2_T1|neuro_2_T1|extra_1_T1|open_1_T1|con_1_T1|open_2_T1|extra_2_T1|agree_1_T1|neuro_1_T1,Description|con_2_T2|neuro_1_T2|extra_2_T2|agree_1_T2|con_1_T2|open_1_T2|extra_1_T2|open_2_T2|agree_2_T2|neuro_2_T2
3/26/25 11:06,3/26/25 11:09,0,100,210,1,3/26/25 11:09,R_16a3AcLDpizRjac,,,,,anonymous,EN,1,4,6,5,2,5,3,5,6,3,5,1,4,11.59,13.443,13.769,2,5,0.931,0.931,7.85,1,20,4.572,4.572,5.685,1,,6.108,6.108,7.113,1,,2.067,16.683,17.007,4,4,1.747,4.396,4.7,3,2,1.693,5.134,5.365,5,2,1.446,2.202,2.701,3,,,,,,,,,2,1,4,6,2,5,6,3,5,3,4,5,24,1,6,,24,1,5,5,,1,2,Stress,2,FL_35,Description|open_2_T1|extra_2_T1|con_2_T1|extra_1_T1|neuro_1_T1|agree_1_T1|agree_2_T1|con_1_T1|neuro_2_T1|open_1_T1,Description|agree_2_T2|neuro_2_T2|neuro_1_T2|con_1_T2|open_1_T2|extra_2_T2|con_2_T2|extra_1_T2|open_2_T2|agree_1_T2
3/26/25 11:03,3/26/25 11:09,0,100,385,1,3/26/25 11:09,R_35DSbfwjdC1e5Vf,,,,,anonymous,EN,1,6,4,3,3,3,2,5,5,7,7,1,4,2.327,2.327,31.187,1,105,3.194,3.194,8.007,1,5,7.728,7.728,8.923,1,4,5.257,5.257,6.901,1,3,8.789,9.611,11.301,2,3,4.872,4.872,6.345,1,5,3.765,5.201,6.418,3,2,3.629,3.629,5.107,1,,,,,,,,,5,1,6,3,3,3,5,2,5,5,7,7,24,1,6,,49,1,3,3,,1,3,Stress,3,FL_35,Description|neuro_2_T1|agree_1_T1|extra_2_T1|open_2_T1|open_1_T1|con_2_T1|agree_2_T1|neuro_1_T1|extra_1_T1|con_1_T1,Description|extra_1_T2|con_2_T2|agree_1_T2|neuro_2_T2|extra_2_T2|open_1_T2|agree_2_T2|con_1_T2|open_2_T2|neuro_1_T2
3/26/25 11:03,3/26/25 11:09,0,100,395,1,3/26/25 11:09,R_5OewH7Kc7lL7xqA,,,,,anonymous,EN,1,5,3,5,3,6,1,6,7,5,6,1,5,12.235,12.235,34.644,1,,0,0,8.117,0,20,1.359,1.359,10.288,1,0,4.028,4.996,7.106,2,,0,0,16.842,0,5,6.154,6.154,7.118,1,3,6.622,6.622,8.016,1,2,3.138,3.138,5.012,1,,,,,,,,,4,1,5,3,5,3,5,2,6,7,5,6,24,2,6,,43,1,5,3,,2,0,Stress,0,FL_35,Description|agree_1_T1|agree_2_T1|con_2_T1|open_2_T1|neuro_2_T1|open_1_T1|neuro_1_T1|con_1_T1|extra_2_T1|extra_1_T1,Description|open_2_T2|agree_2_T2|open_1_T2|neuro_1_T2|extra_1_T2|extra_2_T2|con_1_T2|con_2_T2|neuro_2_T2|agree_1_T2
3/26/25 11:05,3/26/25 11:10,0,100,284,1,3/26/25 11:10,R_18OKSiMvry8CWzy,,,,,anonymous,EN,1,2,6,2,6,7,2,5,1,1,2,1,,,,,,,,,,,,,,,,,,,,,,,,,,,,,,,,,,,,,,,,,180,3,72,17,1,5,4,1,2,2,2,6,2,6,7,2,5,1,1,1,24,2,6,,63,1,4,3,,1,0,Nonstress,,FL_36,Description|agree_1_T1|con_1_T1|neuro_2_T1|agree_2_T1|extra_1_T1|neuro_1_T1|open_2_T1|open_1_T1|extra_2_T1|con_2_T1,Description|agree_2_T2|neuro_2_T2|extra_2_T2|con_2_T2|open_1_T2|agree_1_T2|neuro_1_T2|extra_1_T2|con_1_T2|open_2_T2
3/26/25 11:01,3/26/25 11:10,0,100,528,1,3/26/25 11:10,R_5qmOZ0rpH8ykiPo,,,,,anonymous,EN,1,5,2,6,2,6,3,6,7,6,7,1,,16.472,16.472,44.106,1,,0,0,8.011,0,14,1.447,1.447,8.407,1,,0,0,7.011,0,4,5.753,5.753,6.461,1,5,4.425,4.425,5.081,1,2,5.899,5.899,6.4,1,3,3.378,4.602,5.002,2,,,,,,,,,4,1,4,5,3,6,6,2,4,3,4,5,24,1,1,,36,1,3,4,,1,1,Stress,1,FL_35,Description|agree_1_T1|open_1_T1|con_1_T1|agree_2_T1|open_2_T1|con_2_T1|extra_1_T1|neuro_2_T1|neuro_1_T1|extra_2_T1,Description|con_1_T2|con_2_T2|agree_2_T2|open_2_T2|extra_2_T2|extra_1_T2|open_1_T2|agree_1_T2|neuro_1_T2|neuro_2_T2
3/26/25 11:05,3/26/25 11:10,0,100,263,1,3/26/25 11:10,R_6L1P5fJj1ZgO5qe,,,,,anonymous,EN,1,7,4,7,3,7,1,6,7,6,7,1,20,7.303,19.465,44.116,4,5,1.558,5.695,5.983,4,12,4.102,5.899,6.426,2,,2.34,2.34,7.01,1,4,1.732,7.272,7.852,4,4,2.083,4.551,5.23,2,3,3.934,4.8,5.643,2,2,2.654,3.097,3.592,2,,,,,,,,,2,3,7,4,6,2,7,1,6,7,6,6,24,2,6,,43,1,2,9,,1,3,Stress,3,FL_35,Description|extra_2_T1|con_2_T1|open_1_T1|neuro_1_T1|agree_2_T1|open_2_T1|neuro_2_T1|extra_1_T1|agree_1_T1|con_1_T1,Description|open_1_T2|extra_1_T2|neuro_2_T2|agree_1_T2|con_1_T2|agree_2_T2|open_2_T2|extra_2_T2|con_2_T2|neuro_1_T2
3/26/25 11:04,3/26/25 11:10,0,100,341,1,3/26/25 11:10,R_5uu32ZcOpXYvnzj,,,,,anonymous,EN,1,3,5,2,7,4,5,3,2,7,6,1,4.5,1.993,28.996,32.102,3,10,1.825,1.825,7.879,1,20,3.24,7.319,7.833,2,0,1.286,1.286,6.783,1,3,10.36,13.608,14.47,3,,6.492,6.492,7.008,1,4,3.984,7.146,8.007,3,2,1.693,3.974,5.111,3,,,,,,,,,4,1,2,6,1,5,5,4,4,1,7,6,24,2,6,,43,1,5,2,,2,0,Stress,0,FL_35,Description|con_1_T1|con_2_T1|neuro_1_T1|neuro_2_T1|open_2_T1|extra_2_T1|agree_2_T1|extra_1_T1|agree_1_T1|open_1_T1,Description|open_2_T2|extra_1_T2|agree_1_T2|con_2_T2|neuro_1_T2|con_1_T2|extra_2_T2|open_1_T2|neuro_2_T2|agree_2_T2
3/26/25 11:00,3/26/25 11:10,0,100,568,1,3/26/25 11:10,R_5dte9sB8YBqcAVN,,,,,anonymous,EN,1,3,7,1,6,6,5,6,7,6,5,1,,,,,,,,,,,,,,,,,,,,,,,,,,,,,,,,,,,,,,,,,180,3,67,10,1,1,1,1,4,2,3,7,1,6,6,5,6,7,5,6,24,2,6,,27,1,6,3,,3,0,Nonstress,,FL_36,Description|open_2_T1|open_1_T1|extra_2_T1|con_2_T1|extra_1_T1|neuro_1_T1|agree_1_T1|con_1_T1|agree_2_T1|neuro_2_T1,Description|open_1_T2|open_2_T2|neuro_2_T2|con_1_T2|extra_2_T2|agree_2_T2|con_2_T2|agree_1_T2|neuro_1_T2|extra_1_T2
3/26/25 11:05,3/26/25 11:10,0,100,300,1,3/26/25 11:10,R_3dFo8uAh3MrTxgf,,,,,anonymous,EN,1,5,7,5,4,6,2,4,7,3,6,1,,,,,,,,,,,,,,,,,,,,,,,,,,,,,,,,,,,,,,,,,18,3,67,17,1,5,2,1,2,4,5,7,5,4,5,2,4,7,3,6,24,2,1,,66,1,3,5,,3,0,Nonstress,,FL_36,Description|neuro_1_T1|con_2_T1|open_2_T1|agree_1_T1|con_1_T1|extra_2_T1|agree_2_T1|open_1_T1|extra_1_T1|neuro_2_T1,Description|agree_2_T2|neuro_2_T2|open_1_T2|con_1_T2|open_2_T2|extra_1_T2|con_2_T2|extra_2_T2|agree_1_T2|neuro_1_T2
3/26/25 11:05,3/26/25 11:10,0,100,328,1,3/26/25 11:10,R_6rOXUdldslseW1Y,,,,,anonymous,EN,1,4,6,2,3,5,1,6,1,3,3,1,5,2.018,17.254,19.868,2,,1.836,1.836,8.118,1,12,1.161,8.685,11.113,2,,0.963,0.963,7.118,1,1,2.192,4.102,6.591,3,2,6.24,6.24,7.106,1,5,1.35,6.796,8.108,2,2,1.564,3.679,4.7,2,,,,,,,,,2,3,6,6,2,3,5,1,6,1,3,3,24,2,6,,42,1,5,5,,1,2,Stress,2,FL_35,Description|open_2_T1|agree_2_T1|extra_2_T1|extra_1_T1|open_1_T1|con_2_T1|agree_1_T1|con_1_T1|neuro_2_T1|neuro_1_T1,Description|neuro_1_T2|neuro_2_T2|extra_1_T2|agree_1_T2|con_2_T2|open_2_T2|open_1_T2|extra_2_T2|agree_2_T2|con_1_T2
3/26/25 11:05,3/26/25 11:10,0,100,310,1,3/26/25 11:10,R_1TFYcRxf02jC1EP,,,,,anonymous,EN,1,6,2,4,2,4,5,3,4,6,7,1,,41.062,41.062,44.106,1,,0,0,8.005,0,20,1.253,1.253,9.813,1,,0,0,6.815,0,,0,0,17.006,0,5,6.192,6.192,7.007,1,3,4.587,4.587,5.807,1,2,2.295,2.295,3.777,1,,,,,,,,,2,2,6,2,4,2,6,5,3,4,6,7,24,1,6,,33,1,3,4,,1,0,Stress,0,FL_35,Description|extra_1_T1|open_1_T1|neuro_2_T1|open_2_T1|agree_2_T1|neuro_1_T1|agree_1_T1|con_2_T1|con_1_T1|extra_2_T1,Description|neuro_1_T2|con_2_T2|open_1_T2|open_2_T2|extra_1_T2|con_1_T2|extra_2_T2|agree_2_T2|agree_1_T2|neuro_2_T2
3/26/25 10:58,3/26/25 11:10,0,100,731,1,3/26/25 11:10,R_7E0PBS26H2MEaTi,,,,,anonymous,EN,1,7,4,7,1,7,1,7,6,6,7,1,,,,,,,,,,,,,,,,,,,,,,,,,,,,,,,,,,,,,,,,,180,3,67,17,1,5,2,1,1,5,7,5,7,1,6,1,7,7,7,7,24,2,6,,51,1,3,7,,1,0,Nonstress,,FL_36,Description|extra_2_T1|neuro_2_T1|con_1_T1|neuro_1_T1|agree_1_T1|open_1_T1|agree_2_T1|open_2_T1|con_2_T1|extra_1_T1,Description|open_2_T2|open_1_T2|agree_1_T2|neuro_2_T2|neuro_1_T2|extra_1_T2|extra_2_T2|agree_2_T2|con_2_T2|con_1_T2
3/26/25 11:07,3/26/25 11:10,0,100,170,1,3/26/25 11:10,R_6WgwctNJRYuP8Vr,,,,,anonymous,EN,1,4,6,4,2,4,4,5,4,3,5,1,,,,,,,,,,,,,,,,,,,,,,,,,,,,,,,,,,,,,,,,,180,3,67,10,1,1,2,1,2,2,4,2,4,2,4,4,5,4,3,5,24,2,3,,43,1,3,4,,1,0,Nonstress,,FL_36,Description|con_2_T1|agree_1_T1|extra_1_T1|neuro_2_T1|con_1_T1|open_2_T1|agree_2_T1|open_1_T1|extra_2_T1|neuro_1_T1,Description|open_1_T2|extra_1_T2|extra_2_T2|con_2_T2|neuro_2_T2|agree_2_T2|con_1_T2|agree_1_T2|open_2_T2|neuro_1_T2
3/26/25 11:06,3/26/25 11:10,0,100,265,1,3/26/25 11:10,R_5N5jW1XHPOZuD5P,,,,,anonymous,EN,1,5,3,3,4,3,4,5,5,6,4,1,,,,,,,,,,,,,,,,,,,,,,,,,,,,,,,,,,,,,,,,,180,3,67,17,1,5,2,1,1,3,5,3,5,5,5,5,4,3,4,5,24,1,1,,33,1,4,4,,1,0,Nonstress,,FL_36,Description|neuro_2_T1|agree_2_T1|con_1_T1|neuro_1_T1|open_2_T1|open_1_T1|con_2_T1|agree_1_T1|extra_2_T1|extra_1_T1,Description|con_1_T2|agree_1_T2|neuro_2_T2|open_1_T2|open_2_T2|extra_2_T2|neuro_1_T2|con_2_T2|agree_2_T2|extra_1_T2
3/26/25 11:00,3/26/25 11:10,0,100,581,1,3/26/25 11:10,R_7TBgG9PYlW1NTNn,,,,,anonymous,EN,1,3,5,3,5,5,2,4,3,5,3,1,5,1.558,1.558,33.168,1,0,1.203,1.203,8.108,1,12,1.181,1.181,11.102,1,,1.331,1.331,7.002,1,3,6.789,11.14,17.11,2,4,5.329,6.5,7.004,2,2,3.595,3.595,6.46,1,2,2.205,2.205,5.114,1,,,,,,,,,4,2,3,6,2,6,2,3,4,2,3,5,24,2,1,,26,1,3,11,,2,1,Stress,1,FL_35,Description|open_1_T1|open_2_T1|agree_2_T1|extra_1_T1|con_2_T1|extra_2_T1|neuro_2_T1|neuro_1_T1|agree_1_T1|con_1_T1,Description|neuro_2_T2|extra_2_T2|agree_2_T2|open_2_T2|con_2_T2|extra_1_T2|neuro_1_T2|con_1_T2|open_1_T2|agree_1_T2
3/26/25 11:06,3/26/25 11:10,0,100,232,1,3/26/25 11:10,R_5IuQzpUFpLdDo1W,,,,,anonymous,EN,1,3,4,4,2,5,5,4,4,4,4,1,2,2.179,2.179,13.215,1,1,1.072,1.072,8.012,1,12,1.052,1.052,8.125,1,1,1.225,1.225,7.006,1,4,6.344,6.344,7.078,1,,0,0,7.004,0,3,4.071,4.071,4.79,1,4,0.474,0.474,1.901,1,,,,,,,,,1,3,3,4,4,2,4,4,4,4,4,4,24,1,2,,34,1,5,3,,1,3,Stress,3,FL_35,Description|neuro_2_T1|open_1_T1|con_1_T1|neuro_1_T1|con_2_T1|extra_2_T1|open_2_T1|agree_2_T1|extra_1_T1|agree_1_T1,Description|neuro_2_T2|con_1_T2|neuro_1_T2|open_2_T2|extra_1_T2|agree_1_T2|open_1_T2|agree_2_T2|con_2_T2|extra_2_T2
3/26/25 11:05,3/26/25 11:10,0,100,322,1,3/26/25 11:10,R_1lQ9ZErbZe48X2q,,,,,anonymous,EN,1,6,5,5,2,6,2,6,6,7,7,1,,,,,,,,,,,,,,,,,,,,,,,,,,,,,,,,,,,,,,,,,180,3,67,5,1,5,2,1,2,5,7,5,5,3,6,1,6,6,7,7,24,2,6,,62,1,4,3,,1,0,Nonstress,,FL_36,Description|neuro_2_T1|agree_2_T1|open_1_T1|open_2_T1|extra_2_T1|neuro_1_T1|con_1_T1|con_2_T1|extra_1_T1|agree_1_T1,Description|open_2_T2|neuro_1_T2|extra_1_T2|agree_1_T2|con_2_T2|open_1_T2|extra_2_T2|con_1_T2|neuro_2_T2|agree_2_T2
3/26/25 11:05,3/26/25 11:10,0,100,296,1,3/26/25 11:10,R_7kFL0biTVGGh5El,,,,,anonymous,EN,1,4,6,4,4,7,2,5,4,6,5,1,,2.134,2.134,44.008,1,5,1.362,1.362,8.008,1,14,1.715,1.715,11.115,1,,1.811,1.811,7.11,1,3,5.842,5.842,7.117,1,3,5.899,5.899,7.009,1,3,5.302,5.302,8.113,1,2,3.062,3.062,5.004,1,,,,,,,,,2,2,4,6,4,4,6,1,5,4,5,6,24,1,6,,52,1,3,4,,1,2,Stress,2,FL_35,Description|extra_2_T1|agree_1_T1|con_2_T1|neuro_2_T1|open_1_T1|open_2_T1|extra_1_T1|agree_2_T1|neuro_1_T1|con_1_T1,Description|con_2_T2|neuro_1_T2|agree_1_T2|open_2_T2|extra_1_T2|con_1_T2|neuro_2_T2|open_1_T2|extra_2_T2|agree_2_T2
3/26/25 11:06,3/26/25 11:10,0,100,280,1,3/26/25 11:10,R_5GX7tVLRMG0XkR3,,,,,anonymous,EN,1,3,7,4,6,7,1,4,7,1,4,1,7,2.101,22.557,26.842,2,10,1.359,15.585,18.175,3,11,0.911,0.911,4.95,1,,1.242,1.242,7.01,1,2,2.66,2.66,3.929,1,2,6.928,6.928,7.11,1,2,4.06,4.06,5.312,1,4,2.774,2.774,3.833,1,,,,,,,,,5,1,4,7,4,7,7,1,4,7,4,4,24,2,6,,51,1,3,2,,3,1,Stress,1,FL_35,Description|agree_2_T1|con_1_T1|agree_1_T1|con_2_T1|neuro_1_T1|extra_1_T1|open_1_T1|neuro_2_T1|open_2_T1|extra_2_T1,Description|con_2_T2|agree_1_T2|open_2_T2|neuro_2_T2|extra_2_T2|open_1_T2|neuro_1_T2|agree_2_T2|con_1_T2|extra_1_T2
3/26/25 11:05,3/26/25 11:10,0,100,315,1,3/26/25 11:10,R_7HkhZr2kd6Zo6I9,,,,,anonymous,EN,1,6,3,6,3,6,1,7,6,7,7,1,5,3.14,3.14,23.65,1,10,4.356,12.467,22.802,2,4,1.686,9.349,11.01,2,2,6.234,6.234,7.112,1,4,5.34,5.34,6.463,1,4,5.186,5.186,6.369,1,1,4.727,4.727,5.706,1,2,3.785,4.769,5.114,2,,,,,,,,,5,1,4,5,3,7,6,2,7,7,6,7,24,2,2,,38,1,4,4,,3,2,Stress,2,FL_35,Description|agree_2_T1|agree_1_T1|open_2_T1|neuro_1_T1|extra_2_T1|extra_1_T1|open_1_T1|neuro_2_T1|con_2_T1|con_1_T1,Description|agree_1_T2|extra_2_T2|extra_1_T2|con_2_T2|open_1_T2|agree_2_T2|con_1_T2|neuro_2_T2|neuro_1_T2|open_2_T2
3/26/25 11:06,3/26/25 11:10,0,100,251,1,3/26/25 11:10,R_3IRsDF7br5xhVLz,,,,,anonymous,EN,1,2,6,2,5,3,5,6,3,6,5,1,,,,,,,,,,,,,,,,,,,,,,,,,,,,,,,,,,,,,,,,,180,3,67,17,1,5,2,1,2,4,2,6,3,5,3,5,6,3,6,5,24,1,6,,20,1,5,3,,3,0,Nonstress,,FL_36,Description|agree_2_T1|con_2_T1|neuro_1_T1|extra_1_T1|agree_1_T1|extra_2_T1|open_2_T1|neuro_2_T1|open_1_T1|con_1_T1,Description|extra_2_T2|con_2_T2|neuro_2_T2|extra_1_T2|agree_2_T2|open_2_T2|con_1_T2|neuro_1_T2|open_1_T2|agree_1_T2
3/26/25 11:06,3/26/25 11:10,0,100,279,1,3/26/25 11:10,R_6rpRYlyEiATDhHo,,,,,anonymous,EN,1,5,2,3,2,6,2,6,6,5,7,1,,,,,,,,,,,,,,,,,,,,,,,,,,,,,,,,,,,,,,,,,180,3,67,17,1,5,2,1,1,3,6,2,3,2,6,2,6,6,6,7,24,2,6,,45,1,3,4,,1,0,Nonstress,,FL_36,Description|agree_2_T1|open_1_T1|open_2_T1|neuro_2_T1|agree_1_T1|extra_1_T1|extra_2_T1|con_1_T1|con_2_T1|neuro_1_T1,Description|extra_1_T2|con_1_T2|open_2_T2|neuro_1_T2|open_1_T2|extra_2_T2|neuro_2_T2|agree_2_T2|con_2_T2|agree_1_T2
3/26/25 11:07,3/26/25 11:10,0,100,235,1,3/26/25 11:10,R_3P0eIriTp4J8heX,,,,,anonymous,EN,1,4,4,3,5,6,2,5,4,5,6,1,,,,,,,,,,,,,,,,,,,,,,,,,,,,,,,,,,,,,,,,,180,3,67,17,1,5,2,1,1,5,5,4,3,5,6,2,5,4,6,6,24,2,6,,50,1,4,4,,1,0,Nonstress,,FL_36,Description|open_2_T1|extra_2_T1|open_1_T1|con_2_T1|con_1_T1|neuro_2_T1|agree_2_T1|extra_1_T1|agree_1_T1|neuro_1_T1,Description|con_2_T2|con_1_T2|extra_1_T2|extra_2_T2|neuro_1_T2|agree_2_T2|open_1_T2|open_2_T2|neuro_2_T2|agree_1_T2
3/26/25 11:02,3/26/25 11:10,0,100,499,1,3/26/25 11:11,R_7gBaAxuwktTAmzF,,,,,anonymous,EN,1,6,2,6,2,6,2,6,6,2,6,1,,,,,,,,,,,,,,,,,,,,,,,,,,,,,,,,,,,,,,,,,180,3,67,17,1,5,2,1,1,4,6,6,5,3,5,2,5,6,5,5,24,2,6,,59,1,2,5,,1,0,Nonstress,,FL_36,Description|neuro_2_T1|con_2_T1|neuro_1_T1|agree_1_T1|open_2_T1|extra_1_T1|open_1_T1|agree_2_T1|extra_2_T1|con_1_T1,Description|con_1_T2|neuro_2_T2|agree_1_T2|open_2_T2|neuro_1_T2|open_1_T2|con_2_T2|agree_2_T2|extra_2_T2|extra_1_T2
3/26/25 11:05,3/26/25 11:11,0,100,321,1,3/26/25 11:11,R_14AdcBCOzq5DHp7,,,,,anonymous,EN,1,5,3,4,5,5,2,6,4,5,7,1,,19.742,19.742,44.107,1,,2.566,2.566,8.008,1,12,7.422,7.422,9.843,1,,0,0,7.102,0,,0,0,17.112,0,3,6.276,6.276,7.003,1,3,4.613,4.613,5.554,1,,0,0,5.103,0,,,,,,,,,3,2,5,2,5,4,4,2,6,4,6,6,24,1,6,,59,1,2,9,,1,2,Stress,2,FL_35,Description|neuro_2_T1|open_1_T1|extra_2_T1|con_2_T1|open_2_T1|con_1_T1|extra_1_T1|neuro_1_T1|agree_2_T1|agree_1_T1,Description|open_2_T2|extra_2_T2|neuro_1_T2|con_2_T2|con_1_T2|agree_1_T2|agree_2_T2|neuro_2_T2|open_1_T2|extra_1_T2
3/26/25 11:07,3/26/25 11:11,0,100,202,1,3/26/25 11:11,R_7FK3Vz0KULSb49H,,,,,anonymous,EN,1,4,6,4,2,6,3,3,5,3,6,1,,,,,,,,,,,,,,,,,,,,,,,,,,,,,,,,,,,,,,,,,180,3,67,17,1,5,2,1,2,3,4,6,4,2,6,3,3,5,3,6,24,1,1,,36,1,3,6,,1,0,Nonstress,,FL_36,Description|con_2_T1|extra_2_T1|con_1_T1|neuro_1_T1|neuro_2_T1|open_1_T1|open_2_T1|agree_2_T1|extra_1_T1|agree_1_T1,Description|con_1_T2|extra_2_T2|con_2_T2|agree_2_T2|neuro_2_T2|open_2_T2|neuro_1_T2|agree_1_T2|open_1_T2|extra_1_T2
3/26/25 11:04,3/26/25 11:11,0,100,411,1,3/26/25 11:11,R_1fCYdpupX86cobf,,,,,anonymous,EN,1,6,1,7,3,7,1,7,7,7,7,1,,43.57,43.57,44.011,1,,7.281,7.281,8.011,1,12,7.986,7.986,11.016,1,,0,0,7.12,0,3,7.864,13.21,14.277,4,,0,0,7.115,0,,6.013,6.013,8.022,1,,0,0,5.012,0,,,,,,,,,1,5,6,1,7,2,7,1,7,7,7,7,24,2,6,,65,1,2,3,,1,1,Stress,1,FL_35,Description|open_2_T1|open_1_T1|agree_1_T1|con_1_T1|neuro_1_T1|agree_2_T1|con_2_T1|extra_2_T1|neuro_2_T1|extra_1_T1,Description|open_1_T2|agree_1_T2|neuro_2_T2|extra_2_T2|neuro_1_T2|con_1_T2|agree_2_T2|extra_1_T2|open_2_T2|con_2_T2
3/26/25 11:04,3/26/25 11:11,0,100,414,1,3/26/25 11:11,R_7PIfirPikLzqvCN,,,,,anonymous,EN,1,6,6,5,2,6,3,3,4,5,5,1,5,2.807,16.472,34.889,2,,6.358,6.358,8.111,1,12,1.075,1.075,11.008,1,,0,0,7.112,0,3,4.471,4.471,5.84,1,4,5.801,5.801,7.115,1,1,5.195,5.195,6.635,1,2,4.45,4.45,5.116,1,,,,,,,,,4,3,3,6,2,7,6,2,3,2,2,2,24,2,6,,30,1,3,4,,1,1,Stress,1,FL_35,Description|neuro_2_T1|neuro_1_T1|agree_1_T1|agree_2_T1|extra_1_T1|open_1_T1|extra_2_T1|con_2_T1|con_1_T1|open_2_T1,Description|con_1_T2|extra_2_T2|agree_2_T2|extra_1_T2|open_1_T2|open_2_T2|neuro_1_T2|neuro_2_T2|con_2_T2|agree_1_T2
3/26/25 11:02,3/26/25 11:11,0,100,519,1,3/26/25 11:11,R_6h0IrIRGrReOMH1,,,,,anonymous,EN,1,4,3,4,3,7,1,7,7,7,7,1,,,,,,,,,,,,,,,,,,,,,,,,,,,,,,,,,,,,,,,,,180,3,67,17,1,5,2,1,2,3,7,4,7,1,7,1,7,7,7,7,24,2,6,,23,1,5,5,,2,0,Nonstress,,FL_36,Description|extra_2_T1|neuro_1_T1|neuro_2_T1|extra_1_T1|agree_2_T1|agree_1_T1|open_1_T1|con_2_T1|open_2_T1|con_1_T1,Description|open_1_T2|agree_2_T2|extra_1_T2|con_2_T2|neuro_1_T2|open_2_T2|neuro_2_T2|extra_2_T2|con_1_T2|agree_1_T2
3/26/25 11:06,3/26/25 11:11,0,100,277,1,3/26/25 11:11,R_3OdoJOITaE6kJ5y,,,,,anonymous,EN,1,6,6,7,2,5,1,3,6,6,7,1,,,,,,,,,,,,,,,,,,,,,,,,,,,,,,,,,,,,,,,,,450,2,67,1,1,1,2,1,1,4,3,3,6,1,6,5,5,6,6,6,24,2,6,,19,1,4,2,,2,0,Nonstress,,FL_36,Description|con_1_T1|extra_1_T1|agree_1_T1|open_2_T1|con_2_T1|open_1_T1|neuro_2_T1|extra_2_T1|agree_2_T1|neuro_1_T1,Description|open_2_T2|open_1_T2|agree_2_T2|extra_2_T2|neuro_2_T2|con_2_T2|extra_1_T2|neuro_1_T2|agree_1_T2|con_1_T2
3/26/25 11:04,3/26/25 11:11,0,100,413,1,3/26/25 11:11,R_7hfQB2VU4wWeNLj,,,,,anonymous,EN,1,2,6,2,4,5,6,3,4,6,6,1,,,,,,,,,,,,,,,,,,,,,,,,,,,,,,,,,,,,,,,,,180,3,67,17,1,5,2,1,2,4,5,6,3,5,5,4,3,4,6,6,24,2,6,,68,1,3,6,,3,0,Nonstress,,FL_36,Description|agree_1_T1|con_2_T1|agree_2_T1|open_2_T1|extra_1_T1|neuro_2_T1|neuro_1_T1|con_1_T1|open_1_T1|extra_2_T1,Description|neuro_2_T2|extra_1_T2|agree_2_T2|con_2_T2|agree_1_T2|neuro_1_T2|extra_2_T2|con_1_T2|open_1_T2|open_2_T2
3/26/25 11:06,3/26/25 11:11,0,100,306,1,3/26/25 11:11,R_6jvxyfbHNra0bUo,,,,,anonymous,EN,1,5,5,6,3,6,2,5,5,5,5,1,4,1.715,1.715,44.008,1,0.1,0.986,0.986,8.007,1,12,0.781,0.781,11.108,1,,0.854,0.854,7.008,1,4,10.731,14.914,17.111,3,5,5.044,5.044,7.006,1,3,3.286,3.807,8.108,2,4,2.595,3.281,5.002,2,,,,,,,,,3,3,6,5,6,3,6,2,5,5,6,5,24,1,1,,22,1,2,3,,2,4,Stress,4,FL_35,Description|neuro_1_T1|con_2_T1|extra_1_T1|con_1_T1|extra_2_T1|agree_1_T1|open_2_T1|neuro_2_T1|open_1_T1|agree_2_T1,Description|neuro_2_T2|open_1_T2|extra_1_T2|con_1_T2|neuro_1_T2|agree_2_T2|con_2_T2|extra_2_T2|agree_1_T2|open_2_T2
3/26/25 11:06,3/26/25 11:11,0,100,316,1,3/26/25 11:11,R_625SnZIfc0ud4x0,,,,,anonymous,EN,1,7,7,7,1,7,1,7,7,7,7,1,3.6,3.198,36.273,44.109,5,,2.964,3.189,8.01,2,,1.249,1.249,11.01,1,,1.113,1.113,7.12,1,2,3.196,3.196,5.301,1,5,6.869,6.869,7.107,1,3,3.596,3.596,5.455,1,4,3.359,3.359,4.434,1,,,,,,,,,5,1,7,7,7,7,1,1,7,7,7,6,24,1,6,,33,1,3,4,,1,1,Stress,1,FL_35,Description|extra_2_T1|con_2_T1|open_2_T1|neuro_2_T1|neuro_1_T1|open_1_T1|agree_2_T1|con_1_T1|extra_1_T1|agree_1_T1,Description|con_1_T2|extra_2_T2|open_1_T2|agree_2_T2|extra_1_T2|neuro_2_T2|agree_1_T2|open_2_T2|neuro_1_T2|con_2_T2
3/26/25 11:06,3/26/25 11:11,0,100,313,1,3/26/25 11:11,R_7tAwAtMFGhabP7C,,,,,anonymous,EN,1,5,4,5,4,5,4,4,2,6,7,1,30,23.467,23.467,42.186,1,,0,0,8.008,0,,0,0,10.446,0,,4.713,5.494,7.009,2,2,3.045,3.045,4.728,1,3,4.517,4.517,7.012,1,3,3.685,3.685,6.003,1,2,3.426,3.426,5.009,1,,,,,,,,,5,1,6,1,2,7,4,4,4,1,4,4,24,2,6,,62,1,5,4,,4,1,Stress,1,FL_35,Description|open_1_T1|neuro_2_T1|con_2_T1|extra_1_T1|neuro_1_T1|extra_2_T1|agree_1_T1|con_1_T1|agree_2_T1|open_2_T1,Description|extra_1_T2|neuro_2_T2|extra_2_T2|agree_2_T2|agree_1_T2|neuro_1_T2|open_1_T2|con_2_T2|open_2_T2|con_1_T2
3/26/25 11:07,3/26/25 11:11,0,100,249,1,3/26/25 11:11,R_3HXuJh7lP41VwBj,,,,,anonymous,EN,1,4,6,3,3,6,5,6,4,5,6,1,,,,,,,,,,,,,,,,,,,,,,,,,,,,,,,,,,,,,,,,,180,3,67,2,1,5,2,1,2,4,4,6,3,3,6,5,6,4,5,6,24,2,6,,42,1,3,4,,3,0,Nonstress,,FL_36,Description|open_1_T1|agree_1_T1|con_2_T1|neuro_1_T1|neuro_2_T1|con_1_T1|extra_2_T1|open_2_T1|agree_2_T1|extra_1_T1,Description|agree_2_T2|neuro_1_T2|neuro_2_T2|extra_1_T2|extra_2_T2|open_2_T2|con_2_T2|agree_1_T2|open_1_T2|con_1_T2
3/26/25 11:00,3/26/25 11:11,0,100,635,1,3/26/25 11:11,R_3D0pIphi5bZKUl2,,,,,anonymous,EN,1,4,7,3,1,5,1,7,5,7,4,1,60,38.46,38.46,44.01,1,,0,0,8.018,0,20,5.144,5.144,8.45,1,,0,0,7.119,0,4,7.338,13.784,15.161,3,,0,0,7.004,0,,0,0,8.106,0,,0,0,5.113,0,,,,,,,,,5,2,4,6,3,7,3,1,6,4,3,6,24,2,2,,60,1,4,3,,2,1,Stress,1,FL_35,Description|agree_1_T1|extra_2_T1|extra_1_T1|open_2_T1|open_1_T1|neuro_2_T1|con_1_T1|agree_2_T1|con_2_T1|neuro_1_T1,Description|neuro_2_T2|open_1_T2|open_2_T2|agree_1_T2|extra_2_T2|con_1_T2|con_2_T2|agree_2_T2|neuro_1_T2|extra_1_T2
3/26/25 11:08,3/26/25 11:11,0,100,212,1,3/26/25 11:11,R_5TbygFA2ZenDqLf,,,,,anonymous,EN,1,5,7,2,3,7,5,4,1,7,6,1,,,,,,,,,,,,,,,,,,,,,,,,,,,,,,,,,,,,,,,,,180,3,67,17,1,5,2,1,2,4,5,7,2,3,7,5,4,1,7,6,24,1,6,,38,1,3,3,,2,0,Nonstress,,FL_36,Description|open_2_T1|con_2_T1|con_1_T1|agree_1_T1|neuro_1_T1|extra_1_T1|open_1_T1|neuro_2_T1|agree_2_T1|extra_2_T1,Description|neuro_1_T2|con_1_T2|con_2_T2|agree_1_T2|neuro_2_T2|open_1_T2|open_2_T2|extra_1_T2|extra_2_T2|agree_2_T2
3/26/25 11:05,3/26/25 11:11,0,100,346,1,3/26/25 11:11,R_3dg857n9Ir509lP,,,,,anonymous,EN,1,6,4,6,5,7,1,6,6,6,5,1,,,,,,,,,,,,,,,,,,,,,,,,,,,,,,,,,,,,,,,,,180,3,67,10,1,5,2,1,1,5,6,4,6,1,7,1,6,6,6,6,24,2,6,,69,1,2,3,,3,0,Nonstress,,FL_36,Description|con_2_T1|neuro_1_T1|con_1_T1|extra_1_T1|agree_2_T1|extra_2_T1|neuro_2_T1|open_2_T1|agree_1_T1|open_1_T1,Description|extra_1_T2|extra_2_T2|agree_2_T2|neuro_2_T2|con_1_T2|con_2_T2|open_2_T2|open_1_T2|neuro_1_T2|agree_1_T2
3/26/25 11:08,3/26/25 11:11,0,100,206,1,3/26/25 11:11,R_5iqxnWX8OWqUoP3,,,,,anonymous,EN,1,5,4,6,3,3,1,4,5,6,7,1,15,1.121,24.35,35.918,2,,0.919,0.919,3.928,1,,0.749,0.749,11.107,1,0,0.919,0.919,4.295,1,3,2.664,4.58,5.041,3,5,3.319,3.814,4.148,2,,2.534,4.127,8.007,2,2,0.025,2.759,3.125,3,,,,,,,,,2,2,5,4,6,3,3,1,4,5,5,7,24,1,6,,39,1,3,3,,1,0,Stress,0,FL_35,Description|neuro_2_T1|con_1_T1|con_2_T1|extra_1_T1|extra_2_T1|agree_2_T1|agree_1_T1|open_1_T1|open_2_T1|neuro_1_T1,Description|neuro_2_T2|agree_2_T2|open_2_T2|agree_1_T2|con_1_T2|neuro_1_T2|extra_2_T2|open_1_T2|extra_1_T2|con_2_T2
3/26/25 11:07,3/26/25 11:11,0,100,273,1,3/26/25 11:11,R_5QAARruRhwlBjeb,,,,,anonymous,EN,1,7,4,7,3,6,1,6,6,5,5,1,,1.507,33.825,44.014,2,,1.613,1.613,8.107,1,12,1.193,1.193,7.381,1,,1.203,1.203,6.662,1,,0,0,17.105,0,3,5.379,5.379,6.26,1,3,5.405,5.405,6.422,1,2,3.586,3.586,5.007,1,,,,,,,,,2,2,7,4,7,2,7,1,7,6,5,5,24,1,6,,36,1,5,3,,1,2,Stress,2,FL_35,Description|extra_2_T1|agree_1_T1|neuro_2_T1|open_1_T1|open_2_T1|extra_1_T1|agree_2_T1|con_1_T1|con_2_T1|neuro_1_T1,Description|open_1_T2|extra_2_T2|neuro_1_T2|con_1_T2|extra_1_T2|con_2_T2|agree_1_T2|agree_2_T2|open_2_T2|neuro_2_T2
3/26/25 11:03,3/26/25 11:11,0,100,486,1,3/26/25 11:11,R_7Hpm49naAoNvof5,,,,,anonymous,EN,1,7,4,7,2,6,2,3,5,7,6,1,,,,,,,,,,,,,,,,,,,,,,,,,,,,,,,,,,,,,,,,,170,3,67,17,1,3,2,1,2,3,7,4,6,2,6,1,6,6,6,6,24,1,6,,24,1,3,5,,2,0,Nonstress,,FL_36,Description|open_1_T1|neuro_1_T1|agree_2_T1|extra_1_T1|agree_1_T1|con_1_T1|extra_2_T1|neuro_2_T1|con_2_T1|open_2_T1,Description|extra_2_T2|neuro_2_T2|open_1_T2|open_2_T2|con_2_T2|agree_2_T2|neuro_1_T2|extra_1_T2|agree_1_T2|con_1_T2
3/26/25 11:02,3/26/25 11:11,0,100,571,1,3/26/25 11:11,R_7VI42BCRGUsGQiw,,,,,anonymous,EN,1,5,4,3,5,6,4,4,6,3,5,1,2,14.653,14.653,26.888,1,,0,0,8.105,0,20,1.776,1.776,4.74,1,5,3.764,3.764,6.23,1,3,9.063,9.063,10.133,1,4,3.976,3.976,4.835,1,3,3.807,3.807,4.777,1,4,1.631,1.631,2.468,1,,,,,,,,,2,3,4,5,3,5,5,4,4,6,3,4,24,2,3,,29,2,3,2,,3,1,Stress,1,FL_35,Description|extra_1_T1|neuro_2_T1|con_2_T1|open_1_T1|extra_2_T1|agree_2_T1|con_1_T1|neuro_1_T1|agree_1_T1|open_2_T1,Description|extra_1_T2|extra_2_T2|agree_1_T2|open_1_T2|con_2_T2|neuro_2_T2|agree_2_T2|con_1_T2|neuro_1_T2|open_2_T2
3/26/25 11:05,3/26/25 11:11,0,100,408,1,3/26/25 11:11,R_1e8MvOWTdD3dZt9,,,,,anonymous,EN,1,7,4,7,1,7,1,7,5,7,5,1,,,,,,,,,,,,,,,,,,,,,,,,,,,,,,,,,,,,,,,,,180,2,67,17,1,5,2,1,1,5,7,4,7,1,7,1,7,5,7,5,24,2,2,,51,1,5,3,,4,0,Nonstress,,FL_36,Description|extra_1_T1|con_2_T1|con_1_T1|agree_1_T1|open_1_T1|extra_2_T1|agree_2_T1|open_2_T1|neuro_2_T1|neuro_1_T1,Description|open_1_T2|extra_1_T2|con_1_T2|extra_2_T2|agree_1_T2|open_2_T2|con_2_T2|agree_2_T2|neuro_1_T2|neuro_2_T2
3/26/25 11:02,3/26/25 11:11,0,100,542,1,3/26/25 11:11,R_3SJKtpuuA8qldNc,,,,,anonymous,EN,1,5,3,6,4,6,2,7,6,5,5,1,,0,0,44.007,0,,5.067,5.067,8.115,1,20,4.747,5.233,11.008,2,,0,0,7.013,0,2,5.283,5.283,17.006,1,5,5.984,5.984,7.014,1,5,6.588,7.655,8.006,2,4,4.401,4.401,5.111,1,,,,,,,,,5,1,6,3,3,6,6,2,7,5,5,5,24,2,6,,66,1,5,2,,1,2,Stress,2,FL_35,Description|con_2_T1|open_2_T1|neuro_1_T1|neuro_2_T1|extra_2_T1|extra_1_T1|agree_1_T1|con_1_T1|open_1_T1|agree_2_T1,Description|neuro_1_T2|neuro_2_T2|agree_2_T2|con_1_T2|open_1_T2|extra_1_T2|open_2_T2|agree_1_T2|con_2_T2|extra_2_T2
3/26/25 11:06,3/26/25 11:11,0,100,350,1,3/26/25 11:11,R_3Etj5qr2uIT38DZ,,,,,anonymous,EN,1,3,3,6,2,5,4,7,5,6,6,1,,,,,,,,,,,,,,,,,,,,,,,,,,,,,,,,,,,,,,,,,180,3,67,17,1,5,2,1,2,3,4,3,6,3,5,4,7,5,6,6,24,2,6,,54,1,4,3,,2,0,Nonstress,,FL_36,Description|neuro_2_T1|con_1_T1|con_2_T1|neuro_1_T1|open_2_T1|open_1_T1|agree_1_T1|agree_2_T1|extra_2_T1|extra_1_T1,Description|open_1_T2|extra_2_T2|open_2_T2|extra_1_T2|agree_2_T2|con_1_T2|agree_1_T2|neuro_2_T2|con_2_T2|neuro_1_T2
3/26/25 11:05,3/26/25 11:11,0,100,359,1,3/26/25 11:11,R_7asIoReaQwpCArn,,,,,anonymous,EN,1,4,5,3,3,6,2,3,4,5,3,1,,0,0,43.811,0,,0,0,7.273,0,,7.75,11.058,11.104,2,,0,0,5.882,0,,0,0,16.715,0,,0,0,7.005,0,,0,0,7.333,0,,0,0,4.347,0,,,,,,,,,4,2,4,5,3,4,6,2,3,3,5,3,24,2,6,,28,1,2,6,,1,0,Stress,0,FL_35,Description|extra_2_T1|extra_1_T1|con_1_T1|neuro_1_T1|open_2_T1|open_1_T1|neuro_2_T1|agree_1_T1|con_2_T1|agree_2_T1,Description|con_2_T2|open_1_T2|agree_1_T2|neuro_1_T2|agree_2_T2|con_1_T2|extra_2_T2|extra_1_T2|neuro_2_T2|open_2_T2
3/26/25 11:07,3/26/25 11:11,0,100,250,1,3/26/25 11:11,R_3lG48gLglKhXXpX,,,,,anonymous,EN,1,7,1,6,1,7,1,7,7,7,7,1,,,,,,,,,,,,,,,,,,,,,,,,,,,,,,,,,,,,,,,,,100,3,67,10,1,5,2,1,1,3,7,1,7,1,7,1,7,7,7,7,24,2,2,,26,1,3,4,,1,0,Nonstress,,FL_36,Description|extra_1_T1|con_1_T1|neuro_1_T1|open_1_T1|open_2_T1|agree_2_T1|agree_1_T1|neuro_2_T1|con_2_T1|extra_2_T1,Description|open_2_T2|con_1_T2|neuro_2_T2|open_1_T2|neuro_1_T2|extra_2_T2|agree_2_T2|agree_1_T2|extra_1_T2|con_2_T2
3/26/25 11:03,3/26/25 11:11,0,100,500,1,3/26/25 11:12,R_5LYGYkERnguI7Jz,,,,,anonymous,EN,1,6,2,6,5,5,3,4,4,6,7,1,7,38.885,38.885,44.003,1,,0,0,8.01,0,,8.145,8.145,10.931,1,,0,0,7.002,0,1,10.747,10.747,12.341,1,,0,0,7.002,0,2,6.442,6.442,8.102,1,2,3.664,3.664,5.103,1,,,,,,,,,2,2,5,3,6,5,5,3,4,4,7,6,24,1,2,,70,1,4,3,,4,0,Stress,0,FL_35,Description|neuro_1_T1|agree_2_T1|extra_1_T1|con_2_T1|agree_1_T1|neuro_2_T1|con_1_T1|open_1_T1|open_2_T1|extra_2_T1,Description|extra_2_T2|con_1_T2|agree_1_T2|open_2_T2|agree_2_T2|open_1_T2|neuro_1_T2|con_2_T2|extra_1_T2|neuro_2_T2
3/26/25 11:03,3/26/25 11:12,0,100,533,1,3/26/25 11:12,R_7nH06RvyK3XVdGF,,,,,anonymous,EN,1,7,5,7,1,7,1,7,7,7,7,1,4,3.259,49.949,52.678,9,,1.973,1.973,8.03,1,,2.646,8.125,11.111,2,,4.748,4.748,7.119,1,,2.555,2.555,17.113,1,5,5.743,5.743,7.117,1,5,6.573,6.573,8.019,1,1,4.444,4.444,5.108,1,,,,,,,,,1,5,7,6,7,1,7,1,7,7,7,6,24,1,6,,39,1,2,5,,1,2,Stress,2,FL_35,Description|neuro_2_T1|extra_1_T1|open_1_T1|extra_2_T1|con_1_T1|agree_2_T1|open_2_T1|agree_1_T1|con_2_T1|neuro_1_T1,Description|agree_2_T2|extra_1_T2|extra_2_T2|open_1_T2|open_2_T2|neuro_1_T2|con_2_T2|neuro_2_T2|agree_1_T2|con_1_T2
3/26/25 11:00,3/26/25 11:12,0,100,709,1,3/26/25 11:12,R_1Ep3XrfgohSiliN,,,,,anonymous,EN,1,2,4,2,6,2,4,6,2,7,6,1,2,6.571,39.777,44.083,2,10,3.059,3.059,8.011,1,15,3.353,7.277,11.017,2,,5.36,5.36,7.128,1,4,7.176,7.176,8.653,1,2,5.045,5.045,7.114,1,1,3.898,3.898,8.109,1,,0,0,5.106,0,,,,,,,,,4,1,2,4,1,6,2,4,6,2,7,6,24,1,2,,44,1,5,4,,2,1,Stress,1,FL_35,Description|extra_1_T1|neuro_1_T1|open_2_T1|extra_2_T1|con_2_T1|open_1_T1|neuro_2_T1|agree_2_T1|con_1_T1|agree_1_T1,Description|agree_1_T2|extra_1_T2|open_2_T2|agree_2_T2|neuro_1_T2|extra_2_T2|con_2_T2|con_1_T2|neuro_2_T2|open_1_T2
3/26/25 11:06,3/26/25 11:12,0,100,342,1,3/26/25 11:12,R_3pSvSDKO8bkS3wH,,,,,anonymous,EN,1,7,7,7,1,7,1,7,7,7,1,1,,,,,,,,,,,,,,,,,,,,,,,,,,,,,,,,,,,,,,,,,180,2,67,97,1,5,2,1,1,5,7,7,7,1,7,1,7,7,7,7,24,2,6,,42,1,3,6,,1,0,Nonstress,,FL_36,Description|agree_1_T1|extra_1_T1|neuro_1_T1|extra_2_T1|neuro_2_T1|open_2_T1|open_1_T1|con_2_T1|agree_2_T1|con_1_T1,Description|extra_2_T2|extra_1_T2|con_2_T2|open_2_T2|agree_2_T2|neuro_2_T2|open_1_T2|agree_1_T2|con_1_T2|neuro_1_T2
3/26/25 11:02,3/26/25 11:12,0,100,588,1,3/26/25 11:12,R_1uxhBYOBSLRWY1D,,,,,anonymous,EN,1,4,4,3,5,5,4,6,2,6,5,1,,,,,,,,,,,,,,,,,,,,,,,,,,,,,,,,,,,,,,,,,180,3,67,97,1,5,2,1,1,4,4,5,3,3,6,4,6,2,6,5,24,2,7,,29,1,3,3,,2,0,Nonstress,,FL_36,Description|neuro_2_T1|open_1_T1|extra_1_T1|neuro_1_T1|con_2_T1|con_1_T1|agree_2_T1|open_2_T1|extra_2_T1|agree_1_T1,Description|neuro_2_T2|agree_2_T2|neuro_1_T2|extra_2_T2|open_2_T2|con_1_T2|extra_1_T2|agree_1_T2|con_2_T2|open_1_T2
3/26/25 11:06,3/26/25 11:12,0,100,377,1,3/26/25 11:12,R_6aFhkdgGcP9YXJu,,,,,anonymous,EN,1,5,3,6,2,7,1,6,7,7,5,1,2,29.221,29.221,32.242,1,,5.888,5.888,8.017,1,20,6.14,6.14,9.021,1,0,5.086,5.086,7.013,1,1,9.681,9.681,11.021,1,3,6.336,6.336,7.115,1,1,6.181,6.181,8.111,1,2,2.628,2.628,3.735,1,,,,,,,,,1,5,5,3,7,2,7,1,7,7,7,6,24,2,6,,60,1,2,4,,1,1,Stress,1,FL_35,Description|open_2_T1|con_1_T1|extra_2_T1|agree_1_T1|con_2_T1|agree_2_T1|open_1_T1|neuro_2_T1|neuro_1_T1|extra_1_T1,Description|con_2_T2|neuro_2_T2|extra_2_T2|agree_2_T2|open_1_T2|extra_1_T2|con_1_T2|open_2_T2|neuro_1_T2|agree_1_T2
3/26/25 11:03,3/26/25 11:12,0,100,555,1,3/26/25 11:12,R_5P6SD1tFh5zFXh4,,,,,anonymous,EN,1,6,1,7,2,6,1,7,7,5,7,1,,,,,,,,,,,,,,,,,,,,,,,,,,,,,,,,,,,,,,,,,180,3,67,17,1,5,2,1,1,4,6,1,7,2,6,1,7,6,6,7,24,1,6,,31,1,3,9,,2,0,Nonstress,,FL_36,Description|extra_2_T1|neuro_2_T1|open_1_T1|extra_1_T1|con_1_T1|open_2_T1|agree_2_T1|agree_1_T1|con_2_T1|neuro_1_T1,Description|agree_2_T2|con_2_T2|neuro_1_T2|extra_1_T2|neuro_2_T2|open_2_T2|open_1_T2|extra_2_T2|agree_1_T2|con_1_T2
3/26/25 10:57,3/26/25 11:12,0,100,881,1,3/26/25 11:12,R_52Ddm8EAOgxr4ze,,,,,anonymous,EN,1,5,5,5,6,5,5,5,6,5,5,1,,,,,,,,,,,,,,,,,,,,,,,,,,,,,,,,,,,,,,,,,180,3,67,17,1,5,2,1,1,4,6,5,6,6,6,6,6,6,6,6,24,2,6,,35,1,2,6,,1,0,Nonstress,,FL_36,Description|con_1_T1|extra_1_T1|extra_2_T1|neuro_1_T1|open_1_T1|open_2_T1|agree_1_T1|con_2_T1|neuro_2_T1|agree_2_T1,Description|con_1_T2|con_2_T2|neuro_2_T2|extra_1_T2|extra_2_T2|neuro_1_T2|open_2_T2|agree_2_T2|open_1_T2|agree_1_T2
3/26/25 11:08,3/26/25 11:12,0,100,224,1,3/26/25 11:12,R_3P2fnb8kvBRvHLJ,,,,,anonymous,EN,1,5,2,4,5,6,1,4,4,2,5,1,,,,,,,,,,,,,,,,,,,,,,,,,,,,,,,,,,,,,,,,,180,3,63,10,1,5,2,1,2,3,5,2,3,4,6,2,4,5,1,4,24,2,6,,51,1,3,4,,2,0,Nonstress,,FL_36,Description|extra_2_T1|open_2_T1|open_1_T1|con_2_T1|agree_2_T1|neuro_2_T1|con_1_T1|extra_1_T1|neuro_1_T1|agree_1_T1,Description|extra_2_T2|neuro_2_T2|con_1_T2|open_1_T2|open_2_T2|agree_1_T2|extra_1_T2|neuro_1_T2|con_2_T2|agree_2_T2
3/26/25 11:06,3/26/25 11:12,0,100,337,1,3/26/25 11:12,R_1uRycYN9Jjc2GZj,,,,,anonymous,EN,1,3,6,4,5,5,3,4,3,7,6,1,15,1.143,1.143,44.114,1,1.05,2.252,2.252,8.114,1,20,2.864,2.864,8.847,1,,1.439,6.444,7.013,2,4,8.439,8.439,9.972,1,4,3.972,3.972,6.001,1,3,6.832,6.832,8.112,1,2,1.924,1.924,3.193,1,,,,,,,,,2,2,3,6,3,6,3,4,4,3,6,5,24,2,1,,29,1,3,4,,1,1,Stress,1,FL_35,Description|open_1_T1|agree_1_T1|extra_1_T1|extra_2_T1|open_2_T1|con_2_T1|con_1_T1|agree_2_T1|neuro_2_T1|neuro_1_T1,Description|con_2_T2|extra_1_T2|open_2_T2|neuro_2_T2|neuro_1_T2|agree_2_T2|con_1_T2|open_1_T2|extra_2_T2|agree_1_T2
3/26/25 11:08,3/26/25 11:12,0,100,260,1,3/26/25 11:12,R_5ZDefCp8PakTgpr,,,,,anonymous,EN,1,4,4,3,5,6,3,3,3,5,5,1,4,1.499,27.574,30.874,2,5,3.116,3.116,8.106,1,12,2.571,6.543,9.238,2,,0,0,7.109,0,4,13.509,15.758,17.107,2,3,4.904,4.904,5.815,1,4,3.578,3.578,8.11,1,2,2.367,2.367,5.012,1,,,,,,,,,2,3,4,4,3,5,6,2,3,3,5,5,24,1,6,,28,1,4,4,,1,5,Stress,5,FL_35,Description|agree_2_T1|open_1_T1|agree_1_T1|extra_2_T1|neuro_2_T1|con_2_T1|con_1_T1|extra_1_T1|open_2_T1|neuro_1_T1,Description|agree_2_T2|agree_1_T2|neuro_2_T2|open_2_T2|extra_1_T2|neuro_1_T2|con_1_T2|open_1_T2|extra_2_T2|con_2_T2
3/26/25 11:08,3/26/25 11:12,0,100,236,1,3/26/25 11:12,R_3q7MrgUbdN3owDt,,,,,anonymous,EN,1,5,5,2,6,5,2,4,2,7,7,1,15,38.258,38.258,41.446,1,1.2,2.096,9.465,13.626,2,20,3.882,3.882,5.185,1,0,3.7,3.7,5.971,1,4,12.154,12.154,14.292,1,4,4.866,4.866,6.069,1,2,6.149,6.149,7.488,1,2,2.171,2.171,3.459,1,,,,,,,,,4,1,6,6,1,6,6,2,3,1,7,7,24,2,6,,28,1,3,4,,1,1,Stress,1,FL_35,Description|extra_1_T1|open_1_T1|neuro_2_T1|neuro_1_T1|extra_2_T1|con_2_T1|agree_1_T1|open_2_T1|con_1_T1|agree_2_T1,Description|extra_2_T2|open_2_T2|agree_1_T2|open_1_T2|neuro_2_T2|extra_1_T2|agree_2_T2|con_1_T2|con_2_T2|neuro_1_T2
3/26/25 11:08,3/26/25 11:12,0,100,226,1,3/26/25 11:12,R_72JjdapwgpKRbGx,,,,,anonymous,EN,1,3,4,5,4,5,3,3,3,7,6,1,,,,,,,,,,,,,,,,,,,,,,,,,,,,,,,,,,,,,,,,,180,3,67,17,1,5,2,1,1,3,3,4,5,3,5,3,3,3,7,6,24,2,1,,28,1,3,6,,1,0,Nonstress,,FL_36,Description|open_2_T1|agree_1_T1|agree_2_T1|extra_2_T1|extra_1_T1|neuro_2_T1|open_1_T1|con_1_T1|neuro_1_T1|con_2_T1,Description|extra_2_T2|agree_2_T2|con_2_T2|open_1_T2|open_2_T2|neuro_1_T2|con_1_T2|agree_1_T2|extra_1_T2|neuro_2_T2
3/26/25 11:07,3/26/25 11:12,0,100,333,1,3/26/25 11:12,R_1QtPGb6tA3YrYrf,,,,,anonymous,EN,1,4,3,4,5,4,2,6,6,2,5,1,3,13.838,13.838,17.427,1,,0,0,8.007,0,11,6.102,6.102,8.236,1,,5.478,5.478,7.007,1,2,3.398,3.398,5.301,1,4,5.133,5.133,6.749,1,3,4.764,4.764,6.849,1,2,2.649,2.649,4.566,1,,,,,,,,,2,2,4,3,3,5,4,2,6,6,2,5,24,1,6,,67,1,5,3,,2,0,Stress,0,FL_35,Description|extra_2_T1|extra_1_T1|con_1_T1|open_2_T1|con_2_T1|agree_1_T1|neuro_1_T1|agree_2_T1|neuro_2_T1|open_1_T1,Description|con_2_T2|extra_2_T2|open_2_T2|agree_2_T2|open_1_T2|extra_1_T2|agree_1_T2|con_1_T2|neuro_2_T2|neuro_1_T2
3/26/25 11:08,3/26/25 11:12,0,100,218,1,3/26/25 11:12,R_7Vm4YX0A6gmjnyd,,,,,anonymous,EN,1,2,6,3,7,7,5,5,5,6,6,1,,,,,,,,,,,,,,,,,,,,,,,,,,,,,,,,,,,,,,,,,180,3,67,17,1,5,2,1,2,3,2,7,2,7,7,5,5,6,6,6,24,2,3,,24,1,2,4,,1,0,Nonstress,,FL_36,Description|agree_1_T1|extra_2_T1|open_2_T1|neuro_1_T1|con_1_T1|con_2_T1|neuro_2_T1|open_1_T1|extra_1_T1|agree_2_T1,Description|open_1_T2|agree_1_T2|neuro_2_T2|open_2_T2|extra_2_T2|extra_1_T2|con_1_T2|con_2_T2|neuro_1_T2|agree_2_T2
3/26/25 11:00,3/26/25 11:12,0,100,740,1,3/26/25 11:12,R_10SQopt83VBUdqs,,,,,anonymous,EN,1,5,2,7,1,7,1,2,5,3,5,1,,,,,,,,,,,,,,,,,,,,,,,,,,,,,,,,,,,,,,,,,180,3,67,10,1,5,2,1,1,3,6,2,7,1,7,1,2,5,3,5,24,1,6,,69,1,3,8,,1,0,Nonstress,,FL_36,Description|open_1_T1|neuro_2_T1|extra_1_T1|extra_2_T1|neuro_1_T1|con_1_T1|agree_2_T1|con_2_T1|open_2_T1|agree_1_T1,Description|con_2_T2|agree_2_T2|open_1_T2|neuro_1_T2|extra_2_T2|agree_1_T2|con_1_T2|open_2_T2|extra_1_T2|neuro_2_T2
3/26/25 11:07,3/26/25 11:12,0,100,324,1,3/26/25 11:12,R_3EaijPIB1C5uSlI,,,,,anonymous,EN,1,2,5,2,7,5,3,1,2,3,3,1,,,,,,,,,,,,,,,,,,,,,,,,,,,,,,,,,,,,,,,,,180,3,67,17,1,5,2,1,5,2,2,5,2,7,5,3,2,6,3,4,24,2,6,,22,1,2,4,,3,0,Nonstress,,FL_36,Description|agree_2_T1|open_2_T1|con_1_T1|con_2_T1|extra_1_T1|neuro_2_T1|agree_1_T1|extra_2_T1|neuro_1_T1|open_1_T1,Description|neuro_1_T2|con_1_T2|agree_1_T2|con_2_T2|open_1_T2|extra_2_T2|agree_2_T2|neuro_2_T2|extra_1_T2|open_2_T2
3/26/25 11:09,3/26/25 11:12,0,100,206,1,3/26/25 11:12,R_3tgIVeLcBk3fO8g,,,,,anonymous,EN,1,7,2,6,4,5,2,4,5,6,6,1,,,,,,,,,,,,,,,,,,,,,,,,,,,,,,,,,,,,,,,,,180,3,67,17,1,1,2,1,1,4,5,2,6,4,4,2,5,5,6,6,24,1,3,,45,1,2,5,,1,0,Nonstress,,FL_36,Description|open_2_T1|con_2_T1|extra_1_T1|con_1_T1|agree_1_T1|extra_2_T1|neuro_1_T1|agree_2_T1|open_1_T1|neuro_2_T1,Description|open_2_T2|con_1_T2|neuro_2_T2|agree_1_T2|extra_1_T2|con_2_T2|extra_2_T2|open_1_T2|neuro_1_T2|agree_2_T2
3/26/25 11:07,3/26/25 11:12,0,100,331,1,3/26/25 11:12,R_3GC4RzixU7b0mEV,,,,,anonymous,EN,1,5,1,3,3,4,3,6,6,5,7,1,15,36.351,36.351,38.598,1,,6.922,6.922,8.003,1,20,8.656,8.656,10.943,1,,0,0,7.102,0,,0,0,17.003,0,5,6.373,6.373,7.103,1,5,6.303,6.303,7.658,1,2,2.643,3.676,4.039,2,,,,,,,,,3,2,5,1,3,3,4,3,5,5,5,7,24,2,7,,36,1,4,4,,3,1,Stress,1,FL_35,Description|open_2_T1|con_1_T1|neuro_2_T1|extra_1_T1|con_2_T1|neuro_1_T1|open_1_T1|agree_1_T1|extra_2_T1|agree_2_T1,Description|con_2_T2|agree_2_T2|extra_1_T2|agree_1_T2|extra_2_T2|open_1_T2|con_1_T2|neuro_2_T2|open_2_T2|neuro_1_T2
3/26/25 11:06,3/26/25 11:12,0,100,360,1,3/26/25 11:12,R_3zkFpDDXEGq2wag,,,,,anonymous,EN,1,3,3,3,6,5,3,5,6,5,5,1,,,,,,,,,,,,,,,,,,,,,,,,,,,,,,,,,,,,,,,,,140,3,67,17,1,1,2,1,2,2,3,5,3,5,5,3,5,5,5,5,24,2,6,,21,1,3,4,,2,0,Nonstress,,FL_36,Description|con_2_T1|extra_2_T1|open_2_T1|extra_1_T1|agree_2_T1|neuro_2_T1|neuro_1_T1|con_1_T1|open_1_T1|agree_1_T1,Description|neuro_1_T2|con_2_T2|neuro_2_T2|extra_2_T2|con_1_T2|open_1_T2|agree_2_T2|open_2_T2|extra_1_T2|agree_1_T2
3/26/25 11:01,3/26/25 11:12,0,100,706,1,3/26/25 11:12,R_7iyekcme9vWLpso,,,,,anonymous,EN,1,5,6,5,5,6,6,5,5,6,5,1,,,,,,,,,,,,,,,,,,,,,,,,,,,,,,,,,,,,,,,,,180,3,67,17,1,5,2,1,1,3,5,6,6,5,6,2,6,6,5,6,24,1,6,,28,1,3,5,,2,0,Nonstress,,FL_36,Description|neuro_1_T1|open_1_T1|extra_1_T1|agree_2_T1|open_2_T1|neuro_2_T1|con_1_T1|con_2_T1|agree_1_T1|extra_2_T1,Description|con_2_T2|con_1_T2|extra_2_T2|neuro_2_T2|agree_2_T2|extra_1_T2|neuro_1_T2|open_1_T2|open_2_T2|agree_1_T2
3/26/25 10:59,3/26/25 11:13,0,100,824,1,3/26/25 11:13,R_6O07ZE1HPMSDiQh,,,,,anonymous,EN,1,5,5,3,5,5,5,5,5,5,5,1,,,,,,,,,,,,,,,,,,,,,,,,,,,,,,,,,,,,,,,,,180,3,67,17,1,5,2,1,2,4,5,6,6,5,6,5,6,5,5,6,24,1,6,,28,1,3,3,,1,0,Nonstress,,FL_36,Description|agree_2_T1|con_1_T1|extra_2_T1|con_2_T1|neuro_1_T1|agree_1_T1|extra_1_T1|open_1_T1|open_2_T1|neuro_2_T1,Description|open_1_T2|open_2_T2|extra_1_T2|con_2_T2|con_1_T2|extra_2_T2|neuro_1_T2|neuro_2_T2|agree_1_T2|agree_2_T2
3/26/25 11:07,3/26/25 11:13,0,100,336,1,3/26/25 11:13,R_1ZJ130mWMHxkP6G,,,,,anonymous,EN,1,3,6,3,4,7,4,6,7,3,7,1,,,,,,,,,,,,,,,,,,,,,,,,,,,,,,,,,,,,,,,,,180,3,67,17,1,2,2,1,3,3,3,6,2,3,7,4,6,7,5,6,24,2,6,,20,1,4,3,,3,0,Nonstress,,FL_36,Description|agree_2_T1|open_2_T1|neuro_2_T1|extra_1_T1|con_2_T1|open_1_T1|extra_2_T1|con_1_T1|agree_1_T1|neuro_1_T1,Description|extra_1_T2|open_2_T2|neuro_2_T2|con_2_T2|agree_2_T2|open_1_T2|con_1_T2|agree_1_T2|extra_2_T2|neuro_1_T2
3/26/25 11:09,3/26/25 11:13,0,100,243,1,3/26/25 11:13,R_6qsNqNX0tOuLxmW,,,,,anonymous,EN,1,1,2,1,6,2,5,3,3,5,5,1,4.5,1.331,1.331,35.812,1,,0,0,8.114,0,5,4.284,4.284,7.103,1,0,3.702,3.702,5.228,1,2,10.557,10.557,11.632,1,4,5.075,5.075,6.232,1,4,2.901,2.901,4.076,1,2,2.25,2.25,3.385,1,,,,,,,,,5,1,1,3,1,7,1,5,3,1,4,4,24,1,6,,47,1,5,4,,1,0,Stress,0,FL_35,Description|open_2_T1|open_1_T1|extra_2_T1|extra_1_T1|agree_1_T1|con_1_T1|neuro_1_T1|con_2_T1|agree_2_T1|neuro_2_T1,Description|open_2_T2|open_1_T2|agree_1_T2|extra_2_T2|neuro_1_T2|con_2_T2|con_1_T2|neuro_2_T2|agree_2_T2|extra_1_T2
3/26/25 11:05,3/26/25 11:13,0,100,451,1,3/26/25 11:13,R_52Dtt2PjZ43uD6I,,,,,anonymous,EN,1,6,3,5,1,5,2,4,7,5,6,1,,,,,,,,,,,,,,,,,,,,,,,,,,,,,,,,,,,,,,,,,180,3,67,17,1,5,2,1,1,4,7,3,3,3,6,2,4,7,2,5,24,1,6,,27,1,3,4,,1,0,Nonstress,,FL_36,Description|con_2_T1|extra_1_T1|agree_2_T1|agree_1_T1|neuro_1_T1|open_2_T1|con_1_T1|extra_2_T1|open_1_T1|neuro_2_T1,Description|agree_2_T2|con_2_T2|extra_1_T2|neuro_1_T2|open_2_T2|con_1_T2|open_1_T2|neuro_2_T2|extra_2_T2|agree_1_T2
3/26/25 11:02,3/26/25 11:13,0,100,677,1,3/26/25 11:13,R_7l5h9Zi5MBO2X3C,,,,,anonymous,EN,1,7,7,7,1,7,1,7,7,7,7,1,3.9,6.411,40.909,41.462,4,,0,0,8.01,0,12,8.958,8.958,10.609,1,7,4.677,4.677,6.68,1,,0,0,17.115,0,,0,0,7.12,0,,0,0,8.119,0,2,3.977,3.977,5.012,1,,,,,,,,,1,5,7,7,7,1,7,1,7,7,7,7,24,1,6,,29,1,3,5,,2,1,Stress,1,FL_35,Description|con_1_T1|open_1_T1|neuro_1_T1|neuro_2_T1|agree_2_T1|open_2_T1|con_2_T1|extra_1_T1|extra_2_T1|agree_1_T1,Description|agree_1_T2|extra_2_T2|con_1_T2|open_2_T2|open_1_T2|agree_2_T2|neuro_2_T2|extra_1_T2|neuro_1_T2|con_2_T2
3/26/25 11:04,3/26/25 11:13,0,100,522,1,3/26/25 11:13,R_3VL0EwhMSTjJrvY,,,,,anonymous,EN,1,5,5,7,2,6,1,4,6,6,6,1,,,,,,,,,,,,,,,,,,,,,,,,,,,,,,,,,,,,,,,,,180,2,67,17,1,5,2,1,1,5,5,5,7,1,6,1,4,6,6,6,24,1,6,,32,1,2,4,,1,0,Nonstress,,FL_36,Description|open_2_T1|agree_1_T1|neuro_1_T1|agree_2_T1|con_1_T1|con_2_T1|extra_2_T1|extra_1_T1|open_1_T1|neuro_2_T1,Description|con_1_T2|extra_2_T2|open_1_T2|con_2_T2|open_2_T2|neuro_1_T2|agree_1_T2|agree_2_T2|extra_1_T2|neuro_2_T2
3/26/25 11:02,3/26/25 11:13,0,100,665,1,3/26/25 11:13,R_3Rh8QEra196jL7X,,,,,anonymous,EN,1,7,4,7,1,6,1,7,7,7,4,1,,0,0,44.116,0,,0,0,8.013,0,,0,0,11.014,0,,0,0,6.913,0,,0,0,17.013,0,,0,0,7.112,0,5,6.702,6.702,8.017,1,,0,0,5.016,0,,,,,,,,,2,2,2,7,4,6,4,2,7,4,5,6,24,2,2,,27,1,3,5,,1,1,Stress,1,FL_35,Description|agree_2_T1|neuro_1_T1|con_1_T1|neuro_2_T1|extra_2_T1|extra_1_T1|open_1_T1|agree_1_T1|open_2_T1|con_2_T1,Description|open_1_T2|extra_2_T2|extra_1_T2|open_2_T2|neuro_2_T2|agree_2_T2|con_2_T2|con_1_T2|agree_1_T2|neuro_1_T2
3/26/25 11:09,3/26/25 11:13,0,100,224,1,3/26/25 11:13,R_6zOoVVuRB9O44XR,,,,,anonymous,EN,1,1,6,1,7,3,5,4,2,6,6,1,2,7.857,7.857,37.04,1,0.05,1.402,1.402,7.612,1,12,0.789,0.789,6.248,1,,3.561,3.561,6.048,1,4,7.978,7.978,8.657,1,4,5.052,5.052,5.604,1,2,4.591,5.301,5.603,2,2,3.357,3.357,4.528,1,,,,,,,,,3,2,1,6,1,7,3,5,4,2,6,6,24,1,7,,28,1,5,4,,2,2,Stress,2,FL_35,Description|open_2_T1|extra_1_T1|open_1_T1|agree_1_T1|neuro_2_T1|agree_2_T1|extra_2_T1|con_1_T1|neuro_1_T1|con_2_T1,Description|agree_1_T2|extra_1_T2|open_2_T2|open_1_T2|neuro_2_T2|con_1_T2|neuro_1_T2|agree_2_T2|extra_2_T2|con_2_T2
3/26/25 11:08,3/26/25 11:13,0,100,301,1,3/26/25 11:13,R_3lfyXTtgrfEENzP,,,,,anonymous,EN,1,1,3,5,7,3,2,3,5,3,2,1,2.5,5.649,12.288,44.004,8,2,6.145,6.145,8.004,1,2,1.111,1.111,11.007,1,0,0.995,0.995,3.884,1,2,2.003,4.821,5.843,3,4,1.354,5.892,6.536,4,2,4.139,4.645,6.538,2,2,2.327,2.327,3.416,1,,,,,,,,,5,1,4,6,1,7,2,3,1,2,3,1,24,2,6,,30,1,2,6,,3,0,Stress,0,FL_35,Description|neuro_2_T1|open_2_T1|neuro_1_T1|con_1_T1|agree_1_T1|con_2_T1|extra_1_T1|agree_2_T1|extra_2_T1|open_1_T1,Description|open_2_T2|neuro_2_T2|extra_1_T2|neuro_1_T2|extra_2_T2|agree_1_T2|con_2_T2|con_1_T2|open_1_T2|agree_2_T2
3/26/25 10:58,3/26/25 11:13,0,100,909,1,3/26/25 11:13,R_6iqEYHyTKEQDAGW,,,,,anonymous,EN,1,2,4,3,7,4,3,4,3,7,7,1,3,3.248,3.248,38.182,1,,0,0,8.114,0,20,2.3,8.681,10.841,2,,0,0,7.121,0,3,7.785,7.785,9.321,1,3,6.273,6.273,7.019,1,2,5.519,5.519,8.02,1,2,3.274,3.274,5.016,1,,,,,,,,,5,1,2,4,3,7,5,3,4,3,7,7,24,2,2,,34,1,6,5,,4,1,Stress,1,FL_35,Description|open_1_T1|open_2_T1|neuro_1_T1|neuro_2_T1|agree_1_T1|agree_2_T1|con_2_T1|extra_1_T1|con_1_T1|extra_2_T1,Description|open_2_T2|agree_2_T2|extra_2_T2|con_2_T2|extra_1_T2|agree_1_T2|con_1_T2|neuro_1_T2|neuro_2_T2|open_1_T2
3/26/25 11:05,3/26/25 11:13,0,100,460,1,3/26/25 11:13,R_6mO3vXoYOBElZRf,,,,,anonymous,EN,1,3,3,3,5,6,1,7,5,4,6,1,,,,,,,,,,,,,,,,,,,,,,,,,,,,,,,,,,,,,,,,,180,2,67,2,1,5,2,1,1,4,3,5,5,3,6,1,7,6,2,7,24,2,6,,54,1,5,3,,1,0,Nonstress,,FL_36,Description|con_2_T1|open_1_T1|con_1_T1|extra_2_T1|open_2_T1|agree_1_T1|neuro_2_T1|neuro_1_T1|extra_1_T1|agree_2_T1,Description|neuro_2_T2|con_1_T2|neuro_1_T2|open_2_T2|agree_1_T2|extra_1_T2|open_1_T2|con_2_T2|extra_2_T2|agree_2_T2
3/26/25 11:02,3/26/25 11:13,0,100,680,1,3/26/25 11:13,R_1oTLeJco1Qtdaqw,,,,,anonymous,EN,1,6,6,6,5,4,3,3,2,6,5,1,,0,0,44.024,0,,5.463,5.463,8.01,1,30,8.274,16.628,21.843,2,,0,0,7.108,0,3,4.578,4.578,6.476,1,1,6.499,6.499,7.136,1,2,5.306,5.306,8.126,1,2,3.176,3.176,5.018,1,,,,,,,,,2,2,6,6,6,6,2,2,3,2,6,6,24,2,6,,51,1,5,4,,2,0,Stress,0,FL_35,Description|neuro_2_T1|extra_1_T1|agree_1_T1|open_1_T1|con_1_T1|con_2_T1|extra_2_T1|neuro_1_T1|agree_2_T1|open_2_T1,Description|open_1_T2|con_1_T2|neuro_1_T2|extra_1_T2|neuro_2_T2|con_2_T2|open_2_T2|agree_1_T2|agree_2_T2|extra_2_T2
3/26/25 11:09,3/26/25 11:13,0,100,232,1,3/26/25 11:13,R_16l7eYouxO489lm,,,,,anonymous,EN,1,5,4,5,4,6,4,5,7,4,5,1,,,,,,,,,,,,,,,,,,,,,,,,,,,,,,,,,,,,,,,,,180,3,67,0,1,5,2,1,3,4,5,4,4,4,5,4,5,4,4,4,24,2,6,,61,1,2,4,,3,0,Nonstress,,FL_36,Description|neuro_1_T1|extra_2_T1|extra_1_T1|con_2_T1|open_1_T1|con_1_T1|neuro_2_T1|agree_1_T1|agree_2_T1|open_2_T1,Description|con_1_T2|neuro_2_T2|agree_1_T2|extra_2_T2|extra_1_T2|con_2_T2|open_1_T2|open_2_T2|neuro_1_T2|agree_2_T2
3/26/25 11:07,3/26/25 11:13,0,100,398,1,3/26/25 11:13,R_7E63oQZuH1g0XiK,,,,,anonymous,EN,1,5,3,5,5,7,2,6,4,7,7,1,,0,0,43.857,0,,0,0,8.115,0,,0,0,11.017,0,,0,0,7.013,0,2,5.897,5.897,8.34,1,3,5.426,5.426,7.012,1,2,6.737,6.737,8.112,1,2,3.288,3.288,5.006,1,,,,,,,,,2,2,6,3,5,5,6,2,6,3,7,7,24,2,6,,58,1,3,4,,1,1,Stress,1,FL_35,Description|agree_2_T1|open_1_T1|extra_2_T1|agree_1_T1|extra_1_T1|con_2_T1|open_2_T1|con_1_T1|neuro_2_T1|neuro_1_T1,Description|neuro_1_T2|open_2_T2|agree_1_T2|open_1_T2|con_1_T2|extra_2_T2|neuro_2_T2|con_2_T2|extra_1_T2|agree_2_T2
3/26/25 11:05,3/26/25 11:13,0,100,489,1,3/26/25 11:13,R_5g6fk5uIBdtXMiw,,,,,anonymous,EN,1,4,6,2,5,6,4,6,5,4,5,1,,,,,,,,,,,,,,,,,,,,,,,,,,,,,,,,,,,,,,,,,190,3,67,5,1,5,2,1,3,2,4,6,2,5,5,4,6,4,4,6,24,2,6,,67,1,6,3,,3,0,Nonstress,,FL_36,Description|neuro_1_T1|agree_1_T1|con_2_T1|open_1_T1|con_1_T1|neuro_2_T1|extra_2_T1|extra_1_T1|agree_2_T1|open_2_T1,Description|neuro_2_T2|agree_2_T2|extra_2_T2|neuro_1_T2|con_2_T2|agree_1_T2|con_1_T2|open_1_T2|open_2_T2|extra_1_T2
3/26/25 11:06,3/26/25 11:13,0,100,450,1,3/26/25 11:13,R_1YwOYIZmsNST5kt,,,,,anonymous,EN,1,3,5,2,3,6,4,4,6,5,5,1,,,,,,,,,,,,,,,,,,,,,,,,,,,,,,,,,,,,,,,,,160,3,67,17,1,1,2,1,3,2,4,6,1,6,5,3,3,3,5,6,24,1,3,,27,1,3,2,,1,0,Nonstress,,FL_36,Description|open_2_T1|agree_2_T1|agree_1_T1|con_2_T1|extra_2_T1|neuro_1_T1|extra_1_T1|con_1_T1|open_1_T1|neuro_2_T1,Description|open_1_T2|neuro_1_T2|con_1_T2|open_2_T2|con_2_T2|neuro_2_T2|extra_2_T2|agree_2_T2|extra_1_T2|agree_1_T2
3/26/25 11:09,3/26/25 11:13,0,100,240,1,3/26/25 11:13,R_5UPKXwYcPbw2zrH,,,,,anonymous,EN,1,4,1,6,3,7,2,4,6,5,5,1,,,,,,,,,,,,,,,,,,,,,,,,,,,,,,,,,,,,,,,,,180,3,67,2,1,5,2,1,1,4,4,1,6,2,7,2,5,6,5,6,24,1,6,,71,1,2,3,,4,0,Nonstress,,FL_36,Description|extra_2_T1|extra_1_T1|con_2_T1|agree_2_T1|open_2_T1|con_1_T1|neuro_2_T1|agree_1_T1|neuro_1_T1|open_1_T1,Description|extra_2_T2|neuro_1_T2|agree_2_T2|con_2_T2|neuro_2_T2|agree_1_T2|open_1_T2|extra_1_T2|open_2_T2|con_1_T2
3/26/25 11:08,3/26/25 11:13,0,100,324,1,3/26/25 11:13,R_5iwHMLyXnIMgrZv,,,,,anonymous,EN,1,5,6,6,2,6,1,5,6,5,4,1,2,38.486,38.486,43.783,1,,0,0,7.497,0,20,1.823,1.823,5.502,1,,0,0,7.003,0,,0,0,16.817,0,4,6.535,6.535,7.005,1,3,5.38,5.38,6.923,1,2,2.626,2.626,3.527,1,,,,,,,,,1,3,5,6,5,3,5,1,5,6,5,5,24,2,3,,55,1,3,3,,1,0,Stress,0,FL_35,Description|con_2_T1|neuro_1_T1|extra_2_T1|neuro_2_T1|con_1_T1|open_2_T1|open_1_T1|extra_1_T1|agree_2_T1|agree_1_T1,Description|con_2_T2|open_2_T2|neuro_1_T2|open_1_T2|con_1_T2|neuro_2_T2|agree_2_T2|extra_2_T2|agree_1_T2|extra_1_T2
3/26/25 10:57,3/26/25 11:13,0,100,1000,1,3/26/25 11:13,R_7n13S4elaL6Td9m,,,,,anonymous,EN,1,7,6,7,1,7,1,7,7,7,7,1,,,,,,,,,,,,,,,,,,,,,,,,,,,,,,,,,,,,,,,,,50,3,67,15,1,5,2,1,1,5,7,6,7,1,7,1,7,7,7,7,24,2,2,,60,1,4,4,,2,0,Nonstress,,FL_36,Description|con_2_T1|agree_2_T1|agree_1_T1|neuro_2_T1|open_1_T1|neuro_1_T1|con_1_T1|extra_1_T1|open_2_T1|extra_2_T1,Description|neuro_1_T2|extra_1_T2|extra_2_T2|open_1_T2|agree_2_T2|con_1_T2|agree_1_T2|neuro_2_T2|con_2_T2|open_2_T2
3/26/25 11:03,3/26/25 11:13,0,100,604,1,3/26/25 11:13,R_3n79uK0zToDohVS,,,,,anonymous,EN,1,6,2,6,2,6,2,6,6,6,7,1,,0,0,44.114,0,,4.288,4.288,8.011,1,4,1.77,1.77,11.113,1,2,4.977,4.977,7.012,1,3,12.572,12.572,14.779,1,,0,0,7.013,0,3,6.738,6.738,8.012,1,3,2.819,2.819,5.117,1,,,,,,,,,3,3,6,4,6,2,6,2,6,6,6,6,24,2,2,,64,1,3,5,,1,1,Stress,1,FL_35,Description|neuro_2_T1|open_1_T1|con_1_T1|neuro_1_T1|open_2_T1|agree_2_T1|con_2_T1|extra_1_T1|agree_1_T1|extra_2_T1,Description|agree_1_T2|extra_2_T2|open_2_T2|open_1_T2|neuro_2_T2|con_2_T2|agree_2_T2|con_1_T2|neuro_1_T2|extra_1_T2
3/26/25 11:09,3/26/25 11:13,0,100,248,1,3/26/25 11:13,R_6SxI2C5h9OaeoqR,,,,,anonymous,EN,1,5,5,5,3,5,3,3,3,6,6,1,,,,,,,,,,,,,,,,,,,,,,,,,,,,,,,,,,,,,,,,,180,3,67,5,1,1,4,1,2,4,5,6,5,5,5,3,3,3,6,6,24,2,6,,25,1,5,2,,3,0,Nonstress,,FL_36,Description|agree_2_T1|extra_1_T1|neuro_1_T1|con_1_T1|extra_2_T1|open_1_T1|con_2_T1|open_2_T1|agree_1_T1|neuro_2_T1,Description|neuro_1_T2|extra_1_T2|agree_2_T2|agree_1_T2|neuro_2_T2|extra_2_T2|con_1_T2|con_2_T2|open_2_T2|open_1_T2
3/26/25 11:10,3/26/25 11:14,0,100,241,1,3/26/25 11:14,R_5HNwhtpExYok7JX,,,,,anonymous,EN,1,6,7,6,7,1,6,5,7,6,5,2,,,,,,,,,,,,,,,,,,,,,,,,,,,,,,,,,,,,,,,,,180,3,67,17,1,5,2,1,2,3,1,3,3,5,6,6,7,5,6,6,24,1,2,,25,1,3,4,,1,0,Nonstress,,FL_36,Description|open_1_T1|neuro_1_T1|neuro_2_T1|open_2_T1|extra_2_T1|agree_2_T1|extra_1_T1|con_1_T1|agree_1_T1|con_2_T1,Description|open_2_T2|neuro_1_T2|con_2_T2|con_1_T2|extra_1_T2|open_1_T2|neuro_2_T2|agree_1_T2|extra_2_T2|agree_2_T2
3/26/25 11:08,3/26/25 11:14,0,100,359,1,3/26/25 11:14,R_6wRXM43xmpOsQUz,,,,,anonymous,EN,1,3,6,3,4,5,4,3,3,4,5,1,4,33.36,33.36,37.22,1,,0,0,8.006,0,12,5.18,5.18,7.072,1,,0,0,7.113,0,5,13.506,13.506,14.924,1,3,4.876,4.876,6.704,1,2,5.74,5.74,6.607,1,2,2.942,2.942,4.77,1,,,,,,,,,5,1,3,6,3,4,5,3,3,2,4,5,24,1,6,,35,1,3,4,,1,3,Stress,3,FL_35,Description|agree_2_T1|neuro_1_T1|extra_2_T1|open_2_T1|extra_1_T1|neuro_2_T1|open_1_T1|con_1_T1|agree_1_T1|con_2_T1,Description|con_2_T2|agree_1_T2|agree_2_T2|open_2_T2|open_1_T2|extra_2_T2|neuro_1_T2|extra_1_T2|con_1_T2|neuro_2_T2
3/26/25 11:10,3/26/25 11:14,0,100,210,1,3/26/25 11:14,R_374FjNMS2NJ9MEV,,,,,anonymous,EN,1,4,4,4,4,5,2,6,5,4,6,1,,,,,,,,,,,,,,,,,,,,,,,,,,,,,,,,,,,,,,,,,180,3,67,17,1,5,2,1,2,2,4,4,4,4,6,2,6,5,5,6,24,2,6,,51,1,3,4,,1,0,Nonstress,,FL_36,Description|open_2_T1|extra_2_T1|agree_1_T1|extra_1_T1|neuro_1_T1|con_1_T1|neuro_2_T1|agree_2_T1|open_1_T1|con_2_T1,Description|neuro_1_T2|con_2_T2|extra_2_T2|open_2_T2|con_1_T2|neuro_2_T2|agree_2_T2|extra_1_T2|open_1_T2|agree_1_T2
3/26/25 11:09,3/26/25 11:14,0,100,275,1,3/26/25 11:14,R_7sbZR2H45lv5KD9,,,,,anonymous,EN,1,4,6,6,2,6,4,5,4,6,6,1,4,22.505,22.505,29.269,1,,4.482,4.482,8.107,1,,8.313,8.313,11.009,1,1,3.821,3.821,7.011,1,2,6.285,6.285,7.498,1,5,3.537,3.537,4.629,1,4,3.846,3.846,4.874,1,2,2.584,2.584,3.677,1,,,,,,,,,5,2,4,7,2,6,4,4,2,2,4,6,24,2,6,,43,1,6,2,,4,1,Stress,1,FL_35,Description|open_2_T1|extra_2_T1|extra_1_T1|neuro_2_T1|neuro_1_T1|agree_1_T1|agree_2_T1|con_2_T1|con_1_T1|open_1_T1,Description|extra_2_T2|open_2_T2|con_2_T2|agree_2_T2|con_1_T2|agree_1_T2|neuro_2_T2|neuro_1_T2|open_1_T2|extra_1_T2
3/26/25 11:08,3/26/25 11:14,0,100,369,1,3/26/25 11:14,R_1TlGHVT5QUTkfBf,,,,,anonymous,EN,1,4,4,6,4,6,1,6,7,6,6,1,2,29.183,29.183,43.399,1,,0,0,8.007,0,10,7.399,7.399,11.008,1,,0,0,4.856,0,2,5.867,5.867,15.559,1,5,3.56,5.905,6.243,2,3,4.177,4.177,5.234,1,2,2.231,2.231,5.108,1,,,,,,,,,1,3,4,4,6,4,7,1,7,7,6,4,24,2,7,,30,1,4,4,,1,0,Stress,0,FL_35,Description|open_1_T1|extra_1_T1|con_2_T1|agree_2_T1|extra_2_T1|open_2_T1|neuro_2_T1|con_1_T1|agree_1_T1|neuro_1_T1,Description|agree_2_T2|extra_2_T2|neuro_1_T2|extra_1_T2|con_1_T2|open_2_T2|agree_1_T2|open_1_T2|neuro_2_T2|con_2_T2
3/26/25 11:05,3/26/25 11:14,0,100,550,1,3/26/25 11:14,R_1pY4NKbXOlOhjO9,,,,,anonymous,EN,1,2,5,3,3,4,4,3,3,6,7,2,,7.763,7.763,44.006,1,0,1.09,1.09,8.005,1,,0.934,0.934,11.004,1,,0.758,0.758,7.005,1,,0,0,17.108,0,5,6.338,6.338,7.007,1,4,5.785,5.785,8.013,1,2,2.318,2.318,5.003,1,,,,,,,,,5,1,4,6,2,5,3,4,3,2,6,7,24,2,1,,38,2,4,4,,1,0,Stress,0,FL_35,Description|neuro_1_T1|agree_2_T1|agree_1_T1|open_2_T1|neuro_2_T1|con_1_T1|extra_2_T1|extra_1_T1|open_1_T1|con_2_T1,Description|con_1_T2|extra_1_T2|open_2_T2|agree_1_T2|neuro_2_T2|neuro_1_T2|con_2_T2|extra_2_T2|agree_2_T2|open_1_T2
3/26/25 10:56,3/26/25 11:14,0,100,1099,1,3/26/25 11:14,R_3dhhM4D2JVEI3yj,,,,,anonymous,EN,1,5,6,5,2,5,3,5,6,5,5,1,,,,,,,,,,,,,,,,,,,,,,,,,,,,,,,,,,,,,,,,,180,3,67,17,1,5,2,1,1,4,7,6,6,2,6,2,6,6,6,5,24,1,6,,47,1,3,4,,1,0,Nonstress,,FL_36,Description|agree_1_T1|con_2_T1|con_1_T1|neuro_1_T1|extra_1_T1|open_2_T1|neuro_2_T1|extra_2_T1|open_1_T1|agree_2_T1,Description|extra_1_T2|neuro_1_T2|con_1_T2|con_2_T2|extra_2_T2|open_1_T2|agree_2_T2|open_2_T2|agree_1_T2|neuro_2_T2
3/26/25 11:08,3/26/25 11:14,0,100,373,1,3/26/25 11:14,R_3juMqKhTyqCMKEM,,,,,anonymous,EN,1,2,6,6,4,6,5,6,4,4,6,1,,,,,,,,,,,,,,,,,,,,,,,,,,,,,,,,,,,,,,,,,180,3,67,17,1,5,2,1,1,3,3,7,6,5,6,4,6,4,4,7,24,2,7,,43,1,3,4,,1,0,Nonstress,,FL_36,Description|neuro_2_T1|neuro_1_T1|open_2_T1|con_1_T1|extra_2_T1|agree_2_T1|con_2_T1|open_1_T1|agree_1_T1|extra_1_T1,Description|con_2_T2|neuro_1_T2|neuro_2_T2|agree_1_T2|open_1_T2|open_2_T2|extra_1_T2|con_1_T2|extra_2_T2|agree_2_T2
3/26/25 11:08,3/26/25 11:14,0,100,389,1,3/26/25 11:14,R_3P4PzlyHlTzUBMn,,,,,anonymous,EN,1,4,5,4,3,3,2,5,5,6,5,1,,,,,,,,,,,,,,,,,,,,,,,,,,,,,,,,,,,,,,,,,180,3,67,17,1,5,2,1,2,4,5,5,5,2,4,2,6,5,5,5,24,2,6,,38,1,5,4,,1,0,Nonstress,,FL_36,Description|neuro_2_T1|open_2_T1|con_2_T1|agree_2_T1|extra_1_T1|agree_1_T1|extra_2_T1|neuro_1_T1|open_1_T1|con_1_T1,Description|open_2_T2|extra_1_T2|neuro_2_T2|open_1_T2|con_1_T2|con_2_T2|neuro_1_T2|agree_1_T2|extra_2_T2|agree_2_T2
3/26/25 11:00,3/26/25 11:14,0,100,836,1,3/26/25 11:14,R_3qDXsBQJBUe95Nf,,,,,anonymous,EN,1,7,5,6,1,7,1,7,6,6,7,1,3.75,4.256,18.835,20.963,3,,2.299,2.299,8.111,1,,0,0,11.122,0,,4.411,4.411,7.015,1,3,4.147,14.406,17.013,3,3,4.583,6.53,7.105,2,3,4.049,6.206,7.046,3,4,2.919,4.074,5.123,2,,,,,,,,,3,3,6,5,6,5,6,1,7,5,6,7,24,1,6,,34,1,3,6,,1,2,Stress,2,FL_35,Description|agree_2_T1|open_2_T1|neuro_1_T1|extra_1_T1|con_1_T1|extra_2_T1|open_1_T1|agree_1_T1|neuro_2_T1|con_2_T1,Description|neuro_2_T2|agree_2_T2|con_1_T2|open_1_T2|agree_1_T2|open_2_T2|extra_2_T2|neuro_1_T2|extra_1_T2|con_2_T2
3/26/25 11:12,3/26/25 11:15,0,100,172,1,3/26/25 11:15,R_7NCmsmcffPsn46B,,,,,anonymous,EN,1,3,7,2,4,4,5,3,1,6,5,1,,,,,,,,,,,,,,,,,,,,,,,,,,,,,,,,,,,,,,,,,180,3,67,5,1,5,2,1,3,2,3,7,2,4,3,5,3,1,6,5,24,2,6,,38,1,5,4,,1,0,Nonstress,,FL_36,Description|extra_1_T1|neuro_2_T1|con_1_T1|extra_2_T1|con_2_T1|agree_2_T1|neuro_1_T1|agree_1_T1|open_2_T1|open_1_T1,Description|neuro_2_T2|extra_1_T2|open_2_T2|agree_1_T2|agree_2_T2|extra_2_T2|open_1_T2|con_1_T2|con_2_T2|neuro_1_T2
3/26/25 11:09,3/26/25 11:15,0,100,347,1,3/26/25 11:15,R_1mpqQVfuCV0UIpP,,,,,anonymous,EN,1,3,4,6,4,7,1,7,1,7,7,1,,,,,,,,,,,,,,,,,,,,,,,,,,,,,,,,,,,,,,,,,180,3,67,17,1,5,2,1,2,3,3,4,6,3,7,1,7,7,7,7,24,1,6,,39,1,5,3,,1,0,Nonstress,,FL_36,Description|extra_2_T1|open_2_T1|agree_2_T1|extra_1_T1|con_2_T1|neuro_1_T1|neuro_2_T1|con_1_T1|open_1_T1|agree_1_T1,Description|open_2_T2|con_1_T2|extra_2_T2|agree_1_T2|neuro_1_T2|agree_2_T2|extra_1_T2|open_1_T2|neuro_2_T2|con_2_T2
3/26/25 10:59,3/26/25 11:15,0,100,936,1,3/26/25 11:15,R_1MZdapfgFyAg7iN,,,,,anonymous,EN,1,6,5,3,6,6,7,3,2,5,3,1,,,,,,,,,,,,,,,,,,,,,,,,,,,,,,,,,,,,,,,,,180,3,67,17,1,5,2,1,1,3,7,5,6,5,6,7,2,6,6,3,24,2,6,,26,1,2,5,,2,0,Nonstress,,FL_36,Description|con_1_T1|neuro_2_T1|open_2_T1|con_2_T1|open_1_T1|agree_1_T1|extra_1_T1|extra_2_T1|neuro_1_T1|agree_2_T1,Description|agree_2_T2|con_1_T2|extra_2_T2|neuro_1_T2|agree_1_T2|open_1_T2|open_2_T2|extra_1_T2|neuro_2_T2|con_2_T2
3/26/25 11:11,3/26/25 11:15,0,100,233,1,3/26/25 11:15,R_6Clw08v59tckF6y,,,,,anonymous,EN,1,3,6,3,4,4,4,5,3,4,5,1,9,6.976,6.976,39.66,1,,0,0,8.015,0,20,1.225,1.225,5.556,1,,0,0,7.007,0,5,12.134,12.134,12.937,1,4,3.146,4.88,5.633,2,5,4.209,4.209,5.269,1,2,2.2,2.2,2.973,1,,,,,,,,,3,2,3,5,3,5,3,5,4,4,4,4,24,1,6,,40,1,2,9,,1,1,Stress,1,FL_35,Description|agree_1_T1|open_1_T1|neuro_1_T1|extra_2_T1|extra_1_T1|open_2_T1|con_1_T1|con_2_T1|neuro_2_T1|agree_2_T1,Description|neuro_1_T2|con_1_T2|extra_2_T2|con_2_T2|agree_2_T2|neuro_2_T2|extra_1_T2|open_2_T2|agree_1_T2|open_1_T2
3/26/25 11:08,3/26/25 11:15,0,100,393,1,3/26/25 11:15,R_1d0kvgcAGVJ3A0s,,,,,anonymous,EN,1,6,6,5,2,7,1,6,6,5,6,1,,,,,,,,,,,,,,,,,,,,,,,,,,,,,,,,,,,,,,,,,180,3,67,7,1,5,2,1,1,4,7,5,6,3,7,1,6,6,6,6,24,2,2,,41,1,3,6,,1,0,Nonstress,,FL_36,Description|con_2_T1|agree_1_T1|open_1_T1|con_1_T1|neuro_1_T1|open_2_T1|neuro_2_T1|extra_1_T1|agree_2_T1|extra_2_T1,Description|extra_2_T2|con_1_T2|open_1_T2|neuro_1_T2|agree_2_T2|neuro_2_T2|extra_1_T2|open_2_T2|agree_1_T2|con_2_T2
3/26/25 11:12,3/26/25 11:15,0,100,154,1,3/26/25 11:15,R_5ltTWDiwoU2puh7,,,,,anonymous,EN,1,3,3,4,4,5,3,4,6,5,5,1,,,,,,,,,,,,,,,,,,,,,,,,,,,,,,,,,,,,,,,,,180,3,67,17,1,5,2,1,2,4,3,3,4,4,5,3,4,6,5,5,24,2,3,,31,1,4,4,,1,0,Nonstress,,FL_36,Description|open_1_T1|con_2_T1|extra_1_T1|neuro_2_T1|con_1_T1|neuro_1_T1|agree_2_T1|extra_2_T1|agree_1_T1|open_2_T1,Description|agree_2_T2|neuro_1_T2|open_2_T2|open_1_T2|agree_1_T2|extra_2_T2|con_2_T2|extra_1_T2|con_1_T2|neuro_2_T2
3/26/25 11:09,3/26/25 11:15,0,100,334,1,3/26/25 11:15,R_1mJI7JHej2bvZrL,,,,,anonymous,EN,1,4,7,7,4,7,4,3,7,6,6,1,,32.547,32.547,44.028,1,,0,0,8.018,0,12,1.759,1.759,8.767,1,,0,0,7.029,0,,0,0,17.021,0,5,6.287,6.287,7.125,1,,0,0,7.902,0,3,3.509,3.509,5.109,1,,,,,,,,,1,1,4,7,7,4,7,4,3,7,6,7,24,1,6,,51,1,2,3,,2,1,Stress,1,FL_35,Description|agree_2_T1|agree_1_T1|extra_1_T1|neuro_2_T1|extra_2_T1|open_2_T1|neuro_1_T1|con_2_T1|open_1_T1|con_1_T1,Description|neuro_1_T2|open_2_T2|open_1_T2|con_1_T2|extra_1_T2|agree_2_T2|extra_2_T2|agree_1_T2|neuro_2_T2|con_2_T2
3/26/25 11:07,3/26/25 11:15,0,100,465,1,3/26/25 11:15,R_1qrqkMjY6YWd5Fe,,,,,anonymous,EN,1,7,1,7,1,5,2,7,7,6,7,1,,,,,,,,,,,,,,,,,,,,,,,,,,,,,,,,,,,,,,,,,,2,67,17,1,,2,1,2,5,4,1,7,2,3,6,6,6,6,6,24,2,6,,32,1,2,4,,1,0,Nonstress,,FL_36,Description|con_2_T1|open_1_T1|agree_2_T1|extra_1_T1|agree_1_T1|open_2_T1|neuro_1_T1|extra_2_T1|neuro_2_T1|con_1_T1,Description|open_1_T2|extra_2_T2|con_2_T2|con_1_T2|open_2_T2|extra_1_T2|neuro_1_T2|neuro_2_T2|agree_2_T2|agree_1_T2
3/26/25 11:11,3/26/25 11:15,0,100,259,1,3/26/25 11:15,R_6qgKPJBNdSOlhHy,,,,,anonymous,EN,1,5,2,5,2,7,2,5,5,7,7,1,,,,,,,,,,,,,,,,,,,,,,,,,,,,,,,,,,,,,,,,,180,3,67,17,1,5,2,1,1,3,5,2,5,2,7,2,5,6,7,7,24,1,6,,46,1,4,6,,1,0,Nonstress,,FL_36,Description|con_2_T1|neuro_2_T1|neuro_1_T1|open_1_T1|extra_2_T1|con_1_T1|agree_2_T1|extra_1_T1|open_2_T1|agree_1_T1,Description|neuro_2_T2|neuro_1_T2|con_2_T2|open_2_T2|agree_1_T2|agree_2_T2|con_1_T2|extra_1_T2|open_1_T2|extra_2_T2
3/26/25 11:08,3/26/25 11:15,0,100,442,1,3/26/25 11:15,R_7hoqi3vwl2LkpaE,,,,,anonymous,EN,1,3,3,6,2,7,1,6,7,6,5,1,,,,,,,,,,,,,,,,,,,,,,,,,,,,,,,,,,,,,,,,,180,3,67,5,1,5,2,1,1,3,5,3,7,1,7,1,7,7,7,6,24,2,3,,21,1,5,2,,1,0,Nonstress,,FL_36,Description|extra_1_T1|agree_1_T1|neuro_2_T1|con_2_T1|extra_2_T1|open_2_T1|open_1_T1|con_1_T1|neuro_1_T1|agree_2_T1,Description|neuro_2_T2|neuro_1_T2|open_2_T2|con_2_T2|extra_2_T2|agree_1_T2|con_1_T2|open_1_T2|agree_2_T2|extra_1_T2
3/26/25 11:12,3/26/25 11:15,0,100,201,1,3/26/25 11:15,R_3lylALRUshFkusv,,,,,anonymous,EN,1,5,3,5,3,5,2,3,3,3,6,1,,,,,,,,,,,,,,,,,,,,,,,,,,,,,,,,,,,,,,,,,180,3,67,17,1,5,2,1,1,5,5,3,5,3,5,2,3,3,3,5,24,1,6,,55,1,3,4,,1,0,Nonstress,,FL_36,Description|con_2_T1|agree_1_T1|open_2_T1|extra_1_T1|extra_2_T1|agree_2_T1|neuro_1_T1|open_1_T1|neuro_2_T1|con_1_T1,Description|con_2_T2|con_1_T2|agree_1_T2|open_1_T2|neuro_2_T2|extra_1_T2|open_2_T2|extra_2_T2|agree_2_T2|neuro_1_T2
3/26/25 11:04,3/26/25 11:15,0,100,664,1,3/26/25 11:15,R_1YzRKpL3UVXXULn,,,,,anonymous,EN,1,5,4,6,7,6,3,4,3,7,4,1,,,,,,,,,,,,,,,,,,,,,,,,,,,,,,,,,,,,,,,,,180,3,67,17,1,5,2,1,5,2,3,4,4,7,6,3,4,2,7,4,24,2,2,,33,1,3,4,,1,0,Nonstress,,FL_36,Description|extra_1_T1|neuro_2_T1|open_2_T1|agree_2_T1|con_2_T1|open_1_T1|con_1_T1|agree_1_T1|neuro_1_T1|extra_2_T1,Description|con_1_T2|agree_2_T2|extra_1_T2|open_2_T2|agree_1_T2|neuro_2_T2|con_2_T2|neuro_1_T2|extra_2_T2|open_1_T2
3/26/25 11:07,3/26/25 11:15,0,100,474,1,3/26/25 11:15,R_32xzsO4dURj16im,,,,,anonymous,EN,1,4,5,5,5,5,3,6,5,6,5,1,3,38.97,38.97,44.117,1,,0,0,8.017,0,10,5.115,5.115,8.001,1,,0,0,7.019,0,4,6.737,6.737,8.871,1,,0,0,7.217,0,4,7.096,7.096,8.118,1,2,4.577,4.577,5.218,1,,,,,,,,,4,2,6,3,5,6,5,3,5,3,6,6,24,2,6,,69,1,3,2,,4,1,Stress,1,FL_35,Description|extra_2_T1|open_2_T1|agree_2_T1|open_1_T1|extra_1_T1|agree_1_T1|neuro_2_T1|con_2_T1|con_1_T1|neuro_1_T1,Description|neuro_1_T2|con_1_T2|extra_2_T2|agree_2_T2|extra_1_T2|con_2_T2|open_1_T2|neuro_2_T2|open_2_T2|agree_1_T2
3/26/25 11:10,3/26/25 11:15,0,100,284,1,3/26/25 11:15,R_62KgF1eYK9G6KpK,,,,,anonymous,EN,1,5,4,5,4,5,3,5,4,5,4,1,,,,,,,,,,,,,,,,,,,,,,,,,,,,,,,,,,,,,,,,,180,3,67,17,1,5,2,1,1,5,5,4,6,3,5,2,5,4,6,5,24,1,2,,31,1,5,3,,1,0,Nonstress,,FL_36,Description|neuro_1_T1|open_2_T1|neuro_2_T1|con_1_T1|open_1_T1|agree_2_T1|agree_1_T1|con_2_T1|extra_1_T1|extra_2_T1,Description|open_1_T2|agree_2_T2|con_2_T2|neuro_1_T2|agree_1_T2|open_2_T2|extra_2_T2|con_1_T2|neuro_2_T2|extra_1_T2
3/26/25 11:09,3/26/25 11:15,0,100,385,1,3/26/25 11:15,R_1rVd9ST9A1yxhPW,,,,,anonymous,EN,1,6,4,5,5,7,2,7,6,5,5,1,1,16.703,16.703,32.394,1,,0,0,8.11,0,30,1.827,1.827,6.939,1,,4.292,4.292,7.131,1,3,3.779,3.779,6.601,1,5,3.764,3.764,4.739,1,2,5.793,5.793,6.879,1,2,2.725,2.725,3.804,1,,,,,,,,,3,3,6,2,6,3,6,3,6,6,6,7,24,2,6,,44,1,3,4,,1,0,Stress,0,FL_35,Description|agree_2_T1|open_2_T1|neuro_1_T1|agree_1_T1|neuro_2_T1|con_1_T1|open_1_T1|con_2_T1|extra_1_T1|extra_2_T1,Description|con_2_T2|agree_2_T2|con_1_T2|extra_1_T2|extra_2_T2|neuro_2_T2|neuro_1_T2|agree_1_T2|open_1_T2|open_2_T2
3/26/25 11:11,3/26/25 11:15,0,100,256,1,3/26/25 11:15,R_3NBZVBFrx2kfV9T,,,,,anonymous,EN,1,5,2,6,2,6,2,5,6,5,5,1,12,28.821,41.714,43.641,2,10,3.386,3.386,6.071,1,20,1.088,1.088,5.344,1,,6.371,6.371,7.009,1,4,4.205,5.155,5.964,3,3,5.437,6.089,6.582,2,3,4.346,5.228,5.701,3,2,2.201,2.634,3.174,2,,,,,,,,,2,3,6,3,6,2,6,2,4,6,5,6,24,2,6,,61,1,3,4,,1,2,Stress,2,FL_35,Description|con_2_T1|extra_2_T1|agree_1_T1|open_2_T1|extra_1_T1|open_1_T1|agree_2_T1|con_1_T1|neuro_2_T1|neuro_1_T1,Description|open_1_T2|extra_2_T2|agree_2_T2|neuro_1_T2|open_2_T2|con_2_T2|extra_1_T2|agree_1_T2|neuro_2_T2|con_1_T2
3/26/25 11:09,3/26/25 11:15,0,100,373,1,3/26/25 11:15,R_5oRWxmSpmOxGrAw,,,,,anonymous,EN,1,2,7,2,6,6,1,2,2,7,6,1,,,,,,,,,,,,,,,,,,,,,,,,,,,,,,,,,,,,,,,,,180,2,67,17,1,5,2,1,2,1,2,6,3,6,7,1,2,3,7,6,24,2,6,,42,1,4,4,,1,0,Nonstress,,FL_36,Description|neuro_1_T1|neuro_2_T1|con_2_T1|open_1_T1|open_2_T1|con_1_T1|extra_1_T1|agree_1_T1|extra_2_T1|agree_2_T1,Description|open_2_T2|neuro_1_T2|extra_2_T2|extra_1_T2|open_1_T2|agree_1_T2|neuro_2_T2|con_1_T2|agree_2_T2|con_2_T2
3/26/25 11:10,3/26/25 11:15,0,100,336,1,3/26/25 11:15,R_3wvLMIjBqv1CL87,,,,,anonymous,EN,1,7,4,7,1,7,1,7,7,7,7,1,,1.799,1.799,44.113,1,,0,0,8.007,0,20,9.025,9.025,11.113,1,1,1.331,1.331,7.004,1,3,11.522,11.522,13.274,1,4,5.855,5.855,6.963,1,1,6.794,6.794,8.003,1,2,4.372,4.372,5.003,1,,,,,,,,,2,2,7,7,6,2,7,1,7,7,7,7,24,1,2,,34,1,3,4,,1,0,Stress,0,FL_35,Description|agree_2_T1|extra_2_T1|neuro_1_T1|agree_1_T1|neuro_2_T1|open_1_T1|con_1_T1|extra_1_T1|con_2_T1|open_2_T1,Description|neuro_2_T2|neuro_1_T2|agree_2_T2|extra_1_T2|open_2_T2|agree_1_T2|con_1_T2|extra_2_T2|open_1_T2|con_2_T2
3/26/25 11:02,3/26/25 11:15,0,100,770,1,3/26/25 11:15,R_7jQmBVAZSu2mvCN,,,,,anonymous,EN,1,7,1,1,1,7,1,7,7,7,7,2,,0,0,44.009,0,,0,0,8.009,0,30,9.177,9.177,10.685,1,,0,0,7.111,0,2,5.362,6.737,7.015,3,5,6.61,6.61,7.108,1,3,4.396,4.396,8.008,1,2,2.582,2.582,5.012,1,,,,,,,,,5,2,3,2,7,6,5,6,7,6,5,7,24,1,6,,43,1,2,5,,1,0,Stress,0,FL_35,Description|extra_1_T1|open_2_T1|extra_2_T1|con_2_T1|neuro_2_T1|con_1_T1|agree_2_T1|agree_1_T1|open_1_T1|neuro_1_T1,Description|open_2_T2|agree_1_T2|neuro_1_T2|neuro_2_T2|con_2_T2|extra_1_T2|extra_2_T2|open_1_T2|agree_2_T2|con_1_T2
3/26/25 11:11,3/26/25 11:15,0,100,258,1,3/26/25 11:15,R_3hiaZXHnmDcgpfH,,,,,anonymous,EN,1,5,2,6,2,6,2,6,7,7,6,1,,,,,,,,,,,,,,,,,,,,,,,,,,,,,,,,,,,,,,,,,200,3,67,2,1,5,2,1,1,3,6,2,6,2,6,2,6,6,7,6,24,1,7,,48,1,3,4,,1,0,Nonstress,,FL_36,Description|neuro_1_T1|con_1_T1|neuro_2_T1|open_1_T1|agree_2_T1|extra_2_T1|agree_1_T1|con_2_T1|open_2_T1|extra_1_T1,Description|agree_2_T2|con_2_T2|open_2_T2|neuro_2_T2|extra_1_T2|neuro_1_T2|agree_1_T2|open_1_T2|con_1_T2|extra_2_T2
3/26/25 11:09,3/26/25 11:15,0,100,350,1,3/26/25 11:15,R_5gceypR5GOCdPD8,,,,,anonymous,EN,1,3,5,4,1,7,1,6,3,6,6,1,2,6.75,25.712,42.179,5,,1.227,1.227,8.005,1,6,5.73,5.73,9.159,1,2,1.137,5.723,6.044,3,5,7.057,11.036,11.881,2,2,6.988,6.988,7.005,1,2,4.23,4.23,4.969,1,2,2.072,2.072,2.913,1,,,,,,,,,4,1,2,6,4,4,6,1,6,4,7,6,24,1,6,,32,1,3,2,,1,1,Stress,1,FL_35,Description|neuro_2_T1|agree_1_T1|neuro_1_T1|extra_2_T1|extra_1_T1|con_1_T1|agree_2_T1|open_2_T1|open_1_T1|con_2_T1,Description|agree_2_T2|open_2_T2|con_2_T2|extra_2_T2|extra_1_T2|open_1_T2|agree_1_T2|neuro_2_T2|neuro_1_T2|con_1_T2
3/26/25 11:12,3/26/25 11:15,0,100,219,1,3/26/25 11:15,R_1PjQ5nPHNmnahOi,,,,,anonymous,EN,1,6,2,6,3,6,1,6,6,6,6,1,,,,,,,,,,,,,,,,,,,,,,,,,,,,,,,,,,,,,,,,,180,3,67,5,1,5,2,1,1,3,6,3,6,3,6,2,6,6,6,6,24,2,6,,24,1,3,4,,2,0,Nonstress,,FL_36,Description|agree_1_T1|extra_1_T1|open_2_T1|open_1_T1|con_2_T1|extra_2_T1|neuro_1_T1|con_1_T1|neuro_2_T1|agree_2_T1,Description|open_1_T2|con_2_T2|agree_2_T2|neuro_2_T2|extra_2_T2|neuro_1_T2|open_2_T2|con_1_T2|extra_1_T2|agree_1_T2
3/26/25 11:07,3/26/25 11:15,0,100,512,1,3/26/25 11:15,R_6EsVuJJG3PzcA6B,,,,,anonymous,EN,1,2,5,2,5,6,6,6,3,3,5,1,,0,0,44.005,0,,1.26,1.26,8.005,1,,0.152,0.152,10.87,1,,0,0,6.074,0,,8.929,13.769,17.007,2,5,6.395,6.705,7.014,2,,0,0,8.004,0,,0,0,5.013,0,,,,,,,,,4,1,2,5,2,5,6,6,6,3,2,3,24,2,6,,63,1,5,2,,4,0,Stress,0,FL_35,Description|con_2_T1|open_2_T1|extra_1_T1|agree_2_T1|extra_2_T1|agree_1_T1|neuro_1_T1|open_1_T1|neuro_2_T1|con_1_T1,Description|extra_1_T2|con_2_T2|agree_1_T2|open_2_T2|open_1_T2|con_1_T2|neuro_2_T2|neuro_1_T2|agree_2_T2|extra_2_T2
3/26/25 11:08,3/26/25 11:15,0,100,419,1,3/26/25 11:15,R_3wmJ0YUqVqV276n,,,,,anonymous,EN,1,5,4,3,5,5,3,4,3,4,5,1,,,,,,,,,,,,,,,,,,,,,,,,,,,,,,,,,,,,,,,,,180,3,67,5,1,5,2,1,1,4,5,4,3,5,5,3,4,3,4,5,24,1,8,Human Caucasian,69,1,3,4,,2,0,Nonstress,,FL_36,Description|agree_1_T1|extra_1_T1|con_1_T1|neuro_1_T1|agree_2_T1|open_1_T1|con_2_T1|extra_2_T1|open_2_T1|neuro_2_T1,Description|con_1_T2|agree_1_T2|neuro_2_T2|con_2_T2|extra_2_T2|open_1_T2|extra_1_T2|open_2_T2|neuro_1_T2|agree_2_T2
3/26/25 11:11,3/26/25 11:15,0,100,293,1,3/26/25 11:15,R_1RLaMTjt9FIDUY1,,,,,anonymous,EN,1,6,6,7,3,6,2,5,3,7,6,1,,,,,,,,,,,,,,,,,,,,,,,,,,,,,,,,,,,,,,,,,180,3,67,-10,1,5,2,1,1,4,6,6,7,3,6,2,5,4,6,6,24,1,6,,54,1,3,3,,1,0,Nonstress,,FL_36,Description|agree_2_T1|open_1_T1|extra_1_T1|open_2_T1|extra_2_T1|neuro_1_T1|con_1_T1|con_2_T1|agree_1_T1|neuro_2_T1,Description|agree_2_T2|agree_1_T2|neuro_2_T2|open_1_T2|extra_1_T2|open_2_T2|con_1_T2|con_2_T2|neuro_1_T2|extra_2_T2
3/26/25 11:10,3/26/25 11:15,0,100,325,1,3/26/25 11:15,R_7Rh7ZckzEwt2lVL,,,,,anonymous,EN,1,4,5,4,5,6,5,4,5,5,6,2,,,,,,,,,,,,,,,,,,,,,,,,,,,,,,,,,,,,,,,,,180,3,67,17,1,5,2,1,2,3,4,5,4,5,5,5,4,5,5,5,24,2,7,,26,1,3,3,,1,0,Nonstress,,FL_36,Description|open_2_T1|neuro_1_T1|agree_1_T1|extra_2_T1|con_1_T1|neuro_2_T1|open_1_T1|agree_2_T1|extra_1_T1|con_2_T1,Description|open_2_T2|con_2_T2|agree_1_T2|con_1_T2|extra_1_T2|agree_2_T2|extra_2_T2|neuro_1_T2|open_1_T2|neuro_2_T2
3/26/25 11:11,3/26/25 11:15,0,100,299,1,3/26/25 11:15,R_6n8kN5zgffP6vPe,,,,,anonymous,EN,1,3,7,2,3,1,2,7,7,6,6,1,,,,,,,,,,,,,,,,,,,,,,,,,,,,,,,,,,,,,,,,,180,2,67,0,1,5,2,1,2,3,3,7,3,3,7,2,7,7,6,6,24,2,6,,63,1,3,4,,2,0,Nonstress,,FL_36,Description|extra_1_T1|con_2_T1|open_2_T1|agree_2_T1|open_1_T1|neuro_1_T1|neuro_2_T1|con_1_T1|extra_2_T1|agree_1_T1,Description|agree_2_T2|neuro_1_T2|extra_2_T2|extra_1_T2|open_2_T2|neuro_2_T2|open_1_T2|con_1_T2|agree_1_T2|con_2_T2
3/26/25 11:10,3/26/25 11:16,0,100,342,1,3/26/25 11:16,R_3GUN8qpw1i1kTlL,,,,,anonymous,EN,1,3,7,1,7,6,2,7,3,6,6,1,12,1.765,1.765,31.124,1,,0,0,8.004,0,20,3.727,3.727,8.292,1,0,3.626,3.626,5.186,1,3,5.287,5.287,6.769,1,,0,0,7.105,0,2,4.889,5.484,6.5,2,2,1.542,1.542,3.6,1,,,,,,,,,5,2,3,7,1,7,3,3,6,3,6,7,24,1,2,,28,1,3,4,,1,0,Stress,0,FL_35,Description|con_2_T1|open_1_T1|agree_1_T1|neuro_2_T1|con_1_T1|extra_2_T1|open_2_T1|agree_2_T1|extra_1_T1|neuro_1_T1,Description|agree_1_T2|agree_2_T2|extra_2_T2|con_2_T2|extra_1_T2|neuro_2_T2|con_1_T2|open_1_T2|neuro_1_T2|open_2_T2
3/26/25 11:11,3/26/25 11:16,0,100,259,1,3/26/25 11:16,R_78A1JXPrvP35puY,,,,,anonymous,EN,1,3,5,3,3,5,5,5,5,6,3,1,4,0.998,17.779,33.096,5,5,0.864,3.847,6.834,2,12,0.718,6.977,9.031,3,,0.7,0.7,7.015,1,5,13.212,13.212,14.131,1,3,4.187,4.187,5.039,1,4,4.117,4.117,4.831,1,2,1.715,1.715,2.419,1,,,,,,,,,3,2,3,4,3,3,5,5,5,4,6,3,24,2,6,,37,1,3,4,,3,4,Stress,4,FL_35,Description|con_1_T1|open_1_T1|extra_1_T1|agree_2_T1|agree_1_T1|extra_2_T1|open_2_T1|neuro_2_T1|neuro_1_T1|con_2_T1,Description|con_2_T2|neuro_1_T2|extra_1_T2|extra_2_T2|neuro_2_T2|agree_1_T2|agree_2_T2|open_1_T2|con_1_T2|open_2_T2
3/26/25 11:08,3/26/25 11:16,0,100,496,1,3/26/25 11:16,R_5qsNpArQt2ZUCkh,,,,,anonymous,EN,1,4,3,2,3,6,5,5,7,6,7,1,1,25.353,25.353,28.916,1,,6.447,6.447,8.111,1,12,2.709,2.709,8.133,1,3,4.201,4.201,6.012,1,2,3.201,3.201,6.595,1,3,5.24,5.24,6.4,1,4,3.425,3.425,4.425,1,2,2.472,2.472,3.279,1,,,,,,,,,5,1,5,7,1,6,4,3,5,4,6,4,24,2,7,,47,1,4,2,,4,2,Stress,2,FL_35,Description|neuro_2_T1|con_2_T1|open_1_T1|extra_1_T1|extra_2_T1|agree_2_T1|con_1_T1|open_2_T1|agree_1_T1|neuro_1_T1,Description|extra_1_T2|neuro_2_T2|neuro_1_T2|con_1_T2|agree_2_T2|con_2_T2|extra_2_T2|open_2_T2|agree_1_T2|open_1_T2
3/26/25 11:12,3/26/25 11:16,0,100,222,1,3/26/25 11:16,R_3vbBEz0fpsEIXSN,,,,,anonymous,EN,1,4,5,3,4,3,6,2,4,4,4,1,,,,,,,,,,,,,,,,,,,,,,,,,,,,,,,,,,,,,,,,,180,3,67,17,1,5,2,1,1,4,4,5,3,3,1,2,3,4,4,4,24,2,6,,54,1,2,3,,1,0,Nonstress,,FL_36,Description|agree_1_T1|open_1_T1|agree_2_T1|neuro_2_T1|con_1_T1|con_2_T1|open_2_T1|extra_1_T1|extra_2_T1|neuro_1_T1,Description|con_1_T2|con_2_T2|neuro_1_T2|agree_2_T2|extra_2_T2|open_2_T2|open_1_T2|neuro_2_T2|extra_1_T2|agree_1_T2
3/26/25 11:02,3/26/25 11:16,0,100,832,1,3/26/25 11:16,R_7GuLlDLBHGe3ZOd,,,,,anonymous,EN,1,5,5,3,3,5,3,4,6,5,6,1,,2.038,2.038,44.01,1,,0,0,8.01,0,20,1.737,7.765,11.108,2,0,3.685,3.685,7.111,1,3,8.838,8.838,17.109,1,5,5.326,5.326,7.01,1,2,5.128,5.579,8.01,2,4,3.192,3.192,5.014,1,,,,,,,,,2,2,5,5,3,5,5,3,3,2,3,2,24,1,6,,56,1,4,2,,2,1,Stress,1,FL_35,Description|open_1_T1|agree_2_T1|con_2_T1|con_1_T1|extra_1_T1|neuro_1_T1|extra_2_T1|neuro_2_T1|agree_1_T1|open_2_T1,Description|agree_1_T2|open_1_T2|open_2_T2|con_2_T2|agree_2_T2|neuro_1_T2|extra_2_T2|neuro_2_T2|extra_1_T2|con_1_T2
3/26/25 11:12,3/26/25 11:16,0,100,218,1,3/26/25 11:16,R_75aGoLpf4pwi1Ed,,,,,anonymous,EN,1,1,3,1,7,3,5,3,1,5,6,1,7,12.153,12.153,18.875,1,,0,0,8.107,0,13,1.599,3.948,4.335,2,12,0.531,0.531,2.168,1,3,1.165,1.165,2.269,1,1,0.711,0.711,2.05,1,5,0.783,0.783,1.969,1,3,1.083,1.083,2.288,1,,,,,,,,,5,1,1,7,1,7,1,1,1,1,1,1,12,1,6,,44,1,6,6,,2,1,Stress,1,FL_35,Description|open_1_T1|open_2_T1|neuro_1_T1|extra_2_T1|agree_2_T1|agree_1_T1|con_1_T1|con_2_T1|extra_1_T1|neuro_2_T1,Description|con_2_T2|agree_1_T2|extra_2_T2|neuro_2_T2|con_1_T2|neuro_1_T2|extra_1_T2|open_1_T2|open_2_T2|agree_2_T2
3/26/25 11:07,3/26/25 11:16,0,100,535,1,3/26/25 11:16,R_3rZw0Wu1KpraY33,,,,,anonymous,EN,1,6,5,7,1,6,1,6,4,6,6,1,,,,,,,,,,,,,,,,,,,,,,,,,,,,,,,,,,,,,,,,,40,3,67,9,1,5,2,1,1,5,5,6,7,1,6,1,6,5,6,6,24,2,2,,69,1,5,4,,4,0,Nonstress,,FL_36,Description|neuro_2_T1|agree_1_T1|neuro_1_T1|extra_2_T1|extra_1_T1|agree_2_T1|open_2_T1|con_2_T1|con_1_T1|open_1_T1,Description|con_2_T2|agree_1_T2|neuro_1_T2|neuro_2_T2|agree_2_T2|open_1_T2|open_2_T2|extra_2_T2|con_1_T2|extra_1_T2
3/26/25 11:12,3/26/25 11:16,0,100,259,1,3/26/25 11:16,R_5GxJoPalVSBGuk0,,,,,anonymous,EN,1,1,5,3,5,5,2,2,6,7,7,1,,,,,,,,,,,,,,,,,,,,,,,,,,,,,,,,,,,,,,,,,180,3,67,17,1,5,2,1,3,1,2,2,5,5,6,2,3,6,7,7,24,2,6,,41,1,6,3,,3,0,Nonstress,,FL_36,Description|extra_2_T1|neuro_2_T1|open_1_T1|agree_1_T1|neuro_1_T1|con_1_T1|extra_1_T1|agree_2_T1|open_2_T1|con_2_T1,Description|neuro_1_T2|con_1_T2|agree_2_T2|open_2_T2|neuro_2_T2|open_1_T2|extra_1_T2|con_2_T2|agree_1_T2|extra_2_T2
3/26/25 11:00,3/26/25 11:16,0,100,999,1,3/26/25 11:16,R_5oT6mwpmNdh0u9j,,,,,anonymous,EN,1,5,5,4,5,3,4,6,2,4,6,1,4,2.346,9.609,12.15,2,,1.913,1.913,8.049,1,20,2.3,2.3,7.265,1,0,1.129,1.129,6.213,1,3,7.674,7.674,9.174,1,3,6.849,6.849,7.011,1,2,6.612,6.612,7.696,1,,0,0,5.012,0,,,,,,,,,5,1,4,7,1,1,1,1,3,1,5,1,24,1,6,,36,1,3,4,,1,2,Stress,2,FL_35,Description|open_1_T1|open_2_T1|con_2_T1|agree_2_T1|extra_1_T1|neuro_1_T1|extra_2_T1|con_1_T1|agree_1_T1|neuro_2_T1,Description|neuro_2_T2|open_2_T2|neuro_1_T2|con_1_T2|agree_2_T2|extra_1_T2|extra_2_T2|con_2_T2|open_1_T2|agree_1_T2
3/26/25 11:11,3/26/25 11:16,0,100,313,1,3/26/25 11:16,R_1ygSoeRJn2AYCrf,,,,,anonymous,EN,1,5,2,3,5,4,3,3,2,5,5,1,7,30.678,30.678,34.76,1,,0,0,8.111,0,14,2.789,2.789,11.007,1,,0,0,7.106,0,3,2.817,2.817,4.097,1,5,5.95,5.95,6.787,1,2,5.528,5.528,6.425,1,5,4.52,4.52,5.109,1,,,,,,,,,1,1,5,2,3,3,5,3,3,2,5,5,24,1,2,,46,1,4,4,,2,0,Stress,0,FL_35,Description|open_1_T1|extra_2_T1|con_2_T1|neuro_2_T1|con_1_T1|neuro_1_T1|open_2_T1|agree_1_T1|extra_1_T1|agree_2_T1,Description|open_1_T2|con_1_T2|agree_1_T2|neuro_2_T2|neuro_1_T2|open_2_T2|extra_1_T2|agree_2_T2|con_2_T2|extra_2_T2
3/26/25 11:11,3/26/25 11:16,0,100,324,1,3/26/25 11:16,R_1D2DzWg2sgdhh3a,,,,,anonymous,EN,1,4,6,3,4,6,2,5,4,7,7,1,3,20.923,28.971,35.209,2,,6.837,6.837,8.012,1,,9.129,9.129,11.006,1,,0,0,7.013,0,3,8.487,8.487,10.151,1,2,5.98,5.98,7.007,1,2,6.305,6.305,8.007,1,2,2.091,2.091,3.015,1,,,,,,,,,5,1,4,7,1,6,6,2,4,1,6,7,24,1,6,,36,1,6,1,,3,0,Stress,0,FL_35,Description|open_1_T1|con_2_T1|extra_2_T1|extra_1_T1|open_2_T1|neuro_1_T1|agree_2_T1|neuro_2_T1|con_1_T1|agree_1_T1,Description|neuro_2_T2|con_2_T2|extra_2_T2|con_1_T2|neuro_1_T2|agree_2_T2|open_1_T2|agree_1_T2|extra_1_T2|open_2_T2
3/26/25 11:06,3/26/25 11:16,0,100,608,1,3/26/25 11:16,R_36e8NEA2HlxME5b,,,,,anonymous,EN,1,7,2,7,2,7,1,7,7,7,7,1,5,30.609,30.609,35.74,1,,0,0,8.013,0,12,5.996,5.996,11.191,1,,0,0,7.026,0,,0,0,17.012,0,,0,0,7.024,0,4,4.211,4.211,8.012,1,4,4.73,4.73,5.012,1,,,,,,,,,2,2,7,3,7,3,6,1,7,6,7,7,24,2,6,,31,1,3,9,,1,2,Stress,2,FL_35,Description|extra_1_T1|neuro_1_T1|con_1_T1|extra_2_T1|con_2_T1|agree_1_T1|open_1_T1|neuro_2_T1|agree_2_T1|open_2_T1,Description|agree_2_T2|extra_2_T2|con_1_T2|con_2_T2|neuro_2_T2|agree_1_T2|neuro_1_T2|open_2_T2|extra_1_T2|open_1_T2
3/26/25 11:12,3/26/25 11:17,0,100,270,1,3/26/25 11:17,R_6Wfm0JnFN9ugbux,,,,,anonymous,EN,1,1,3,2,5,5,5,5,3,3,5,1,,,,,,,,,,,,,,,,,,,,,,,,,,,,,,,,,,,,,,,,,175,3,67,17,1,5,2,1,2,2,1,3,1,5,5,5,5,3,3,5,24,2,6,,38,1,3,4,,1,0,Nonstress,,FL_36,Description|open_1_T1|neuro_2_T1|neuro_1_T1|agree_1_T1|extra_1_T1|extra_2_T1|agree_2_T1|con_2_T1|open_2_T1|con_1_T1,Description|con_1_T2|neuro_2_T2|neuro_1_T2|open_1_T2|con_2_T2|extra_1_T2|extra_2_T2|open_2_T2|agree_2_T2|agree_1_T2
3/26/25 11:03,3/26/25 11:17,0,100,822,1,3/26/25 11:17,R_6riACitlZa8rAGh,,,,,anonymous,EN,1,7,3,7,1,6,1,6,7,6,6,1,,,,,,,,,,,,,,,,,,,,,,,,,,,,,,,,,,,,,,,,,180,3,67,17,1,5,2,1,5,5,7,3,7,1,6,1,6,7,6,7,24,1,6,,34,1,3,6,,1,0,Nonstress,,FL_36,Description|neuro_2_T1|agree_2_T1|neuro_1_T1|extra_1_T1|agree_1_T1|extra_2_T1|open_1_T1|con_1_T1|open_2_T1|con_2_T1,Description|neuro_1_T2|neuro_2_T2|open_1_T2|con_1_T2|agree_2_T2|extra_1_T2|extra_2_T2|open_2_T2|con_2_T2|agree_1_T2
3/26/25 11:11,3/26/25 11:17,0,100,323,1,3/26/25 11:17,R_1CdeAe1BQQnXlMf,,,,,anonymous,EN,1,4,5,3,5,5,2,6,7,5,6,1,10,3.143,15.977,44.014,2,0.1,5.274,5.274,8.006,1,12,6.233,6.8,8.332,2,,0,0,7.019,0,3,9.198,11.556,17.012,2,5,5.24,5.24,6.157,1,,0,0,8.112,0,2,3.066,4.664,5.122,2,,,,,,,,,4,2,3,5,2,6,6,1,7,7,4,6,24,2,4,,37,2,3,6,,1,1,Stress,1,FL_35,Description|neuro_1_T1|extra_2_T1|open_2_T1|con_2_T1|con_1_T1|agree_1_T1|agree_2_T1|extra_1_T1|open_1_T1|neuro_2_T1,Description|open_1_T2|neuro_2_T2|open_2_T2|con_2_T2|agree_2_T2|agree_1_T2|con_1_T2|extra_2_T2|neuro_1_T2|extra_1_T2
3/26/25 11:03,3/26/25 11:17,0,100,856,1,3/26/25 11:17,R_7Ia6NkaouIkDpSh,,,,,anonymous,EN,1,5,4,2,2,4,1,5,3,3,3,1,,0,0,44.026,0,,0,0,8.119,0,,0,0,11.026,0,2,4.857,4.857,7.026,1,,0,0,17.033,0,5,6.401,6.401,7.125,1,2,5.794,5.794,8.123,1,3,3.816,3.816,5.126,1,,,,,,,,,1,3,6,5,6,3,6,2,5,3,5,3,24,1,2,,36,1,3,3,,2,1,Stress,1,FL_35,Description|extra_2_T1|neuro_2_T1|con_1_T1|open_2_T1|agree_2_T1|agree_1_T1|open_1_T1|neuro_1_T1|con_2_T1|extra_1_T1,Description|agree_2_T2|open_1_T2|extra_2_T2|con_1_T2|extra_1_T2|neuro_2_T2|open_2_T2|agree_1_T2|neuro_1_T2|con_2_T2
3/26/25 11:05,3/26/25 11:17,0,100,736,1,3/26/25 11:17,R_7GV1TzCELBnqWRj,,,,,anonymous,EN,1,4,6,6,4,6,3,4,5,5,4,1,,,,,,,,,,,,,,,,,,,,,,,,,,,,,,,,,,,,,,,,,180,2,67,17,1,5,2,1,5,2,4,6,6,3,5,2,4,5,6,3,24,2,1,,43,2,3,5,,2,0,Nonstress,,FL_36,Description|con_1_T1|extra_2_T1|neuro_1_T1|agree_2_T1|open_1_T1|agree_1_T1|con_2_T1|open_2_T1|extra_1_T1|neuro_2_T1,Description|con_1_T2|open_2_T2|agree_1_T2|neuro_2_T2|agree_2_T2|con_2_T2|extra_1_T2|extra_2_T2|neuro_1_T2|open_1_T2
3/26/25 11:10,3/26/25 11:17,0,100,383,1,3/26/25 11:17,R_6pKYNTt8vwiJ7SI,,,,,anonymous,EN,1,7,6,4,2,7,1,7,4,6,7,1,2,3.107,33.516,37.51,3,,0,0,8.021,0,20,2.792,2.792,9.931,1,0,1.972,1.972,7.112,1,1,4.671,4.671,6.439,1,4,6.455,6.455,7.017,1,2,6.693,6.693,8.027,1,2,3.217,3.217,4.777,1,,,,,,,,,1,3,7,6,4,2,7,1,7,7,6,7,24,2,6,,66,1,6,2,,4,0,Stress,0,FL_35,Description|open_1_T1|extra_2_T1|neuro_2_T1|agree_2_T1|extra_1_T1|agree_1_T1|neuro_1_T1|open_2_T1|con_2_T1|con_1_T1,Description|extra_2_T2|con_1_T2|neuro_2_T2|con_2_T2|neuro_1_T2|extra_1_T2|agree_1_T2|open_2_T2|agree_2_T2|open_1_T2
3/26/25 11:06,3/26/25 11:17,0,100,659,1,3/26/25 11:17,R_1xIPbVZpKXiDjJq,,,,,anonymous,EN,1,5,5,5,3,7,3,3,5,7,7,1,,,,,,,,,,,,,,,,,,,,,,,,,,,,,,,,,,,,,,,,,240,2,67,2,1,5,2,1,1,5,5,3,7,2,7,2,5,7,5,5,24,2,6,,41,1,3,2,,2,0,Nonstress,,FL_36,Description|open_2_T1|con_1_T1|extra_2_T1|agree_2_T1|neuro_2_T1|open_1_T1|neuro_1_T1|con_2_T1|agree_1_T1|extra_1_T1,Description|extra_2_T2|neuro_2_T2|open_1_T2|extra_1_T2|open_2_T2|con_1_T2|neuro_1_T2|agree_2_T2|con_2_T2|agree_1_T2
3/26/25 11:03,3/26/25 11:17,0,100,832,1,3/26/25 11:17,R_6fcX7DGE2naDLrr,,,,,anonymous,EN,1,5,2,6,2,7,1,6,6,7,7,1,,33.001,33.001,44.113,1,,7.751,7.751,8.018,1,20,2.262,2.262,8.721,1,,0,0,7.01,0,,0,0,17.014,0,,0,0,7.01,0,,0,0,8.108,0,,0,0,5.106,0,,,,,,,,,4,1,4,5,2,6,4,1,4,4,2,1,24,2,6,,74,1,5,3,,4,0,Stress,0,FL_35,Description|extra_2_T1|open_2_T1|neuro_2_T1|con_1_T1|agree_1_T1|open_1_T1|agree_2_T1|neuro_1_T1|con_2_T1|extra_1_T1,Description|con_1_T2|con_2_T2|neuro_1_T2|extra_2_T2|extra_1_T2|neuro_2_T2|open_1_T2|agree_1_T2|open_2_T2|agree_2_T2
3/26/25 11:09,3/26/25 11:17,0,100,504,1,3/26/25 11:17,R_5VxSwzyubFurXZT,,,,,anonymous,EN,1,4,6,3,5,6,4,6,7,5,6,1,,,,,,,,,,,,,,,,,,,,,,,,,,,,,,,,,,,,,,,,,165,3,67,17,1,5,2,1,2,3,3,6,2,5,6,3,6,6,5,5,24,2,7,,26,1,5,4,,2,0,Nonstress,,FL_36,Description|extra_2_T1|neuro_2_T1|con_2_T1|agree_2_T1|con_1_T1|agree_1_T1|extra_1_T1|open_1_T1|open_2_T1|neuro_1_T1,Description|open_2_T2|con_2_T2|con_1_T2|open_1_T2|extra_1_T2|agree_1_T2|neuro_1_T2|extra_2_T2|neuro_2_T2|agree_2_T2
3/26/25 11:11,3/26/25 11:17,0,100,359,1,3/26/25 11:17,R_7j9XYwKrYUDZoqo,,,,,anonymous,EN,1,5,3,4,5,5,3,5,5,5,6,1,15,26.137,40.194,42.212,4,,0,0,8.008,0,20,1.466,1.466,7.452,1,,0,0,6.412,0,2,5.036,5.036,6.358,1,4,6.658,6.658,7.007,1,4,5.048,5.048,6.62,1,2,2.786,2.786,4.711,1,,,,,,,,,3,2,5,3,3,5,5,3,6,5,5,6,24,2,6,,52,1,2,4,,1,0,Stress,0,FL_35,Description|neuro_1_T1|con_2_T1|extra_1_T1|con_1_T1|agree_2_T1|neuro_2_T1|open_1_T1|extra_2_T1|agree_1_T1|open_2_T1,Description|agree_1_T2|con_2_T2|neuro_2_T2|con_1_T2|agree_2_T2|extra_2_T2|open_2_T2|open_1_T2|neuro_1_T2|extra_1_T2
3/26/25 11:12,3/26/25 11:17,0,100,333,1,3/26/25 11:17,R_1jlEAs2oAd3t7CL,,,,,anonymous,EN,1,5,5,5,2,6,3,5,6,4,6,1,,,,,,,,,,,,,,,,,,,,,,,,,,,,,,,,,,,,,,,,,180,3,68,20,1,3,2,1,2,4,5,5,3,3,5,3,5,6,4,5,24,2,6,,56,1,4,3,,3,0,Nonstress,,FL_36,Description|con_1_T1|neuro_2_T1|agree_1_T1|extra_2_T1|extra_1_T1|neuro_1_T1|agree_2_T1|con_2_T1|open_1_T1|open_2_T1,Description|extra_1_T2|open_1_T2|neuro_1_T2|con_2_T2|neuro_2_T2|extra_2_T2|agree_1_T2|open_2_T2|agree_2_T2|con_1_T2
3/26/25 11:13,3/26/25 11:18,0,100,307,1,3/26/25 11:18,R_34G36RVm7KClarD,,,,,anonymous,EN,1,2,5,2,3,6,4,4,4,6,6,1,12,7.396,42.442,42.969,2,,4.679,4.679,8.004,1,20,1.642,2.399,5.909,2,0,1.239,1.239,4.518,1,2,9.543,9.543,11.214,1,4,4.058,4.058,5.217,1,,0,0,7.878,0,2,2.035,2.035,3.512,1,,,,,,,,,4,2,2,6,2,5,4,4,4,4,6,6,24,2,6,,47,1,3,4,,1,0,Stress,0,FL_35,Description|neuro_2_T1|con_2_T1|con_1_T1|open_1_T1|extra_1_T1|extra_2_T1|neuro_1_T1|agree_2_T1|agree_1_T1|open_2_T1,Description|extra_2_T2|agree_2_T2|neuro_1_T2|agree_1_T2|neuro_2_T2|open_1_T2|open_2_T2|con_1_T2|extra_1_T2|con_2_T2
3/26/25 11:13,3/26/25 11:18,0,100,294,1,3/26/25 11:18,R_3NDYJ6h5TUBCiZz,,,,,anonymous,EN,1,2,2,2,5,3,7,4,2,7,6,1,5,14.614,14.614,18.277,1,10,5.36,5.36,7.78,1,20,2.502,2.502,4.549,1,,0,0,6.715,0,2,3.262,3.262,4.145,1,3,3.969,3.969,4.501,1,3,3.696,3.696,4.548,1,2,1.663,1.663,2.215,1,,,,,,,,,1,3,2,2,2,5,3,7,4,3,7,6,24,1,6,,45,1,6,4,,1,1,Stress,1,FL_35,Description|agree_1_T1|agree_2_T1|open_2_T1|con_2_T1|con_1_T1|extra_2_T1|neuro_2_T1|neuro_1_T1|open_1_T1|extra_1_T1,Description|extra_2_T2|con_1_T2|extra_1_T2|agree_1_T2|con_2_T2|open_2_T2|agree_2_T2|neuro_1_T2|neuro_2_T2|open_1_T2
3/26/25 11:10,3/26/25 11:18,0,100,475,1,3/26/25 11:18,R_62QsrODXwI8TKYn,,,,,anonymous,EN,1,7,7,7,2,7,1,7,7,7,1,1,4,3.385,21.314,25.337,2,4,1.914,4.819,8.008,2,,2.451,2.451,11.014,1,4,2.493,2.493,4.846,1,,5.123,5.123,18.742,1,3,6.73,6.73,7.006,1,3,2.72,2.72,4.402,1,4,2.921,2.921,3.849,1,,,,,,,,,2,2,5,7,7,3,2,3,7,5,3,1,24,1,2,,74,1,3,4,,2,3,Stress,3,FL_35,Description|con_1_T1|con_2_T1|agree_1_T1|extra_2_T1|open_1_T1|agree_2_T1|neuro_1_T1|open_2_T1|neuro_2_T1|extra_1_T1,Description|con_1_T2|open_2_T2|extra_2_T2|open_1_T2|agree_2_T2|con_2_T2|neuro_2_T2|extra_1_T2|neuro_1_T2|agree_1_T2
3/26/25 11:12,3/26/25 11:18,0,100,342,1,3/26/25 11:18,R_5NgF7i91c1doBWf,,,,,anonymous,EN,1,3,6,4,5,6,4,5,3,5,5,1,4,4.659,4.659,18.449,1,,1.984,1.984,8.112,1,20,0.932,0.932,4.708,1,,5.384,5.67,7.114,2,2,10.578,10.578,11.855,1,5,4.027,4.027,4.969,1,2,4.624,4.624,5.459,1,,0,0,5.012,0,,,,,,,,,1,3,3,6,4,5,6,4,5,3,5,5,24,1,6,,42,1,3,4,,1,1,Stress,1,FL_35,Description|agree_1_T1|extra_2_T1|con_2_T1|neuro_1_T1|open_2_T1|agree_2_T1|open_1_T1|extra_1_T1|con_1_T1|neuro_2_T1,Description|open_2_T2|extra_1_T2|con_1_T2|open_1_T2|neuro_2_T2|con_2_T2|extra_2_T2|agree_2_T2|agree_1_T2|neuro_1_T2
3/26/25 11:08,3/26/25 11:18,0,100,619,1,3/26/25 11:18,R_6OGsjnMb8za6iEQ,,,,,anonymous,EN,1,3,5,3,3,5,3,3,3,5,5,1,,2.902,2.902,44.111,1,1,1.869,1.869,8.007,1,30,1.856,1.856,8.361,1,,1.524,1.524,7.004,1,1,6.18,6.18,7.596,1,5,5.362,5.362,6.73,1,3,5.407,5.407,6.419,1,2,2.183,2.183,3.154,1,,,,,,,,,4,2,3,5,2,5,5,3,3,3,3,3,24,2,6,,43,1,5,10,,1,0,Stress,0,FL_35,Description|extra_2_T1|agree_2_T1|open_1_T1|open_2_T1|neuro_1_T1|agree_1_T1|extra_1_T1|con_1_T1|neuro_2_T1|con_2_T1,Description|open_1_T2|neuro_1_T2|agree_2_T2|neuro_2_T2|agree_1_T2|open_2_T2|extra_1_T2|con_1_T2|con_2_T2|extra_2_T2
3/26/25 11:13,3/26/25 11:18,0,100,278,1,3/26/25 11:18,R_1PAbaAbl6he2Si1,,,,,anonymous,EN,1,6,4,5,3,6,2,5,5,7,7,1,,,,,,,,,,,,,,,,,,,,,,,,,,,,,,,,,,,,,,,,,180,3,62,0,1,5,2,1,1,4,6,4,5,2,6,2,5,5,7,7,24,1,6,,39,1,4,3,,1,0,Nonstress,,FL_36,Description|con_1_T1|open_1_T1|extra_1_T1|extra_2_T1|neuro_2_T1|neuro_1_T1|agree_1_T1|con_2_T1|open_2_T1|agree_2_T1,Description|open_2_T2|neuro_2_T2|con_2_T2|extra_2_T2|agree_2_T2|neuro_1_T2|extra_1_T2|agree_1_T2|con_1_T2|open_1_T2
3/26/25 11:11,3/26/25 11:18,0,100,448,1,3/26/25 11:18,R_7DFM2qpEUVxS0GL,,,,,anonymous,EN,1,4,7,7,1,7,1,7,4,1,4,1,,,,,,,,,,,,,,,,,,,,,,,,,,,,,,,,,,,,,,,,,180,2,67,17,1,5,2,1,1,4,4,7,7,1,7,1,7,4,1,4,24,2,2,,61,1,5,3,,3,0,Nonstress,,FL_36,Description|agree_1_T1|neuro_2_T1|open_1_T1|con_2_T1|agree_2_T1|open_2_T1|extra_2_T1|con_1_T1|neuro_1_T1|extra_1_T1,Description|con_1_T2|open_2_T2|agree_2_T2|extra_2_T2|neuro_1_T2|neuro_2_T2|extra_1_T2|open_1_T2|con_2_T2|agree_1_T2
3/26/25 11:10,3/26/25 11:18,0,100,466,1,3/26/25 11:18,R_6LhbpHm5zh03F3s,,,,,anonymous,EN,1,4,4,6,4,6,4,6,6,5,4,1,4.2,7.436,25.85,27.315,4,,2.963,2.963,8.111,1,26,2.149,8.569,11.006,2,,2.648,2.648,7.007,1,2,4.195,16.927,17.01,3,,2.595,2.595,7.004,1,2,4.153,4.153,8.116,1,2,4.863,4.863,5.01,1,,,,,,,,,4,3,4,6,5,5,4,3,4,5,1,7,24,1,6,,54,1,4,2,,3,0,Stress,0,FL_35,Description|neuro_2_T1|con_2_T1|open_1_T1|extra_1_T1|con_1_T1|agree_2_T1|agree_1_T1|neuro_1_T1|open_2_T1|extra_2_T1,Description|neuro_2_T2|open_1_T2|extra_2_T2|open_2_T2|extra_1_T2|con_1_T2|neuro_1_T2|agree_1_T2|agree_2_T2|con_2_T2
3/26/25 11:09,3/26/25 11:18,0,100,549,1,3/26/25 11:18,R_7E9O6Vgfe35Qhz8,,,,,anonymous,EN,1,4,4,4,4,6,1,3,2,4,3,1,10,10.671,34.936,45.303,3,,1.604,3.307,9.582,4,,1.331,2.567,11.009,4,,1.41,6.988,7.008,6,3,6.082,6.082,7.216,1,4,4.948,4.948,7.016,1,1,6.125,6.125,8.019,1,2,3.81,3.81,5.122,1,,,,,,,,,2,3,4,5,3,4,5,4,2,4,4,2,twenty-four,1,6,,33,1,3,4,,1,0,Stress,0,FL_35,Description|extra_2_T1|extra_1_T1|agree_1_T1|open_2_T1|open_1_T1|agree_2_T1|con_1_T1|neuro_2_T1|neuro_1_T1|con_2_T1,Description|con_1_T2|extra_2_T2|extra_1_T2|agree_2_T2|con_2_T2|open_2_T2|open_1_T2|neuro_1_T2|agree_1_T2|neuro_2_T2
3/26/25 11:13,3/26/25 11:18,0,100,338,1,3/26/25 11:18,R_7CSsDnLFuvRQZfH,,,,,anonymous,EN,1,7,3,6,1,7,1,6,5,7,7,1,,,,,,,,,,,,,,,,,,,,,,,,,,,,,,,,,,,,,,,,,180,3,67,2,1,5,2,1,1,5,7,1,7,1,7,1,7,7,7,7,24,1,3,,40,1,3,4,,1,0,Nonstress,,FL_36,Description|extra_2_T1|neuro_1_T1|agree_2_T1|open_1_T1|neuro_2_T1|extra_1_T1|con_1_T1|con_2_T1|open_2_T1|agree_1_T1,Description|open_2_T2|open_1_T2|neuro_1_T2|agree_1_T2|extra_1_T2|extra_2_T2|agree_2_T2|neuro_2_T2|con_1_T2|con_2_T2
3/26/25 11:15,3/26/25 11:18,0,100,219,1,3/26/25 11:18,R_1Id4ATeUrNTHRqK,,,,,anonymous,EN,1,2,3,3,3,3,5,5,3,3,3,1,5,23.998,23.998,27.194,1,,7.64,7.64,8.104,1,20,6.576,6.576,8.274,1,0,4.396,4.396,6.294,1,2,12.045,12.045,14.44,1,4,5.395,5.395,6.547,1,2,4.42,7.077,8.103,2,2,2.354,2.354,3.592,1,,,,,,,,,3,2,2,5,2,5,3,6,5,3,3,3,24,2,6,,25,1,3,6,,1,0,Stress,0,FL_35,Description|agree_1_T1|open_1_T1|agree_2_T1|neuro_1_T1|extra_2_T1|con_1_T1|extra_1_T1|con_2_T1|open_2_T1|neuro_2_T1,Description|open_1_T2|con_2_T2|neuro_2_T2|neuro_1_T2|con_1_T2|extra_2_T2|agree_2_T2|agree_1_T2|open_2_T2|extra_1_T2
3/26/25 11:12,3/26/25 11:18,0,100,357,1,3/26/25 11:18,R_3RVqQX0g4Far5Ph,,,,,anonymous,EN,1,6,3,5,2,6,2,6,5,7,7,1,,,,,,,,,,,,,,,,,,,,,,,,,,,,,,,,,,,,,,,,,180,3,67,2,1,5,2,1,1,4,5,3,5,2,6,2,6,5,7,7,24,1,6,,72,1,3,3,,1,0,Nonstress,,FL_36,Description|extra_2_T1|open_1_T1|open_2_T1|neuro_1_T1|agree_2_T1|neuro_2_T1|con_1_T1|con_2_T1|extra_1_T1|agree_1_T1,Description|extra_1_T2|open_2_T2|extra_2_T2|open_1_T2|con_1_T2|neuro_2_T2|agree_2_T2|neuro_1_T2|agree_1_T2|con_2_T2
3/26/25 11:10,3/26/25 11:18,0,100,517,1,3/26/25 11:19,R_3rkbTmrSFctOq2y,,,,,anonymous,EN,1,7,3,6,2,7,2,4,2,7,6,1,4,1.419,24.145,29.288,2,0,1.588,1.588,8.034,1,20,1.202,1.202,7.593,1,,1.153,1.153,7.026,1,,6.608,16.513,17.035,2,,4.243,6.505,7.037,2,2,4.736,5.869,6.774,2,2,1.799,4.282,5.145,3,,,,,,,,,3,1,6,5,5,2,6,2,4,2,7,7,24,1,6,,50,1,3,3,,1,1,Stress,1,FL_35,Description|open_2_T1|con_2_T1|open_1_T1|con_1_T1|agree_2_T1|neuro_1_T1|extra_1_T1|extra_2_T1|agree_1_T1|neuro_2_T1,Description|extra_2_T2|neuro_1_T2|open_1_T2|con_1_T2|open_2_T2|con_2_T2|extra_1_T2|agree_1_T2|agree_2_T2|neuro_2_T2
3/26/25 10:51,3/26/25 11:19,0,100,1658,1,3/26/25 11:19,R_3Ooz7qV7SyR9dvk,,,,,anonymous,EN,1,3,5,2,4,3,5,2,3,7,6,1,1.2,1.654,1.654,23.093,1,,1.808,1.808,8.006,1,,1.908,2.63,11.103,2,,1.855,1.855,7.011,1,2,4.208,4.208,5.83,1,4,3.723,3.723,5.04,1,4,5.203,5.203,7.013,1,2,2.454,2.454,4.064,1,,,,,,,,,1,3,3,5,2,3,3,5,2,3,7,6,24,2,6,,23,1,6,2,,3,0,Stress,0,FL_35,Description|con_2_T1|agree_1_T1|open_1_T1|extra_1_T1|neuro_2_T1|agree_2_T1|con_1_T1|open_2_T1|neuro_1_T1|extra_2_T1,Description|con_2_T2|agree_2_T2|open_1_T2|extra_2_T2|neuro_1_T2|agree_1_T2|neuro_2_T2|con_1_T2|extra_1_T2|open_2_T2
3/26/25 11:12,3/26/25 11:19,0,100,422,1,3/26/25 11:19,R_6V42SNTSaEuu7Ik,,,,,anonymous,EN,1,6,6,7,3,6,2,5,6,4,5,1,,0,0,44.015,0,,5.536,5.536,8.013,1,,0,0,11.114,0,,0,0,7.109,0,3,3.22,5.454,7.781,2,3,4.611,4.611,6.288,1,4,4.365,4.365,6.291,1,2,3.076,3.076,4.636,1,,,,,,,,,2,3,6,6,5,3,4,2,4,4,4,7,24,2,6,,67,1,3,4,,1,1,Stress,1,FL_35,Description|extra_1_T1|open_2_T1|extra_2_T1|con_1_T1|con_2_T1|neuro_1_T1|agree_2_T1|agree_1_T1|neuro_2_T1|open_1_T1,Description|neuro_2_T2|open_1_T2|agree_2_T2|open_2_T2|con_2_T2|con_1_T2|neuro_1_T2|extra_1_T2|extra_2_T2|agree_1_T2
3/26/25 11:01,3/26/25 11:19,0,100,1055,1,3/26/25 11:19,R_7pASbPmhuyCm1KA,,,,,anonymous,EN,1,6,3,6,3,4,3,5,4,6,6,1,,,,,,,,,,,,,,,,,,,,,,,,,,,,,,,,,,,,,,,,,180,3,67,17,1,5,2,1,2,4,6,4,6,2,6,3,5,6,6,6,24,2,6,,42,1,2,6,,1,0,Nonstress,,FL_36,Description|extra_2_T1|open_1_T1|open_2_T1|neuro_2_T1|con_2_T1|agree_2_T1|agree_1_T1|con_1_T1|neuro_1_T1|extra_1_T1,Description|agree_1_T2|open_1_T2|agree_2_T2|extra_1_T2|extra_2_T2|neuro_2_T2|open_2_T2|con_2_T2|neuro_1_T2|con_1_T2
3/26/25 11:12,3/26/25 11:19,0,100,416,1,3/26/25 11:19,R_5P840cdyNyOEIBJ,,,,,anonymous,EN,1,2,1,7,1,6,2,6,6,2,5,1,,44.069,44.069,44.111,1,,0,0,8.112,0,20,4.693,4.693,6.949,1,,0,0,7.007,0,4,5.423,5.423,6.953,1,5,5.708,5.708,7.115,1,2,4.861,4.861,5.696,1,4,3.87,3.87,5.011,1,,,,,,,,,2,1,2,1,6,1,5,2,6,6,2,6,24,2,6,,45,1,3,5,,2,2,Stress,2,FL_35,Description|agree_1_T1|extra_1_T1|open_1_T1|open_2_T1|neuro_1_T1|con_2_T1|con_1_T1|extra_2_T1|agree_2_T1|neuro_2_T1,Description|agree_2_T2|extra_2_T2|extra_1_T2|con_2_T2|neuro_2_T2|con_1_T2|open_2_T2|neuro_1_T2|agree_1_T2|open_1_T2
3/26/25 11:07,3/26/25 11:19,0,100,696,1,3/26/25 11:19,R_59vlUuZ5FT7bKhU,,,,,anonymous,EN,1,4,6,5,2,7,2,7,5,5,5,1,,0,0,44.115,0,,0,0,8.012,0,,2.385,2.385,11.108,1,5,4.144,4.144,7.013,1,1,9.786,9.786,17.008,1,,0,0,7.013,0,3,6.278,6.278,8.111,1,4,4.244,4.244,5.014,1,,,,,,,,,2,3,4,7,5,5,5,3,4,5,4,5,24,1,2,,66,1,4,4,,3,1,Stress,1,FL_35,Description|agree_2_T1|extra_2_T1|agree_1_T1|con_1_T1|con_2_T1|neuro_2_T1|open_1_T1|neuro_1_T1|extra_1_T1|open_2_T1,Description|extra_1_T2|agree_1_T2|con_2_T2|open_1_T2|open_2_T2|extra_2_T2|neuro_1_T2|con_1_T2|agree_2_T2|neuro_2_T2
3/26/25 11:13,3/26/25 11:19,0,100,355,1,3/26/25 11:19,R_3jfDo1Rz0XOTDTZ,,,,,anonymous,EN,1,4,5,7,3,4,1,6,4,7,6,1,3,40.457,43.248,44.028,2,,0,0,8.134,0,20,4.477,4.477,7.6,1,,6.685,6.685,7.123,1,3,3.529,4.629,5.636,3,,0,0,7.032,0,,4.025,7.184,8.124,2,4,3.485,4.385,4.953,3,,,,,,,,,1,3,4,5,7,3,4,1,6,4,7,6,24,1,8,White / Japanese,46,1,3,3,,1,1,Stress,1,FL_35,Description|neuro_2_T1|open_1_T1|agree_1_T1|open_2_T1|extra_1_T1|extra_2_T1|agree_2_T1|con_1_T1|con_2_T1|neuro_1_T1,Description|con_1_T2|neuro_2_T2|agree_1_T2|extra_1_T2|con_2_T2|open_2_T2|agree_2_T2|extra_2_T2|open_1_T2|neuro_1_T2
3/26/25 11:14,3/26/25 11:19,0,100,304,1,3/26/25 11:19,R_1sdkDZ7kxJwAPVK,,,,,anonymous,EN,1,5,5,5,2,5,2,6,6,3,5,1,15,12.751,12.751,36.515,1,,1.31,1.31,8.007,1,,0,0,11.005,0,,0.856,0.856,7.006,1,2,9.18,9.18,10.419,1,3,5.997,5.997,7.005,1,4,3.498,3.498,4.887,1,2,3.187,3.187,5.008,1,,,,,,,,,2,2,5,6,5,3,4,3,6,6,2,5,24,2,6,,26,1,2,6,,3,1,Stress,1,FL_35,Description|extra_2_T1|agree_1_T1|con_2_T1|extra_1_T1|neuro_2_T1|open_1_T1|agree_2_T1|open_2_T1|con_1_T1|neuro_1_T1,Description|agree_1_T2|open_1_T2|con_2_T2|agree_2_T2|extra_1_T2|neuro_1_T2|neuro_2_T2|con_1_T2|extra_2_T2|open_2_T2
3/26/25 11:13,3/26/25 11:19,0,100,387,1,3/26/25 11:19,R_1kvlzUvKuHnJQEI,,,,,anonymous,EN,1,6,4,4,2,5,1,7,7,6,6,1,10,1.455,41.306,43.303,2,,6.462,6.462,8.116,1,20,8.582,8.582,11.003,1,0,1.05,1.05,7.111,1,3,7.766,11.137,11.927,3,4,3.553,5.678,6.68,2,5,5.066,7.946,8.003,2,2,1.931,3.473,4.633,3,,,,,,,,,2,5,6,5,6,2,7,1,7,7,6,5,24,2,6,,25,1,3,3,,3,1,Stress,1,FL_35,Description|neuro_1_T1|open_1_T1|open_2_T1|neuro_2_T1|agree_2_T1|agree_1_T1|con_2_T1|extra_2_T1|con_1_T1|extra_1_T1,Description|open_1_T2|open_2_T2|con_1_T2|agree_2_T2|agree_1_T2|con_2_T2|extra_1_T2|neuro_1_T2|neuro_2_T2|extra_2_T2
3/26/25 11:16,3/26/25 11:19,0,100,192,1,3/26/25 11:19,R_5oc0pxNAx4LXDBD,,,,,anonymous,EN,1,4,5,5,5,5,4,5,5,5,6,1,,,,,,,,,,,,,,,,,,,,,,,,,,,,,,,,,,,,,,,,,180,3,67,17,1,5,2,1,1,4,5,5,5,5,5,4,5,5,5,7,24,2,1,,43,1,2,6,,1,0,Nonstress,,FL_36,Description|extra_1_T1|open_2_T1|agree_1_T1|extra_2_T1|neuro_2_T1|open_1_T1|con_2_T1|con_1_T1|neuro_1_T1|agree_2_T1,Description|neuro_1_T2|extra_2_T2|agree_1_T2|con_1_T2|open_1_T2|neuro_2_T2|open_2_T2|agree_2_T2|con_2_T2|extra_1_T2
3/26/25 11:08,3/26/25 11:19,0,100,713,1,3/26/25 11:19,R_5PxsJLVJhLSaWIh,,,,,anonymous,EN,1,7,4,7,1,7,1,7,2,7,7,1,,,,,,,,,,,,,,,,,,,,,,,,,,,,,,,,,,,,,,,,,180,3,67,17,1,5,2,1,1,5,7,4,7,5,7,1,7,3,7,7,24,1,6,,37,1,3,5,,1,0,Nonstress,,FL_36,Description|neuro_1_T1|open_2_T1|extra_1_T1|extra_2_T1|agree_2_T1|open_1_T1|con_2_T1|neuro_2_T1|agree_1_T1|con_1_T1,Description|extra_1_T2|neuro_2_T2|agree_2_T2|agree_1_T2|con_2_T2|open_2_T2|con_1_T2|extra_2_T2|neuro_1_T2|open_1_T2
3/26/25 11:12,3/26/25 11:19,0,100,436,1,3/26/25 11:19,R_59Tbr4A9hm2ZZux,,,,,anonymous,EN,1,5,3,3,6,6,3,6,4,7,5,1,2,25.219,25.219,37.178,1,1,6.29,6.29,8.004,1,12,6.82,6.82,11.002,1,,0,0,7.003,0,4,7.284,11.154,12.173,4,5,5.426,5.426,7.004,1,4,4.8,8.05,8.103,2,2,3.513,3.513,5.017,1,,,,,,,,,5,1,4,3,4,5,5,3,7,4,7,5,24,2,6,,45,1,5,2,,4,2,Stress,2,FL_35,Description|extra_1_T1|open_1_T1|open_2_T1|agree_2_T1|extra_2_T1|con_1_T1|neuro_2_T1|con_2_T1|neuro_1_T1|agree_1_T1,Description|extra_2_T2|neuro_1_T2|open_1_T2|agree_1_T2|agree_2_T2|neuro_2_T2|open_2_T2|con_2_T2|extra_1_T2|con_1_T2
3/26/25 11:13,3/26/25 11:20,0,100,405,1,3/26/25 11:20,R_3v7jO92Qxvry9RB,,,,,anonymous,EN,1,6,5,6,5,5,6,5,5,5,6,1,,,,,,,,,,,,,,,,,,,,,,,,,,,,,,,,,,,,,,,,,40,2,67,17,1,1,1,1,2,4,6,6,6,5,6,6,7,5,6,5,24,2,6,,38,1,3,6,,1,0,Nonstress,,FL_36,Description|open_1_T1|extra_2_T1|extra_1_T1|agree_2_T1|con_2_T1|open_2_T1|agree_1_T1|con_1_T1|neuro_2_T1|neuro_1_T1,Description|agree_2_T2|extra_1_T2|agree_1_T2|con_1_T2|neuro_2_T2|extra_2_T2|open_2_T2|neuro_1_T2|open_1_T2|con_2_T2
3/26/25 11:12,3/26/25 11:20,0,100,482,1,3/26/25 11:20,R_5K0widg2e3kxc1L,,,,,anonymous,EN,1,5,7,5,4,6,1,5,3,3,3,1,,0,0,44.011,0,,6.294,6.294,8.005,1,30,1.717,4.901,7.578,2,0,1.534,1.534,7.006,1,2,8.205,8.205,9.21,1,,0,0,7.106,0,4,4.723,4.723,5.527,1,2,3.67,3.67,4.835,1,,,,,,,,,3,1,5,7,3,7,5,1,5,1,3,3,24,2,6,,57,1,3,4,,1,0,Stress,0,FL_35,Description|extra_1_T1|open_1_T1|con_1_T1|agree_1_T1|extra_2_T1|neuro_1_T1|con_2_T1|neuro_2_T1|open_2_T1|agree_2_T1,Description|con_1_T2|open_1_T2|open_2_T2|extra_2_T2|extra_1_T2|agree_2_T2|neuro_1_T2|neuro_2_T2|agree_1_T2|con_2_T2
3/26/25 11:14,3/26/25 11:20,0,100,361,1,3/26/25 11:20,R_3PgwVQCfo5FfWaK,,,,,anonymous,EN,1,5,6,5,3,6,2,6,5,5,5,1,2,18.714,18.714,37.772,1,,0,0,8.009,0,10,5.782,5.782,11.018,1,,0,0,7.117,0,2,6.918,6.918,8.061,1,,0,0,7.116,0,,0,0,8.015,0,4,3.922,3.922,4.907,1,,,,,,,,,2,4,5,5,5,3,5,3,5,5,5,5,24,2,6,,36,1,4,2,,2,1,Stress,1,FL_35,Description|extra_2_T1|agree_1_T1|neuro_2_T1|agree_2_T1|open_2_T1|con_1_T1|open_1_T1|con_2_T1|extra_1_T1|neuro_1_T1,Description|con_2_T2|neuro_2_T2|extra_1_T2|neuro_1_T2|open_2_T2|open_1_T2|agree_2_T2|con_1_T2|agree_1_T2|extra_2_T2
3/26/25 11:19,3/26/25 11:20,0,100,30,1,3/26/25 11:20,R_7qxAg7myELBjB0B,,,,,anonymous,EN,2,,,,,,,,,,,,,,,,,,,,,,,,,,,,,,,,,,,,,,,,,,,,,,,,,,,,,,,,,,,,,,,,,,,,,,,,,,,,,,,,,,0,,,,,
3/26/25 11:09,3/26/25 11:20,0,100,652,1,3/26/25 11:20,R_5EBkySAIGbzlt4A,,,,,anonymous,EN,1,6,5,6,2,5,1,6,5,7,7,1,,15.529,15.529,44.009,1,,0,0,8.007,0,1,9.862,9.862,11.007,1,,1.88,1.88,7.109,1,1,13.623,13.623,17.008,1,3,4.993,6.126,7.009,2,2,5.861,5.861,8.008,1,1,3.933,3.933,5.003,1,,,,,,,,,5,1,6,2,2,6,6,1,6,2,7,7,24,1,3,,40,1,4,3,,1,1,Stress,1,FL_35,Description|agree_1_T1|neuro_2_T1|con_1_T1|extra_2_T1|open_1_T1|open_2_T1|extra_1_T1|con_2_T1|neuro_1_T1|agree_2_T1,Description|open_1_T2|extra_2_T2|neuro_1_T2|neuro_2_T2|open_2_T2|extra_1_T2|con_2_T2|agree_1_T2|con_1_T2|agree_2_T2
3/26/25 10:53,3/26/25 11:20,0,100,1599,1,3/26/25 11:20,R_6rBeX0RvQ5CopNa,,,,,anonymous,EN,1,5,7,5,3,7,3,6,6,6,7,1,,,,,,,,,,,,,,,,,,,,,,,,,,,,,,,,,,,,,,,,,180,3,67,17,1,5,2,1,2,4,5,7,6,3,6,2,6,7,6,7,24,1,2,,24,1,4,4,,1,0,Nonstress,,FL_36,Description|open_1_T1|neuro_1_T1|agree_2_T1|open_2_T1|extra_1_T1|con_2_T1|con_1_T1|extra_2_T1|agree_1_T1|neuro_2_T1,Description|neuro_2_T2|agree_1_T2|extra_2_T2|neuro_1_T2|con_1_T2|open_1_T2|agree_2_T2|con_2_T2|open_2_T2|extra_1_T2
3/26/25 11:17,3/26/25 11:20,0,100,209,1,3/26/25 11:20,R_5ncGV0nyJJLhCXZ,,,,,anonymous,EN,1,6,4,7,2,7,1,6,7,7,4,1,6,2.577,2.577,18.441,1,,1.159,1.159,8.016,1,30,1.36,1.36,6.182,1,,0.959,6.184,7.016,2,3,1.749,1.749,2.701,1,3,3.068,3.068,3.835,1,4,3.01,3.01,4.235,1,2,2.06,3.092,3.859,2,,,,,,,,,4,2,6,4,7,3,7,1,6,7,7,4,24,2,6,,44,1,6,2,,1,1,Stress,1,FL_35,Description|con_2_T1|extra_2_T1|agree_1_T1|open_1_T1|neuro_1_T1|extra_1_T1|agree_2_T1|open_2_T1|neuro_2_T1|con_1_T1,Description|open_2_T2|con_2_T2|agree_2_T2|neuro_1_T2|agree_1_T2|con_1_T2|open_1_T2|extra_2_T2|neuro_2_T2|extra_1_T2
3/26/25 11:10,3/26/25 11:20,0,100,646,1,3/26/25 11:20,R_7Oxcw78qbKGEJSg,,,,,anonymous,EN,1,7,2,6,2,6,1,7,6,7,5,1,,,,,,,,,,,,,,,,,,,,,,,,,,,,,,,,,,,,,,,,,180,3,67,10,1,5,2,1,2,4,6,1,6,3,6,1,6,5,7,6,24,1,1,,50,2,3,5,,1,0,Nonstress,,FL_36,Description|con_1_T1|neuro_1_T1|open_2_T1|open_1_T1|extra_2_T1|neuro_2_T1|agree_2_T1|agree_1_T1|con_2_T1|extra_1_T1,Description|neuro_1_T2|extra_1_T2|open_1_T2|extra_2_T2|agree_2_T2|agree_1_T2|open_2_T2|con_2_T2|neuro_2_T2|con_1_T2
3/26/25 11:12,3/26/25 11:20,0,100,487,1,3/26/25 11:20,R_7KqBwtCZay3PlDX,,,,,anonymous,EN,1,2,3,5,2,7,4,6,6,3,6,1,,,,,,,,,,,,,,,,,,,,,,,,,,,,,,,,,,,,,,,,,180,3,67,17,1,5,2,1,1,5,2,3,6,1,7,4,6,6,3,7,24,2,6,,60,1,5,5,,2,0,Nonstress,,FL_36,Description|con_1_T1|extra_2_T1|open_1_T1|open_2_T1|neuro_1_T1|agree_1_T1|agree_2_T1|extra_1_T1|neuro_2_T1|con_2_T1,Description|neuro_1_T2|extra_2_T2|neuro_2_T2|con_1_T2|open_1_T2|con_2_T2|agree_2_T2|extra_1_T2|open_2_T2|agree_1_T2
3/26/25 11:13,3/26/25 11:21,0,100,467,1,3/26/25 11:21,R_7f23n933h77aH4M,,,,,anonymous,EN,1,6,5,6,2,6,2,4,4,6,4,1,,0,0,44.118,0,,0,0,8.005,0,18,6.747,6.747,9.789,1,,6.525,6.525,7.105,1,3,11.568,11.568,13.264,1,3,6.931,6.931,7.109,1,2,7.758,7.758,8.003,1,5,4.346,4.346,5.009,1,,,,,,,,,5,1,2,6,2,6,1,6,2,2,2,2,24,1,3,,32,1,3,4,,1,1,Stress,1,FL_35,Description|extra_1_T1|con_1_T1|con_2_T1|neuro_1_T1|agree_2_T1|extra_2_T1|open_2_T1|open_1_T1|agree_1_T1|neuro_2_T1,Description|con_2_T2|open_2_T2|extra_1_T2|open_1_T2|neuro_1_T2|extra_2_T2|agree_1_T2|con_1_T2|neuro_2_T2|agree_2_T2
3/26/25 11:10,3/26/25 11:21,0,100,671,1,3/26/25 11:21,R_5Emoe5tFYQSzln1,,,,,anonymous,EN,1,6,3,6,2,6,2,5,7,6,5,1,,,,,,,,,,,,,,,,,,,,,,,,,,,,,,,,,,,,,,,,,180,3,67,17,1,5,2,1,1,5,6,3,6,2,6,2,5,7,6,5,24,1,2,,29,1,3,4,,2,0,Nonstress,,FL_36,Description|agree_2_T1|extra_2_T1|open_2_T1|con_2_T1|open_1_T1|con_1_T1|agree_1_T1|neuro_2_T1|neuro_1_T1|extra_1_T1,Description|con_2_T2|open_1_T2|con_1_T2|neuro_1_T2|open_2_T2|extra_1_T2|neuro_2_T2|extra_2_T2|agree_2_T2|agree_1_T2
3/26/25 11:07,3/26/25 11:21,0,100,863,1,3/26/25 11:21,R_3pr7LsebqvGwQt5,,,,,anonymous,EN,1,5,4,6,4,6,1,6,7,4,6,1,,21.666,22.441,45.083,2,,0,0,8.011,0,2,10.01,10.01,11.111,1,,0,0,7.012,0,,0,0,17.113,0,,0,0,7.112,0,4,4.941,4.941,7.523,1,,0,0,5.013,0,,,,,,,,,3,2,6,4,4,6,6,2,6,6,4,6,24,2,2,,35,1,3,5,,2,0,Stress,0,FL_35,Description|extra_1_T1|agree_2_T1|neuro_1_T1|neuro_2_T1|con_2_T1|agree_1_T1|con_1_T1|open_1_T1|open_2_T1|extra_2_T1,Description|neuro_1_T2|open_2_T2|neuro_2_T2|con_2_T2|agree_2_T2|extra_1_T2|agree_1_T2|open_1_T2|con_1_T2|extra_2_T2
3/26/25 11:12,3/26/25 11:22,0,100,595,1,3/26/25 11:22,R_1gN6aCVP1Oc1e6q,,,,,anonymous,EN,1,3,5,4,4,4,4,4,4,5,4,1,35,4.811,4.811,36.96,1,25,2.005,2.005,8.011,1,,1.511,1.511,11.11,1,,2.943,2.943,7.108,1,4,2.225,8.156,17.11,2,,0,0,7.112,0,2,3.281,4.235,8.113,2,4,3.731,3.731,5.107,1,,,,,,,,,3,3,4,5,4,4,4,3,5,4,4,4,24,2,6,,23,1,5,4,,2,2,Stress,2,FL_35,Description|open_1_T1|con_2_T1|neuro_2_T1|agree_1_T1|con_1_T1|open_2_T1|agree_2_T1|neuro_1_T1|extra_2_T1|extra_1_T1,Description|neuro_1_T2|neuro_2_T2|agree_1_T2|open_1_T2|extra_1_T2|open_2_T2|con_1_T2|agree_2_T2|extra_2_T2|con_2_T2
3/26/25 11:18,3/26/25 11:22,0,100,233,1,3/26/25 11:22,R_7FQ0tZMAIz1Kgm9,,,,,anonymous,EN,1,5,2,6,5,7,2,2,4,1,5,1,1.8,27.745,38.171,38.536,3,0.05,4.636,6.475,6.774,2,14,5.803,5.803,7.346,1,4,4.899,5.915,7.012,2,4,3.631,6.893,7.303,4,3,4.795,5.238,5.723,3,5,1.608,4.525,4.926,4,2,1.677,2.642,3.05,3,,,,,,,,,2,3,4,4,6,6,5,2,2,3,1,5,24,2,6,,48,1,3,4,,2,3,Stress,3,FL_35,Description|agree_2_T1|extra_1_T1|open_1_T1|neuro_1_T1|open_2_T1|neuro_2_T1|agree_1_T1|con_1_T1|extra_2_T1|con_2_T1,Description|neuro_1_T2|extra_2_T2|agree_2_T2|neuro_2_T2|con_1_T2|agree_1_T2|extra_1_T2|open_1_T2|con_2_T2|open_2_T2
3/26/25 11:16,3/26/25 11:22,0,100,355,1,3/26/25 11:22,R_6FVCWqJ1DXQfvqq,,,,,anonymous,EN,1,3,5,5,3,5,3,5,4,3,4,1,,,,,,,,,,,,,,,,,,,,,,,,,,,,,,,,,,,,,,,,,16.5,2,67,11,1,5,2,1,2,2,3,5,5,3,5,4,5,4,3,4,24,1,6,,76,1,4,3,,4,0,Nonstress,,FL_36,Description|con_2_T1|con_1_T1|open_2_T1|agree_2_T1|open_1_T1|neuro_2_T1|extra_2_T1|extra_1_T1|neuro_1_T1|agree_1_T1,Description|agree_2_T2|neuro_1_T2|con_2_T2|neuro_2_T2|con_1_T2|open_1_T2|open_2_T2|agree_1_T2|extra_2_T2|extra_1_T2
3/26/25 11:16,3/26/25 11:22,0,100,333,1,3/26/25 11:22,R_3pLAXf8MZofFfJl,,,,,anonymous,EN,1,3,5,3,5,5,5,3,5,4,4,1,3,6.462,32.467,44.111,3,10,2.097,2.097,7.721,1,12,8.617,10.503,11.008,2,,1.745,1.745,7.112,1,1,9.747,12.201,13.421,3,3,3.967,3.967,7.137,1,2,2.525,3.603,5.202,2,2,3.387,4.786,5.007,2,,,,,,,,,3,2,3,5,3,5,5,4,3,5,4,4,24,2,6,,39,1,3,4,,3,2,Stress,2,FL_35,Description|open_1_T1|neuro_2_T1|extra_2_T1|con_1_T1|con_2_T1|neuro_1_T1|agree_1_T1|extra_1_T1|agree_2_T1|open_2_T1,Description|extra_1_T2|agree_1_T2|con_1_T2|open_2_T2|neuro_1_T2|con_2_T2|neuro_2_T2|extra_2_T2|open_1_T2|agree_2_T2
3/26/25 11:19,3/26/25 11:22,0,100,179,1,3/26/25 11:22,R_5oZ9vSRTJ47xsLg,,,,,anonymous,EN,1,1,6,2,5,5,3,5,5,5,6,1,,,,,,,,,,,,,,,,,,,,,,,,,,,,,,,,,,,,,,,,,180,3,67,17,1,5,2,1,3,2,1,6,3,5,5,3,5,5,5,6,24,2,7,,42,1,5,3,,4,0,Nonstress,,FL_36,Description|extra_1_T1|extra_2_T1|con_1_T1|open_1_T1|neuro_1_T1|agree_1_T1|neuro_2_T1|open_2_T1|con_2_T1|agree_2_T1,Description|extra_1_T2|con_2_T2|open_2_T2|neuro_1_T2|open_1_T2|con_1_T2|neuro_2_T2|extra_2_T2|agree_1_T2|agree_2_T2
3/26/25 11:17,3/26/25 11:22,0,100,264,1,3/26/25 11:22,R_7zNPmSZYGo0fj57,,,,,anonymous,EN,1,3,3,1,7,6,4,5,2,7,6,1,,,,,,,,,,,,,,,,,,,,,,,,,,,,,,,,,,,,,,,,,180,3,67,17,1,5,2,1,2,2,2,7,1,7,7,3,2,5,5,5,24,2,6,,57,1,3,6,,2,0,Nonstress,,FL_36,Description|extra_2_T1|agree_1_T1|extra_1_T1|open_2_T1|neuro_1_T1|agree_2_T1|neuro_2_T1|con_2_T1|con_1_T1|open_1_T1,Description|neuro_1_T2|con_1_T2|neuro_2_T2|agree_1_T2|extra_2_T2|con_2_T2|open_2_T2|agree_2_T2|open_1_T2|extra_1_T2
3/26/25 11:14,3/26/25 11:22,0,100,466,1,3/26/25 11:22,R_3V1a3Nm2xv5XWwh,,,,,anonymous,EN,1,3,6,2,6,6,4,5,5,6,6,1,3,1.636,1.636,33.274,1,,0,0,8.008,0,,10.285,10.285,11.117,1,,1.224,1.224,7.106,1,3,7.844,7.844,11.93,1,2,5.67,5.67,7.018,1,3,6.51,6.51,8.015,1,4,3.914,3.914,5.006,1,,,,,,,,,4,2,3,7,2,6,5,4,5,5,6,6,24,2,3,,28,1,6,2,,4,1,Stress,1,FL_35,Description|neuro_1_T1|con_2_T1|agree_2_T1|neuro_2_T1|con_1_T1|agree_1_T1|extra_1_T1|extra_2_T1|open_2_T1|open_1_T1,Description|neuro_2_T2|extra_2_T2|con_2_T2|agree_2_T2|extra_1_T2|neuro_1_T2|open_1_T2|agree_1_T2|con_1_T2|open_2_T2
3/26/25 11:16,3/26/25 11:22,0,100,338,1,3/26/25 11:22,R_5G6m4hWIJR2YxBT,,,,,anonymous,EN,1,4,1,6,3,6,4,7,6,7,7,1,,0,0,44.008,0,2.1,3.672,3.672,8.007,1,12,2.641,2.641,7.98,1,,0,0,7.01,0,2,5.01,6.331,17.11,2,3,5.041,6.168,7.008,2,3,4.492,4.492,8.009,1,2,2.862,2.862,5.112,1,,,,,,,,,3,2,5,1,4,5,4,4,7,6,7,7,24,2,6,,61,1,4,5,,3,2,Stress,2,FL_35,Description|agree_2_T1|extra_1_T1|agree_1_T1|open_2_T1|con_1_T1|neuro_1_T1|extra_2_T1|neuro_2_T1|open_1_T1|con_2_T1,Description|neuro_2_T2|agree_1_T2|open_2_T2|extra_2_T2|agree_2_T2|con_2_T2|con_1_T2|extra_1_T2|open_1_T2|neuro_1_T2
3/26/25 11:16,3/26/25 11:22,0,100,361,1,3/26/25 11:22,R_7OkGuRn58NIF4I1,,,,,anonymous,EN,1,6,7,6,1,7,1,5,7,5,6,1,,,,,,,,,,,,,,,,,,,,,,,,,,,,,,,,,,,,,,,,,180,3,67,2,1,5,2,1,1,5,6,7,7,1,7,1,5,7,5,5,24,1,6,,73,1,2,9,,4,0,Nonstress,,FL_36,Description|open_2_T1|agree_2_T1|extra_2_T1|extra_1_T1|agree_1_T1|con_1_T1|con_2_T1|open_1_T1|neuro_1_T1|neuro_2_T1,Description|con_1_T2|agree_2_T2|extra_1_T2|open_2_T2|neuro_1_T2|open_1_T2|extra_2_T2|agree_1_T2|neuro_2_T2|con_2_T2
3/26/25 11:11,3/26/25 11:22,0,100,674,1,3/26/25 11:22,R_1M3qgPYusdoBgxw,,,,,anonymous,EN,1,7,4,7,2,7,1,7,7,7,7,1,,,,,,,,,,,,,,,,,,,,,,,,,,,,,,,,,,,,,,,,,180,3,67,17,1,5,2,1,1,5,7,4,7,1,7,1,7,7,7,7,24,2,2,,67,1,5,3,,2,0,Nonstress,,FL_36,Description|extra_1_T1|agree_2_T1|open_1_T1|agree_1_T1|con_1_T1|con_2_T1|neuro_2_T1|extra_2_T1|neuro_1_T1|open_2_T1,Description|agree_1_T2|open_2_T2|extra_2_T2|extra_1_T2|con_2_T2|open_1_T2|neuro_1_T2|agree_2_T2|con_1_T2|neuro_2_T2
3/26/25 11:18,3/26/25 11:23,0,100,298,1,3/26/25 11:23,R_3rSDGhEkuKe0hlR,,,,,anonymous,EN,1,5,4,4,3,5,3,5,4,6,6,1,1.5,28.021,28.021,32.334,1,1.05,4.535,4.535,8.01,1,12,4.643,4.643,6.809,1,,0,0,7.003,0,,0,0,17.108,0,4,6.108,6.108,7.008,1,3,5.76,5.76,7.071,1,2,2.394,2.394,3.369,1,,,,,,,,,2,2,5,4,4,3,5,3,5,4,6,6,24,2,6,,43,1,4,4,,1,1,Stress,1,FL_35,Description|agree_1_T1|extra_2_T1|con_2_T1|extra_1_T1|con_1_T1|open_2_T1|neuro_1_T1|agree_2_T1|open_1_T1|neuro_2_T1,Description|neuro_1_T2|neuro_2_T2|extra_2_T2|con_2_T2|agree_1_T2|con_1_T2|open_2_T2|agree_2_T2|extra_1_T2|open_1_T2
3/26/25 11:18,3/26/25 11:23,0,100,276,1,3/26/25 11:23,R_1kuGLHaWI7VcrpH,,,,,anonymous,EN,1,3,2,5,2,6,2,3,6,4,6,1,5,3.133,3.133,32.447,1,,1.151,1.151,8.117,1,12,7.9,8.278,10.032,2,,1.11,1.11,6.622,1,3,16.64,16.64,17.008,1,4,5.048,5.048,5.871,1,3,4.875,4.875,5.975,1,2,3.22,3.22,4.436,1,,,,,,,,,5,1,3,5,3,6,3,4,2,3,6,6,24,2,6,,43,1,3,4,,1,1,Stress,1,FL_35,Description|extra_1_T1|con_1_T1|con_2_T1|open_1_T1|open_2_T1|agree_2_T1|neuro_1_T1|agree_1_T1|extra_2_T1|neuro_2_T1,Description|extra_1_T2|con_1_T2|agree_2_T2|neuro_2_T2|neuro_1_T2|extra_2_T2|open_2_T2|open_1_T2|agree_1_T2|con_2_T2
3/26/25 11:20,3/26/25 11:23,0,100,171,1,3/26/25 11:23,R_74eLyCpIzNtgUVC,,,,,anonymous,EN,1,7,1,7,1,7,1,4,7,4,4,1,,,,,,,,,,,,,,,,,,,,,,,,,,,,,,,,,,,,,,,,,260,3,67,5,1,5,2,1,1,3,7,1,7,1,7,1,4,7,4,4,24,1,6,,44,1,3,6,,1,0,Nonstress,,FL_36,Description|con_1_T1|extra_2_T1|con_2_T1|extra_1_T1|agree_2_T1|agree_1_T1|neuro_1_T1|open_1_T1|neuro_2_T1|open_2_T1,Description|con_2_T2|extra_1_T2|agree_2_T2|neuro_1_T2|extra_2_T2|open_2_T2|open_1_T2|con_1_T2|neuro_2_T2|agree_1_T2
3/26/25 11:01,3/26/25 11:23,0,100,1308,1,3/26/25 11:23,R_6g5qY01k3Edgd4k,,,,,anonymous,EN,1,2,4,3,6,4,4,4,4,4,4,1,,,,,,,,,,,,,,,,,,,,,,,,,,,,,,,,,,,,,,,,,25,2,67,11,1,5,2,1,2,3,1,4,3,5,4,4,5,3,7,4,24,2,2,,29,1,6,2,,4,0,Nonstress,,FL_36,Description|con_2_T1|neuro_1_T1|con_1_T1|extra_1_T1|open_2_T1|neuro_2_T1|agree_2_T1|extra_2_T1|open_1_T1|agree_1_T1,Description|agree_1_T2|neuro_1_T2|open_1_T2|extra_2_T2|neuro_2_T2|extra_1_T2|con_2_T2|agree_2_T2|con_1_T2|open_2_T2
3/26/25 11:10,3/26/25 11:23,0,100,766,1,3/26/25 11:23,R_6gHhw2TxurdhsmE,,,,,anonymous,EN,1,7,7,7,7,7,7,7,7,7,7,1,,0,0,44.104,0,30,3.187,3.187,6.211,1,20,8.257,8.257,10.851,1,,3.184,3.184,7.11,1,5,5.407,5.407,6.839,1,5,5.577,5.577,7.014,1,1,2.082,3.489,3.996,2,5,4.067,4.067,5.114,1,,,,,,,,,5,1,7,7,7,7,7,7,7,7,7,7,24,2,6,,32,1,1,6,,1,0,Stress,0,FL_35,Description|neuro_1_T1|extra_2_T1|neuro_2_T1|con_1_T1|agree_1_T1|agree_2_T1|open_1_T1|open_2_T1|con_2_T1|extra_1_T1,Description|con_1_T2|extra_1_T2|con_2_T2|open_1_T2|open_2_T2|extra_2_T2|neuro_1_T2|agree_1_T2|agree_2_T2|neuro_2_T2
3/26/25 11:16,3/26/25 11:23,0,100,403,1,3/26/25 11:23,R_6P5qVTz6RaZbcKW,,,,,anonymous,EN,1,6,3,6,3,6,3,6,7,5,5,1,,,,,,,,,,,,,,,,,,,,,,,,,,,,,,,,,,,,,,,,,160,2,67,17,1,5,2,1,1,3,5,3,6,2,5,3,6,7,5,5,24,2,6,,30,1,3,4,,2,0,Nonstress,,FL_36,Description|extra_1_T1|open_1_T1|neuro_1_T1|agree_2_T1|open_2_T1|neuro_2_T1|con_1_T1|extra_2_T1|agree_1_T1|con_2_T1,Description|open_2_T2|agree_2_T2|con_1_T2|open_1_T2|neuro_1_T2|neuro_2_T2|con_2_T2|agree_1_T2|extra_1_T2|extra_2_T2
3/26/25 11:19,3/26/25 11:23,0,100,238,1,3/26/25 11:23,R_3liYlm1LegizBgT,,,,,anonymous,EN,1,3,4,2,4,6,5,3,3,4,6,1,,,,,,,,,,,,,,,,,,,,,,,,,,,,,,,,,,,,,,,,,180,3,67,17,1,5,2,1,1,4,3,4,2,4,6,5,3,4,4,6,24,1,6,,33,1,5,3,,1,0,Nonstress,,FL_36,Description|open_1_T1|agree_1_T1|con_2_T1|extra_1_T1|open_2_T1|neuro_1_T1|extra_2_T1|con_1_T1|agree_2_T1|neuro_2_T1,Description|extra_1_T2|open_1_T2|con_2_T2|con_1_T2|open_2_T2|agree_2_T2|neuro_1_T2|agree_1_T2|neuro_2_T2|extra_2_T2
3/26/25 11:16,3/26/25 11:23,0,100,387,1,3/26/25 11:23,R_6lELfFfJIbxyZtd,,,,,anonymous,EN,1,2,6,6,1,7,1,5,4,6,3,1,30,11.152,11.152,16.246,1,0.1,5.407,5.407,8.013,1,10,1.565,1.565,8.419,1,0,1.897,1.897,6.745,1,1,7.205,7.205,8.954,1,2,5.274,5.274,7.121,1,2,5.642,5.642,7.064,1,2,3.866,3.866,5.008,1,,,,,,,,,1,3,2,6,6,1,1,2,6,4,6,6,24,2,7,,32,1,3,3,,1,0,Stress,0,FL_35,Description|open_1_T1|neuro_1_T1|open_2_T1|agree_2_T1|agree_1_T1|con_2_T1|con_1_T1|neuro_2_T1|extra_1_T1|extra_2_T1,Description|neuro_1_T2|con_2_T2|extra_2_T2|open_1_T2|open_2_T2|agree_2_T2|con_1_T2|neuro_2_T2|extra_1_T2|agree_1_T2
3/26/25 11:18,3/26/25 11:23,0,100,296,1,3/26/25 11:23,R_1iU6xSHFWvg7nWp,,,,,anonymous,EN,1,2,4,3,6,7,1,7,2,7,7,1,20,5.798,5.798,34.122,1,10,1.784,1.784,7.033,1,,1.262,1.262,11.009,1,0,1.306,1.306,6.219,1,4,6.711,6.711,7.145,1,5,3.999,3.999,4.558,1,3,5,5,5.499,1,2,3.488,3.488,4,1,,,,,,,,,4,1,2,4,3,6,7,1,7,1,7,7,24,2,7,,35,1,6,2,,4,1,Stress,1,FL_35,Description|agree_1_T1|neuro_1_T1|extra_1_T1|agree_2_T1|con_1_T1|open_2_T1|extra_2_T1|neuro_2_T1|open_1_T1|con_2_T1,Description|agree_1_T2|neuro_1_T2|extra_1_T2|agree_2_T2|open_1_T2|con_1_T2|neuro_2_T2|con_2_T2|open_2_T2|extra_2_T2
3/26/25 11:10,3/26/25 11:23,0,100,782,1,3/26/25 11:23,R_5NtzHqcPYS6hdHX,,,,,anonymous,EN,1,6,3,6,3,4,2,6,2,6,5,1,,36.384,36.384,44.135,1,,6.692,6.692,8.131,1,20,5.012,5.012,8.031,1,,0,0,7.027,0,2,9.25,9.25,11.049,1,3,6.48,6.48,7.121,1,4,6.029,6.029,8.036,1,3,3.568,3.568,5.035,1,,,,,,,,,4,2,3,6,3,6,3,5,5,3,5,5,24,1,2,,56,1,4,4,,1,1,Stress,1,FL_35,Description|open_2_T1|extra_2_T1|open_1_T1|agree_1_T1|neuro_1_T1|con_2_T1|con_1_T1|neuro_2_T1|agree_2_T1|extra_1_T1,Description|extra_1_T2|extra_2_T2|con_2_T2|neuro_2_T2|agree_2_T2|neuro_1_T2|open_2_T2|con_1_T2|agree_1_T2|open_1_T2
3/26/25 11:20,3/26/25 11:24,0,100,214,1,3/26/25 11:24,R_52PXNzlZz9kJZAf,,,,,anonymous,EN,1,2,5,2,3,3,6,3,4,3,4,1,,,,,,,,,,,,,,,,,,,,,,,,,,,,,,,,,,,,,,,,,200,3,67,19,1,5,2,1,1,3,3,5,3,5,3,6,3,4,3,4,24,1,6,,61,1,4,10,,2,0,Nonstress,,FL_36,Description|agree_2_T1|neuro_2_T1|con_2_T1|extra_2_T1|extra_1_T1|open_2_T1|agree_1_T1|open_1_T1|con_1_T1|neuro_1_T1,Description|con_1_T2|neuro_2_T2|extra_1_T2|con_2_T2|agree_1_T2|agree_2_T2|neuro_1_T2|extra_2_T2|open_2_T2|open_1_T2
3/26/25 11:17,3/26/25 11:24,0,100,390,1,3/26/25 11:24,R_6U5fjr7BSNUArhY,,,,,anonymous,EN,1,4,4,5,3,6,3,5,3,7,5,1,,,,,,,,,,,,,,,,,,,,,,,,,,,,,,,,,,,,,,,,,180,2,67,17,1,5,2,1,1,3,5,4,6,3,5,3,5,3,7,5,24,2,7,,53,1,5,4,,4,0,Nonstress,,FL_36,Description|con_2_T1|agree_1_T1|extra_2_T1|open_2_T1|neuro_1_T1|agree_2_T1|open_1_T1|extra_1_T1|neuro_2_T1|con_1_T1,Description|extra_1_T2|con_1_T2|con_2_T2|agree_1_T2|open_2_T2|neuro_1_T2|open_1_T2|neuro_2_T2|agree_2_T2|extra_2_T2
3/26/25 11:15,3/26/25 11:24,0,100,574,1,3/26/25 11:24,R_5bWC18BO2EHnyYa,,,,,anonymous,EN,1,3,7,4,5,5,5,3,2,7,6,1,,,,,,,,,,,,,,,,,,,,,,,,,,,,,,,,,,,,,,,,,180,3,67,11,1,5,2,1,3,2,3,7,4,5,5,6,2,2,7,6,24,1,2,,46,1,5,3,,3,0,Nonstress,,FL_36,Description|extra_2_T1|neuro_2_T1|extra_1_T1|neuro_1_T1|open_2_T1|con_1_T1|con_2_T1|agree_2_T1|agree_1_T1|open_1_T1,Description|neuro_2_T2|agree_2_T2|con_2_T2|open_2_T2|con_1_T2|agree_1_T2|open_1_T2|extra_2_T2|extra_1_T2|neuro_1_T2
3/26/25 11:17,3/26/25 11:24,0,100,444,1,3/26/25 11:24,R_67rDS5ztNTmh04J,,,,,anonymous,EN,1,6,4,4,4,6,2,5,3,7,7,1,,,,,,,,,,,,,,,,,,,,,,,,,,,,,,,,,,,,,,,,,160,3,67,2,1,5,2,1,2,4,6,5,3,5,6,2,5,3,5,5,24,2,6,,50,1,5,4,,2,0,Nonstress,,FL_36,Description|open_2_T1|extra_1_T1|con_2_T1|con_1_T1|agree_1_T1|neuro_1_T1|extra_2_T1|agree_2_T1|open_1_T1|neuro_2_T1,Description|neuro_1_T2|neuro_2_T2|agree_2_T2|con_1_T2|extra_2_T2|open_2_T2|open_1_T2|con_2_T2|agree_1_T2|extra_1_T2
3/26/25 11:17,3/26/25 11:24,0,100,448,1,3/26/25 11:24,R_6PlZ2g00fwUDVrr,,,,,anonymous,EN,1,5,2,6,6,7,2,5,5,7,6,1,,,,,,,,,,,,,,,,,,,,,,,,,,,,,,,,,,,,,,,,,180,,67,5,1,3,2,1,2,4,5,2,3,6,5,2,6,6,7,6,24,2,6,,57,1,3,6,,1,0,Nonstress,,FL_36,Description|agree_1_T1|agree_2_T1|extra_2_T1|con_2_T1|open_1_T1|extra_1_T1|neuro_2_T1|con_1_T1|open_2_T1|neuro_1_T1,Description|agree_1_T2|agree_2_T2|open_1_T2|con_1_T2|neuro_2_T2|open_2_T2|extra_2_T2|con_2_T2|neuro_1_T2|extra_1_T2
3/26/25 11:18,3/26/25 11:25,0,100,375,1,3/26/25 11:25,R_1I9gA3hrOOc9P2h,,,,,anonymous,EN,1,3,5,3,6,5,4,5,5,3,5,1,,,,,,,,,,,,,,,,,,,,,,,,,,,,,,,,,,,,,,,,,55,2,67,6,1,1,2,1,1,5,5,4,5,5,5,4,4,6,5,4,24,1,2,,34,1,3,4,,1,0,Nonstress,,FL_36,Description|neuro_1_T1|extra_2_T1|neuro_2_T1|extra_1_T1|open_1_T1|con_2_T1|open_2_T1|agree_2_T1|agree_1_T1|con_1_T1,Description|con_1_T2|extra_1_T2|agree_1_T2|neuro_1_T2|neuro_2_T2|con_2_T2|extra_2_T2|agree_2_T2|open_1_T2|open_2_T2
3/26/25 11:19,3/26/25 11:25,0,100,376,1,3/26/25 11:25,R_3k7ZNQdsPOIHLX7,,,,,anonymous,EN,1,4,6,4,2,5,4,3,3,5,6,1,,,,,,,,,,,,,,,,,,,,,,,,,,,,,,,,,,,,,,,,,180,3,67,17,1,5,2,1,1,5,4,6,4,2,5,4,3,3,5,6,24,1,3,,30,1,4,4,,1,0,Nonstress,,FL_36,Description|agree_1_T1|con_1_T1|neuro_2_T1|con_2_T1|extra_2_T1|extra_1_T1|open_1_T1|agree_2_T1|neuro_1_T1|open_2_T1,Description|open_1_T2|open_2_T2|agree_1_T2|agree_2_T2|neuro_1_T2|con_1_T2|con_2_T2|extra_2_T2|extra_1_T2|neuro_2_T2
3/26/25 11:14,3/26/25 11:25,0,100,638,1,3/26/25 11:25,R_5zRMnxvC29tY6MD,,,,,anonymous,EN,1,6,3,6,3,7,2,6,5,5,5,1,,,,,,,,,,,,,,,,,,,,,,,,,,,,,,,,,,,,,,,,,180,3,67,17,1,5,2,1,2,3,6,3,7,2,6,1,6,6,6,6,24,1,2,,27,1,3,5,,2,0,Nonstress,,FL_36,Description|extra_1_T1|agree_2_T1|con_2_T1|agree_1_T1|open_1_T1|neuro_2_T1|open_2_T1|neuro_1_T1|extra_2_T1|con_1_T1,Description|con_2_T2|agree_1_T2|agree_2_T2|extra_1_T2|con_1_T2|neuro_2_T2|neuro_1_T2|extra_2_T2|open_2_T2|open_1_T2
3/26/25 11:19,3/26/25 11:25,0,100,328,1,3/26/25 11:25,R_7orHcYRObcV7tiF,,,,,anonymous,EN,1,4,4,4,4,4,2,4,4,4,3,1,2.5,2.334,2.334,6.997,1,5,0.991,5.988,8.022,2,12,1.032,8.466,11.115,4,2,0.622,2.485,2.735,2,4,2.218,3.291,3.401,2,3,6.002,6.002,7.015,1,5,4.023,5.095,5.35,2,4,4.02,4.02,5.118,1,,,,,,,,,1,5,4,4,4,4,4,1,4,4,4,4,twenty-four,1,6,,33,1,3,4,,1,7,Stress,7,FL_35,Description|agree_2_T1|neuro_2_T1|con_2_T1|extra_2_T1|con_1_T1|open_2_T1|agree_1_T1|extra_1_T1|open_1_T1|neuro_1_T1,Description|extra_1_T2|extra_2_T2|con_2_T2|agree_1_T2|agree_2_T2|neuro_2_T2|open_2_T2|open_1_T2|neuro_1_T2|con_1_T2
3/26/25 11:19,3/26/25 11:25,0,100,329,1,3/26/25 11:25,R_5OYZyfkBzkLIcWn,,,,,anonymous,EN,1,4,1,5,1,5,1,6,4,7,5,1,,0,0,44.073,0,,0,0,8.011,0,,0,0,11.022,0,3,3.701,5.72,6.296,2,3,3.258,5.781,6.424,2,,0,0,7.005,0,,0,0,8.04,0,,0,0,5.143,0,,,,,,,,,1,4,7,1,6,1,6,1,7,7,7,7,24,1,6,,33,1,4,3,,1,0,Stress,0,FL_35,Description|extra_1_T1|con_1_T1|open_2_T1|open_1_T1|agree_1_T1|neuro_1_T1|agree_2_T1|neuro_2_T1|con_2_T1|extra_2_T1,Description|con_1_T2|open_1_T2|open_2_T2|agree_2_T2|agree_1_T2|extra_1_T2|con_2_T2|neuro_2_T2|neuro_1_T2|extra_2_T2
3/26/25 11:19,3/26/25 11:25,0,100,337,1,3/26/25 11:25,R_57jkP7jmaEwYTXe,,,,,anonymous,EN,1,5,5,4,2,7,2,6,4,5,7,1,,0,0,44.01,0,,3.151,3.151,8.007,1,,10.727,10.727,11.011,1,,0,0,7.01,0,4,12.923,12.923,15.584,1,3,6.861,6.861,7.01,1,2,5.67,5.67,7.988,1,2,3.019,3.019,4.293,1,,,,,,,,,2,3,5,5,5,3,7,2,6,4,6,7,24,2,3,,43,1,4,3,,1,2,Stress,2,FL_35,Description|neuro_1_T1|open_2_T1|con_1_T1|extra_1_T1|agree_2_T1|neuro_2_T1|extra_2_T1|con_2_T1|open_1_T1|agree_1_T1,Description|con_2_T2|extra_2_T2|agree_1_T2|extra_1_T2|con_1_T2|open_1_T2|open_2_T2|agree_2_T2|neuro_1_T2|neuro_2_T2
3/26/25 11:19,3/26/25 11:25,0,100,379,1,3/26/25 11:25,R_5nAimfKZWc96Zbk,,,,,anonymous,EN,1,6,6,5,6,7,2,6,6,5,6,1,,,,,,,,,,,,,,,,,,,,,,,,,,,,,,,,,,,,,,,,,180,3,67,17,1,5,2,1,2,5,6,6,6,2,6,2,6,6,6,6,24,1,2,,41,1,3,5,,2,0,Nonstress,,FL_36,Description|extra_1_T1|open_1_T1|neuro_2_T1|agree_2_T1|open_2_T1|neuro_1_T1|agree_1_T1|con_2_T1|con_1_T1|extra_2_T1,Description|open_2_T2|neuro_1_T2|agree_1_T2|neuro_2_T2|agree_2_T2|open_1_T2|extra_1_T2|con_2_T2|con_1_T2|extra_2_T2
3/26/25 11:19,3/26/25 11:26,0,100,423,1,3/26/25 11:26,R_7KrUxGrRw7Zaenk,,,,,anonymous,EN,1,3,7,4,5,4,3,3,2,2,2,1,5,20.252,20.252,39.118,1,,0,0,7.889,0,10,3.805,7.931,10.4,2,,0,0,6.101,0,1,5.3,5.3,6.597,1,5,4.808,4.808,5.884,1,3,5.97,5.97,6.98,1,2,2.222,2.222,3.14,1,,,,,,,,,2,2,4,7,4,5,4,3,4,2,2,2,24,1,6,,52,1,6,2,,3,0,Stress,0,FL_35,Description|neuro_2_T1|agree_1_T1|extra_2_T1|agree_2_T1|con_2_T1|open_1_T1|open_2_T1|extra_1_T1|con_1_T1|neuro_1_T1,Description|neuro_1_T2|neuro_2_T2|agree_1_T2|con_2_T2|agree_2_T2|extra_1_T2|open_1_T2|con_1_T2|extra_2_T2|open_2_T2
3/26/25 11:21,3/26/25 11:26,0,100,263,1,3/26/25 11:26,R_1c7cy7K4rtjcR9A,,,,,anonymous,EN,1,3,7,5,5,6,2,4,3,5,7,1,,0,0,44.164,0,,4.089,4.235,8.013,2,12,4.763,4.938,8.034,2,,0,0,7.076,0,3,8.353,8.54,9.427,2,4,6.117,6.834,7.012,4,2,4.854,5.063,6.051,2,2,2.633,2.81,3.5,2,,,,,,,,,4,2,3,6,3,7,3,2,4,3,3,3,24,2,6,,32,1,5,4,,1,1,Stress,1,FL_35,Description|open_1_T1|agree_2_T1|agree_1_T1|con_1_T1|open_2_T1|neuro_1_T1|neuro_2_T1|con_2_T1|extra_1_T1|extra_2_T1,Description|agree_2_T2|con_1_T2|open_2_T2|con_2_T2|extra_2_T2|open_1_T2|neuro_2_T2|neuro_1_T2|extra_1_T2|agree_1_T2
3/26/25 11:19,3/26/25 11:26,0,100,430,1,3/26/25 11:26,R_3f1O6onbnWuaCEt,,,,,anonymous,EN,1,5,3,5,3,6,5,6,3,3,7,1,1,1.696,1.696,44.118,1,,0,0,8.107,0,,0,0,11.004,0,,0,0,7.107,0,3,15.756,16.208,17.117,2,4,5.427,5.427,7.105,1,3,4.969,4.969,8.108,1,2,2.4,2.4,5.005,1,,,,,,,,,4,2,4,5,3,6,2,4,4,4,3,3,24,2,3,,31,1,3,6,,1,0,Stress,0,FL_35,Description|open_1_T1|neuro_2_T1|con_2_T1|extra_2_T1|extra_1_T1|neuro_1_T1|con_1_T1|agree_1_T1|open_2_T1|agree_2_T1,Description|con_1_T2|con_2_T2|open_1_T2|neuro_1_T2|extra_1_T2|extra_2_T2|agree_2_T2|open_2_T2|agree_1_T2|neuro_2_T2
3/26/25 11:07,3/26/25 11:26,0,100,1162,1,3/26/25 11:26,R_1324EqxfLj0CcgR,,,,,anonymous,EN,1,6,4,7,2,6,1,6,6,7,7,1,,,,,,,,,,,,,,,,,,,,,,,,,,,,,,,,,,,,,,,,,180,3,67,17,1,5,2,1,1,5,7,4,6,2,7,1,7,6,7,7,24,1,6,,24,1,3,4,,1,0,Nonstress,,FL_36,Description|neuro_2_T1|agree_1_T1|extra_2_T1|neuro_1_T1|open_2_T1|extra_1_T1|open_1_T1|con_2_T1|agree_2_T1|con_1_T1,Description|agree_2_T2|open_2_T2|extra_1_T2|neuro_1_T2|neuro_2_T2|extra_2_T2|con_1_T2|agree_1_T2|con_2_T2|open_1_T2
3/26/25 11:19,3/26/25 11:26,0,100,425,1,3/26/25 11:26,R_3OdrARtG28YkBm9,,,,,anonymous,EN,1,5,3,3,2,7,2,5,3,7,6,1,,,,,,,,,,,,,,,,,,,,,,,,,,,,,,,,,,,,,,,,,180,3,67,5,1,5,2,1,1,4,5,3,3,2,7,2,5,3,7,7,24,1,6,,51,1,5,2,,1,0,Nonstress,,FL_36,Description|extra_1_T1|agree_1_T1|open_2_T1|con_1_T1|extra_2_T1|neuro_2_T1|con_2_T1|neuro_1_T1|agree_2_T1|open_1_T1,Description|open_2_T2|con_2_T2|agree_1_T2|extra_2_T2|neuro_1_T2|agree_2_T2|neuro_2_T2|extra_1_T2|con_1_T2|open_1_T2
3/26/25 11:21,3/26/25 11:26,0,100,307,1,3/26/25 11:26,R_7wWaO3ug5W6Hstj,,,,,anonymous,EN,1,6,5,5,1,7,1,7,6,6,6,1,,,,,,,,,,,,,,,,,,,,,,,,,,,,,,,,,,,,,,,,,180,3,67,5,1,5,2,1,1,4,7,6,6,2,7,1,7,6,6,6,24,1,6,,61,1,5,2,,1,0,Nonstress,,FL_36,Description|neuro_2_T1|con_2_T1|extra_1_T1|open_1_T1|extra_2_T1|neuro_1_T1|agree_2_T1|con_1_T1|agree_1_T1|open_2_T1,Description|extra_1_T2|neuro_1_T2|con_2_T2|agree_1_T2|open_1_T2|open_2_T2|neuro_2_T2|extra_2_T2|agree_2_T2|con_1_T2
3/26/25 11:22,3/26/25 11:26,0,100,284,1,3/26/25 11:26,R_1wc6fN8LY2yduxc,,,,,anonymous,EN,1,5,5,5,3,3,5,6,5,7,7,1,,,,,,,,,,,,,,,,,,,,,,,,,,,,,,,,,,,,,,,,,180,3,67,17,1,5,2,1,2,4,5,5,3,3,3,5,6,5,7,7,24,1,6,,32,1,5,3,,1,0,Nonstress,,FL_36,Description|open_2_T1|agree_1_T1|con_1_T1|con_2_T1|neuro_1_T1|agree_2_T1|extra_2_T1|extra_1_T1|neuro_2_T1|open_1_T1,Description|con_1_T2|open_2_T2|agree_1_T2|agree_2_T2|neuro_1_T2|con_2_T2|neuro_2_T2|extra_1_T2|open_1_T2|extra_2_T2
3/26/25 11:22,3/26/25 11:26,0,100,274,1,3/26/25 11:26,R_6zjzrrgWYgA5aO5,,,,,anonymous,EN,1,5,4,4,3,6,4,5,6,6,6,1,,6.589,20.716,44.107,2,0.1,4.054,4.054,8.002,1,20,2.048,2.048,9.215,1,,0,0,7.002,0,3,1.584,6.288,7.074,5,5,4.142,4.142,4.88,1,2,4.252,5.795,6.62,2,2,3.733,3.733,4.461,1,,,,,,,,,4,1,4,7,1,6,5,2,4,3,3,5,24,2,6,,45,1,3,2,,3,0,Stress,0,FL_35,Description|open_2_T1|agree_1_T1|con_2_T1|neuro_1_T1|open_1_T1|neuro_2_T1|extra_2_T1|extra_1_T1|con_1_T1|agree_2_T1,Description|open_2_T2|agree_2_T2|con_1_T2|neuro_1_T2|extra_2_T2|neuro_2_T2|open_1_T2|extra_1_T2|con_2_T2|agree_1_T2
3/26/25 11:21,3/26/25 11:26,0,100,307,1,3/26/25 11:26,R_5IoOTxTAnuXwzhT,,,,,anonymous,EN,1,3,3,4,5,5,4,6,5,5,6,1,4,16.235,16.235,44.015,1,,0,0,8.003,0,10,2.232,2.232,11.006,1,,0,0,7.008,0,3,15.036,15.036,17.112,1,3,6.592,6.592,7.106,1,2,4.512,4.512,8.006,1,2,3.854,3.854,5.109,1,,,,,,,,,4,1,3,6,3,6,3,4,5,4,4,5,24,2,6,,50,1,3,4,,1,2,Stress,2,FL_35,Description|open_2_T1|con_2_T1|agree_2_T1|open_1_T1|neuro_1_T1|con_1_T1|neuro_2_T1|extra_2_T1|extra_1_T1|agree_1_T1,Description|extra_2_T2|con_2_T2|extra_1_T2|agree_1_T2|con_1_T2|neuro_2_T2|open_2_T2|neuro_1_T2|open_1_T2|agree_2_T2
3/26/25 11:20,3/26/25 11:26,0,100,372,1,3/26/25 11:27,R_6xSoTC5nAtkCHaU,,,,,anonymous,EN,1,4,5,3,2,7,1,6,5,5,6,1,,,,,,,,,,,,,,,,,,,,,,,,,,,,,,,,,,,,,,,,,180,3,67,17,1,5,2,1,1,5,4,5,3,2,7,1,6,5,6,6,24,1,6,,33,1,2,4,,1,0,Nonstress,,FL_36,Description|agree_2_T1|con_1_T1|open_1_T1|agree_1_T1|neuro_2_T1|extra_1_T1|extra_2_T1|open_2_T1|neuro_1_T1|con_2_T1,Description|open_2_T2|extra_1_T2|con_2_T2|neuro_1_T2|extra_2_T2|agree_2_T2|agree_1_T2|open_1_T2|con_1_T2|neuro_2_T2
3/26/25 11:21,3/26/25 11:27,0,100,346,1,3/26/25 11:27,R_3EsqCVuSyfRfI67,,,,,anonymous,EN,1,5,6,6,3,4,3,3,5,6,7,1,1.5,34.133,34.133,37.426,1,,0,0,8.005,0,,0,0,11.003,0,,0,0,7.004,0,3,7.321,7.321,8.775,1,3,5.18,5.18,7.003,1,3,5.2,5.2,7.177,1,2,3.79,3.79,5.103,1,,,,,,,,,2,3,5,6,5,3,4,3,3,4,6,7,24,2,6,,53,1,3,6,,1,1,Stress,1,FL_35,Description|agree_2_T1|con_2_T1|extra_2_T1|extra_1_T1|open_1_T1|agree_1_T1|open_2_T1|neuro_1_T1|neuro_2_T1|con_1_T1,Description|neuro_2_T2|extra_2_T2|extra_1_T2|open_1_T2|agree_2_T2|agree_1_T2|con_2_T2|con_1_T2|open_2_T2|neuro_1_T2
3/26/25 11:22,3/26/25 11:27,0,100,313,1,3/26/25 11:27,R_7ghc6nCIAiJGVVk,,,,,anonymous,EN,1,2,6,3,3,4,1,6,7,7,6,1,2,1.057,1.057,36.162,1,,0.821,7.652,8.004,2,2,0.869,0.869,9.185,1,,0.865,1.426,7.005,2,3,3.526,3.526,4.732,1,2,3.391,5.398,6.637,3,1,3.664,5.126,5.892,2,4,2.432,2.432,3.215,1,,,,,,,,,4,2,2,7,4,5,5,2,6,7,6,6,24,2,1,,23,1,5,4,,1,1,Stress,1,FL_35,Description|agree_1_T1|neuro_1_T1|extra_1_T1|agree_2_T1|extra_2_T1|con_1_T1|open_2_T1|open_1_T1|neuro_2_T1|con_2_T1,Description|neuro_2_T2|extra_2_T2|con_2_T2|con_1_T2|extra_1_T2|open_2_T2|neuro_1_T2|agree_2_T2|open_1_T2|agree_1_T2
3/26/25 11:22,3/26/25 11:27,0,100,327,1,3/26/25 11:27,R_3tF0NdrcxtHEoh3,,,,,anonymous,EN,1,3,3,5,1,5,1,5,7,3,5,1,,,,,,,,,,,,,,,,,,,,,,,,,,,,,,,,,,,,,,,,,180,3,67,17,1,5,2,1,1,4,3,3,6,1,6,1,3,6,3,5,24,1,6,,28,1,2,4,,1,0,Nonstress,,FL_36,Description|agree_2_T1|agree_1_T1|neuro_2_T1|neuro_1_T1|open_1_T1|extra_1_T1|extra_2_T1|con_1_T1|open_2_T1|con_2_T1,Description|open_2_T2|neuro_1_T2|agree_1_T2|con_1_T2|con_2_T2|open_1_T2|extra_2_T2|neuro_2_T2|extra_1_T2|agree_2_T2
3/26/25 11:12,3/26/25 11:27,0,100,905,1,3/26/25 11:27,R_6zXs0sHXhfXAwHT,,,,,anonymous,EN,1,5,6,5,6,6,6,6,6,6,6,1,,5.878,6.457,44.116,2,2,1.644,1.644,8.076,1,20,1.735,1.735,7.55,1,,2.293,2.293,4.958,1,2,3.205,3.205,5.476,1,,0,0,7.019,0,4,3.95,3.95,4.797,1,4,2.912,2.912,4.189,1,,,,,,,,,2,4,5,6,6,7,7,6,6,6,7,7,24,2,6,,29,1,3,6,,1,1,Stress,1,FL_35,Description|neuro_1_T1|open_1_T1|con_1_T1|open_2_T1|extra_1_T1|extra_2_T1|con_2_T1|agree_1_T1|neuro_2_T1|agree_2_T1,Description|extra_1_T2|open_1_T2|neuro_1_T2|con_1_T2|con_2_T2|agree_2_T2|neuro_2_T2|extra_2_T2|agree_1_T2|open_2_T2
3/26/25 11:23,3/26/25 11:27,0,100,272,1,3/26/25 11:27,R_71lS8T1tuHdVrLr,,,,,anonymous,EN,1,6,3,6,2,6,3,6,6,6,7,1,,,,,,,,,,,,,,,,,,,,,,,,,,,,,,,,,,,,,,,,,180,3,67,17,1,5,2,1,1,4,3,5,6,1,6,2,6,7,6,6,24,1,6,,26,1,3,6,,2,0,Nonstress,,FL_36,Description|open_1_T1|agree_1_T1|con_2_T1|neuro_2_T1|agree_2_T1|neuro_1_T1|con_1_T1|extra_1_T1|extra_2_T1|open_2_T1,Description|neuro_2_T2|agree_2_T2|extra_1_T2|neuro_1_T2|open_2_T2|con_2_T2|open_1_T2|extra_2_T2|con_1_T2|agree_1_T2
3/26/25 11:22,3/26/25 11:27,0,100,305,1,3/26/25 11:27,R_37YAo7WTYrUYxyh,,,,,anonymous,EN,1,6,5,5,5,7,2,3,5,2,6,1,3,1.295,1.295,35.227,1,0.05,1.246,1.246,5.172,1,12,0.796,1.035,7.704,2,,0.649,0.649,7.009,1,5,12.669,14.085,14.417,2,,0,0,7.112,0,3,4.412,4.412,5.607,1,2,1.821,2.077,3.425,2,,,,,,,,,2,4,6,2,5,6,7,1,2,5,2,6,24,2,6,,29,2,2,4,,1,1,Stress,1,FL_35,Description|agree_1_T1|con_1_T1|con_2_T1|open_2_T1|agree_2_T1|open_1_T1|extra_1_T1|extra_2_T1|neuro_1_T1|neuro_2_T1,Description|extra_2_T2|open_2_T2|neuro_1_T2|con_2_T2|neuro_2_T2|open_1_T2|agree_1_T2|con_1_T2|agree_2_T2|extra_1_T2
3/26/25 11:19,3/26/25 11:27,0,100,487,1,3/26/25 11:27,R_7exzDjQgEDbgdlp,,,,,anonymous,EN,1,6,4,5,3,7,1,6,4,7,6,1,15,1.71,36.121,37.305,3,0,1.742,1.742,8.017,1,4,1.335,1.335,11.023,1,0,4.857,4.857,6.448,1,2,1.256,16.121,16.965,6,5,4.824,6.827,7.123,3,1,4.349,7.719,8.015,6,2,3.307,4.768,5.018,2,,,,,,,,,4,2,4,5,4,5,7,2,7,2,6,5,24,2,6,,61,1,3,6,,1,0,Stress,0,FL_35,Description|con_1_T1|extra_2_T1|open_1_T1|open_2_T1|neuro_2_T1|extra_1_T1|neuro_1_T1|agree_2_T1|agree_1_T1|con_2_T1,Description|agree_2_T2|neuro_1_T2|extra_2_T2|open_1_T2|agree_1_T2|con_2_T2|extra_1_T2|con_1_T2|open_2_T2|neuro_2_T2
3/26/25 11:22,3/26/25 11:28,0,100,316,1,3/26/25 11:28,R_5k5KxEytniQEyPQ,,,,,anonymous,EN,1,3,5,3,2,6,1,4,3,3,5,1,,0.906,0.906,44.059,1,5,1.403,1.403,8.03,1,20,1.381,1.381,7.366,1,3,1.12,1.12,7.036,1,4,6.301,10.884,12.209,2,1,6.547,6.547,7.136,1,2,6.459,6.459,8.04,1,4,3.173,3.173,5.036,1,,,,,,,,,5,1,1,6,1,7,6,1,1,1,1,7,24,2,7,,29,1,5,11,,1,3,Stress,3,FL_35,Description|extra_1_T1|neuro_1_T1|agree_2_T1|con_2_T1|con_1_T1|agree_1_T1|neuro_2_T1|extra_2_T1|open_2_T1|open_1_T1,Description|open_1_T2|neuro_2_T2|open_2_T2|con_2_T2|agree_1_T2|extra_1_T2|neuro_1_T2|agree_2_T2|con_1_T2|extra_2_T2
3/26/25 11:15,3/26/25 11:28,0,100,773,1,3/26/25 11:28,R_1bJEadmIa2UPKCY,,,,,anonymous,EN,1,6,2,6,2,6,1,6,7,6,6,1,,6.495,35.536,44.022,7,,0,0,8.018,0,12,9.354,9.354,11.123,1,,0,0,7.01,0,3,14.255,16.426,17.12,2,,0,0,7.008,0,3,4.968,6.458,8.017,2,4,4.429,4.429,5.016,1,,,,,,,,,2,2,6,2,5,2,6,2,6,6,6,5,24,1,6,,32,1,5,6,,1,2,Stress,2,FL_35,Description|open_2_T1|agree_1_T1|open_1_T1|neuro_2_T1|extra_2_T1|extra_1_T1|con_2_T1|agree_2_T1|neuro_1_T1|con_1_T1,Description|neuro_1_T2|extra_2_T2|con_1_T2|neuro_2_T2|agree_2_T2|open_2_T2|extra_1_T2|agree_1_T2|open_1_T2|con_2_T2
3/26/25 11:21,3/26/25 11:28,0,100,410,1,3/26/25 11:28,R_6emIrCNbdCKfRln,,,,,anonymous,EN,1,4,2,4,2,7,1,4,3,5,6,1,,,,,,,,,,,,,,,,,,,,,,,,,,,,,,,,,,,,,,,,,180,3,67,17,1,5,2,1,1,3,4,2,4,4,7,1,4,3,6,6,24,2,6,,37,1,3,4,,4,0,Nonstress,,FL_36,Description|neuro_2_T1|neuro_1_T1|con_1_T1|open_2_T1|extra_2_T1|agree_1_T1|open_1_T1|agree_2_T1|con_2_T1|extra_1_T1,Description|agree_2_T2|agree_1_T2|neuro_2_T2|con_2_T2|open_2_T2|extra_2_T2|extra_1_T2|open_1_T2|con_1_T2|neuro_1_T2
3/26/25 11:24,3/26/25 11:28,0,100,272,1,3/26/25 11:28,R_1eIrbib789b7phT,,,,,anonymous,EN,1,1,4,2,5,3,6,3,7,3,5,1,5,5.511,5.511,39.573,1,,1.174,1.174,8.12,1,5,1.206,1.206,11.007,1,,3.386,3.386,7.01,1,3,16.329,16.329,17.116,1,3,6.347,6.347,7.106,1,3,3.418,3.418,8.108,1,2,1.753,1.753,2.866,1,,,,,,,,,5,1,1,4,1,7,3,6,3,6,3,3,24,2,6,,19,1,3,3,,3,1,Stress,1,FL_35,Description|open_2_T1|agree_2_T1|open_1_T1|neuro_1_T1|neuro_2_T1|extra_1_T1|con_1_T1|extra_2_T1|agree_1_T1|con_2_T1,Description|con_2_T2|neuro_2_T2|con_1_T2|open_2_T2|agree_1_T2|extra_1_T2|neuro_1_T2|open_1_T2|extra_2_T2|agree_2_T2
3/26/25 11:08,3/26/25 11:28,0,100,1198,1,3/26/25 11:28,R_7MJUKqRLN2XazOj,,,,,anonymous,EN,1,6,3,6,2,6,1,5,6,6,7,1,,,,,,,,,,,,,,,,,,,,,,,,,,,,,,,,,,,,,,,,,250,2,66,17,1,5,4,1,1,4,6,3,5,2,5,2,5,5,5,7,24,2,6,,35,1,3,4,,1,0,Nonstress,,FL_36,Description|extra_2_T1|open_2_T1|neuro_2_T1|extra_1_T1|agree_1_T1|con_2_T1|open_1_T1|agree_2_T1|neuro_1_T1|con_1_T1,Description|agree_1_T2|con_1_T2|open_1_T2|neuro_2_T2|neuro_1_T2|con_2_T2|extra_2_T2|open_2_T2|agree_2_T2|extra_1_T2
3/26/25 11:24,3/26/25 11:28,0,100,280,1,3/26/25 11:28,R_3qEK6CBmStZTJZv,,,,,anonymous,EN,1,2,4,6,7,4,4,3,3,6,6,1,,,,,,,,,,,,,,,,,,,,,,,,,,,,,,,,,,,,,,,,,4,3,67,5,1,1,2,1,2,3,2,5,6,6,4,5,2,2,6,5,24,2,3,,39,1,5,2,,3,0,Nonstress,,FL_36,Description|open_1_T1|open_2_T1|con_2_T1|agree_2_T1|con_1_T1|extra_2_T1|agree_1_T1|neuro_2_T1|extra_1_T1|neuro_1_T1,Description|neuro_2_T2|neuro_1_T2|open_1_T2|agree_2_T2|extra_1_T2|open_2_T2|con_2_T2|extra_2_T2|agree_1_T2|con_1_T2
3/26/25 11:24,3/26/25 11:28,0,100,281,1,3/26/25 11:28,R_1V9lFOAwSSMbi4s,,,,,anonymous,EN,1,3,5,2,6,7,3,4,7,4,7,1,,,,,,,,,,,,,,,,,,,,,,,,,,,,,,,,,,,,,,,,,180,3,67,6,1,5,2,1,2,2,3,5,1,6,7,3,4,7,4,7,24,1,6,,28,1,6,2,,3,0,Nonstress,,FL_36,Description|extra_2_T1|con_2_T1|neuro_2_T1|agree_2_T1|open_1_T1|agree_1_T1|extra_1_T1|con_1_T1|open_2_T1|neuro_1_T1,Description|agree_1_T2|neuro_1_T2|neuro_2_T2|open_1_T2|extra_2_T2|open_2_T2|agree_2_T2|con_2_T2|con_1_T2|extra_1_T2
3/26/25 11:24,3/26/25 11:28,0,100,285,1,3/26/25 11:28,R_73dShXCRGj8jlnA,,,,,anonymous,EN,1,3,5,3,4,3,3,5,5,7,5,1,3,10.609,10.609,36.753,1,,0,0,8.108,0,12,1.436,1.436,7.274,1,,6.114,6.114,7.107,1,4,5.353,5.353,17.005,1,4,3.938,3.938,4.741,1,5,6.576,6.576,7.381,1,2,3.282,3.282,3.928,1,,,,,,,,,2,2,4,6,2,5,3,3,6,4,6,4,24,3,6,,29,1,3,6,,1,3,Stress,3,FL_35,Description|open_2_T1|con_1_T1|extra_2_T1|agree_1_T1|open_1_T1|extra_1_T1|agree_2_T1|neuro_1_T1|neuro_2_T1|con_2_T1,Description|agree_1_T2|open_2_T2|neuro_1_T2|agree_2_T2|neuro_2_T2|extra_1_T2|con_1_T2|con_2_T2|open_1_T2|extra_2_T2
3/26/25 11:15,3/26/25 11:28,0,100,798,1,3/26/25 11:28,R_3n2aLhlnqVAAFL8,,,,,anonymous,EN,1,7,1,1,7,7,4,4,4,7,7,1,,,,,,,,,,,,,,,,,,,,,,,,,,,,,,,,,,,,,,,,,180,3,67,17,1,5,2,1,3,3,7,1,1,7,7,4,4,1,7,7,24,1,3,,40,1,3,4,,1,0,Nonstress,,FL_36,Description|extra_2_T1|extra_1_T1|agree_1_T1|open_2_T1|con_2_T1|open_1_T1|agree_2_T1|con_1_T1|neuro_1_T1|neuro_2_T1,Description|agree_1_T2|con_2_T2|con_1_T2|open_1_T2|neuro_1_T2|extra_1_T2|open_2_T2|extra_2_T2|neuro_2_T2|agree_2_T2
3/26/25 11:21,3/26/25 11:29,0,100,446,1,3/26/25 11:29,R_5uCdISauoQKTfrc,,,,,anonymous,EN,1,5,4,6,4,6,3,6,2,7,6,1,4,1.351,1.351,39.762,1,10,1.214,1.214,8.005,1,30,1.363,1.363,11.005,1,0,0.899,6.506,6.757,2,2,12.988,12.988,14.25,1,2,6.1,6.1,7.004,1,,0,0,8.11,0,2,2.521,2.521,3.545,1,,,,,,,,,1,5,5,4,7,4,6,3,6,2,7,6,24,1,2,,30,1,4,3,,1,1,Stress,1,FL_35,Description|agree_1_T1|agree_2_T1|neuro_1_T1|extra_1_T1|open_1_T1|neuro_2_T1|open_2_T1|con_2_T1|extra_2_T1|con_1_T1,Description|con_1_T2|agree_1_T2|neuro_1_T2|neuro_2_T2|open_1_T2|extra_2_T2|con_2_T2|agree_2_T2|extra_1_T2|open_2_T2
3/26/25 11:25,3/26/25 11:29,0,100,226,1,3/26/25 11:29,R_6dHe3me7HM9snAY,,,,,anonymous,EN,1,5,3,7,2,6,2,5,6,6,7,1,4,1.312,1.86,17.996,2,0.05,1.427,7.085,7.415,2,12,0.661,0.661,5.179,1,3,0.96,0.96,6.105,1,4,5.499,5.499,8.828,1,4,4.029,4.029,4.978,1,5,3.84,3.84,4.572,1,2,2.085,2.085,3.086,1,,,,,,,,,2,2,4,4,2,6,3,3,3,2,6,6,24,1,1,,47,1,2,6,,1,4,Stress,4,FL_35,Description|agree_2_T1|neuro_2_T1|open_2_T1|neuro_1_T1|extra_1_T1|extra_2_T1|con_2_T1|open_1_T1|agree_1_T1|con_1_T1,Description|neuro_2_T2|agree_1_T2|open_1_T2|con_2_T2|extra_1_T2|extra_2_T2|agree_2_T2|con_1_T2|open_2_T2|neuro_1_T2
3/26/25 11:12,3/26/25 11:29,0,100,1048,1,3/26/25 11:29,R_1wegFWNQG1lUsOl,,,,,anonymous,EN,1,5,5,6,1,6,1,7,5,5,6,1,,,,,,,,,,,,,,,,,,,,,,,,,,,,,,,,,,,,,,,,,180,3,67,17,1,5,2,1,1,4,5,5,6,2,7,1,7,5,6,6,24,2,2,,45,1,3,4,,1,0,Nonstress,,FL_36,Description|con_1_T1|agree_2_T1|extra_2_T1|neuro_2_T1|con_2_T1|neuro_1_T1|open_1_T1|extra_1_T1|open_2_T1|agree_1_T1,Description|open_2_T2|open_1_T2|agree_2_T2|agree_1_T2|con_2_T2|con_1_T2|neuro_2_T2|neuro_1_T2|extra_1_T2|extra_2_T2
3/26/25 11:23,3/26/25 11:29,0,100,351,1,3/26/25 11:29,R_5ynl9jSdrmkHhg5,,,,,anonymous,EN,1,4,2,5,4,7,4,6,6,1,5,1,3,20.111,20.111,23.031,1,,6.891,6.891,8.112,1,2,8.95,8.95,11.115,1,1,3.861,6.75,7.015,2,3,5.375,7.044,7.731,2,,0,0,7.117,0,2,5.583,5.583,7.066,1,2,3.766,3.766,5.075,1,,,,,,,,,2,3,4,2,4,4,7,4,6,6,1,4,24,2,1,,59,1,5,2,,3,0,Stress,0,FL_35,Description|con_1_T1|extra_1_T1|open_2_T1|con_2_T1|agree_2_T1|extra_2_T1|neuro_2_T1|agree_1_T1|open_1_T1|neuro_1_T1,Description|extra_1_T2|open_1_T2|agree_2_T2|agree_1_T2|open_2_T2|neuro_2_T2|con_2_T2|con_1_T2|neuro_1_T2|extra_2_T2
3/26/25 11:19,3/26/25 11:29,0,100,634,1,3/26/25 11:29,R_5aQQhO4aVsRewqB,,,,,anonymous,EN,1,5,6,5,5,5,5,5,5,5,5,1,,,,,,,,,,,,,,,,,,,,,,,,,,,,,,,,,,,,,,,,,170,3,67,5,1,5,2,5,5,4,5,5,5,5,5,6,6,5,5,5,24,2,6,,30,1,3,11,,1,0,Nonstress,,FL_36,Description|extra_2_T1|agree_2_T1|extra_1_T1|con_1_T1|agree_1_T1|open_1_T1|con_2_T1|open_2_T1|neuro_1_T1|neuro_2_T1,Description|neuro_1_T2|open_1_T2|neuro_2_T2|open_2_T2|extra_1_T2|extra_2_T2|agree_2_T2|con_1_T2|con_2_T2|agree_1_T2
3/26/25 11:20,3/26/25 11:29,0,100,557,1,3/26/25 11:29,R_5pRTpBBiw72YAZm,,,,,anonymous,EN,1,7,1,7,1,7,1,6,6,5,7,1,,,,,,,,,,,,,,,,,,,,,,,,,,,,,,,,,,,,,,,,,260,3,67,17,1,5,2,1,1,5,7,1,7,1,7,1,6,6,5,7,24,1,6,,52,1,2,6,,1,0,Nonstress,,FL_36,Description|extra_2_T1|agree_1_T1|extra_1_T1|con_1_T1|neuro_2_T1|agree_2_T1|neuro_1_T1|open_1_T1|open_2_T1|con_2_T1,Description|extra_2_T2|open_2_T2|con_2_T2|agree_2_T2|neuro_1_T2|agree_1_T2|neuro_2_T2|con_1_T2|extra_1_T2|open_1_T2
3/26/25 11:17,3/26/25 11:29,0,100,733,1,3/26/25 11:29,R_30T5u6pdTBLXtuH,,,,,anonymous,EN,1,6,4,6,3,5,2,6,7,7,7,1,,0,0,44.119,0,,0,0,8.018,0,2,9.867,9.867,11.017,1,,0,0,7.016,0,,0,0,17.118,0,5,5.315,7.023,7.124,2,2,6.858,6.858,8.12,1,,0,0,5.018,0,,,,,,,,,1,5,7,4,6,2,6,2,7,7,7,6,24,2,7,,44,1,4,4,,2,0,Stress,0,FL_35,Description|con_1_T1|open_1_T1|neuro_1_T1|agree_1_T1|con_2_T1|extra_2_T1|neuro_2_T1|extra_1_T1|agree_2_T1|open_2_T1,Description|agree_1_T2|con_1_T2|extra_1_T2|neuro_1_T2|open_1_T2|open_2_T2|agree_2_T2|neuro_2_T2|extra_2_T2|con_2_T2
3/26/25 11:23,3/26/25 11:29,0,100,413,1,3/26/25 11:29,R_1jkOweeFfUK8cPD,,,,,anonymous,EN,1,1,2,6,4,4,2,7,5,4,6,1,,,,,,,,,,,,,,,,,,,,,,,,,,,,,,,,,,,,,,,,,180,3,67,2,1,5,2,1,1,3,3,1,6,4,5,3,6,7,3,7,24,2,6,,59,1,5,3,,1,0,Nonstress,,FL_36,Description|agree_1_T1|agree_2_T1|con_1_T1|extra_2_T1|neuro_1_T1|extra_1_T1|con_2_T1|open_1_T1|neuro_2_T1|open_2_T1,Description|neuro_2_T2|neuro_1_T2|agree_1_T2|con_1_T2|open_1_T2|agree_2_T2|con_2_T2|extra_1_T2|extra_2_T2|open_2_T2
3/26/25 11:24,3/26/25 11:30,0,100,351,1,3/26/25 11:30,R_6uWWTIn9mGYRGVI,,,,,anonymous,EN,1,3,4,5,4,4,3,4,4,6,6,1,,0,0,44.11,0,,0,0,8.011,0,20,6.401,6.401,9.142,1,,0,0,7.011,0,3,9.62,9.62,11.7,1,,0,0,7.008,0,3,4.201,4.201,8.012,1,2,3.625,3.625,5.109,1,,,,,,,,,2,4,3,4,5,4,4,3,4,4,6,6,24,2,6,,31,1,5,4,,3,0,Stress,0,FL_35,Description|neuro_1_T1|extra_2_T1|open_1_T1|con_2_T1|neuro_2_T1|extra_1_T1|agree_2_T1|agree_1_T1|con_1_T1|open_2_T1,Description|agree_1_T2|con_1_T2|open_2_T2|extra_1_T2|agree_2_T2|con_2_T2|extra_2_T2|neuro_2_T2|open_1_T2|neuro_1_T2
3/26/25 11:23,3/26/25 11:30,0,100,382,1,3/26/25 11:30,R_6NpFOTTst63iGw9,,,,,anonymous,EN,1,3,6,3,3,4,3,4,2,7,7,1,4,10.307,27.961,44.119,2,,0,0,8.112,0,10,1.675,1.675,8.7,1,2,2.357,2.357,7.015,1,4,4.655,4.655,11.365,1,,0,0,7.012,0,2,3.632,3.632,8.012,1,2,2.157,2.157,5.012,1,,,,,,,,,3,2,5,6,2,6,4,2,4,1,7,7,24,2,6,,45,1,6,2,,3,3,Stress,3,FL_35,Description|con_2_T1|extra_2_T1|neuro_1_T1|extra_1_T1|con_1_T1|open_1_T1|agree_2_T1|neuro_2_T1|open_2_T1|agree_1_T1,Description|agree_1_T2|extra_1_T2|open_1_T2|neuro_2_T2|con_2_T2|agree_2_T2|open_2_T2|extra_2_T2|con_1_T2|neuro_1_T2
3/26/25 11:27,3/26/25 11:30,0,100,149,1,3/26/25 11:30,R_5S7tXOvXaTUCwzw,,,,,anonymous,EN,1,3,5,3,6,6,3,6,5,6,7,1,,,,,,,,,,,,,,,,,,,,,,,,,,,,,,,,,,,,,,,,,180,3,67,17,1,5,2,1,3,4,3,5,3,6,6,3,5,5,6,7,24,1,6,,35,1,3,4,,1,0,Nonstress,,FL_36,Description|neuro_1_T1|agree_1_T1|extra_2_T1|con_1_T1|con_2_T1|open_1_T1|open_2_T1|neuro_2_T1|extra_1_T1|agree_2_T1,Description|agree_1_T2|con_1_T2|extra_2_T2|extra_1_T2|neuro_2_T2|open_1_T2|open_2_T2|agree_2_T2|neuro_1_T2|con_2_T2
3/26/25 11:24,3/26/25 11:30,0,100,362,1,3/26/25 11:30,R_6J3kCUq0BR4KBYD,,,,,anonymous,EN,1,4,6,6,1,4,4,4,5,5,6,1,,,,,,,,,,,,,,,,,,,,,,,,,,,,,,,,,,,,,,,,,100,3,67,17,1,5,2,1,1,3,4,7,5,1,5,4,4,5,5,6,24,1,2,,27,1,5,2,,3,0,Nonstress,,FL_36,Description|neuro_1_T1|neuro_2_T1|open_1_T1|con_1_T1|extra_1_T1|open_2_T1|con_2_T1|extra_2_T1|agree_2_T1|agree_1_T1,Description|con_1_T2|extra_2_T2|open_2_T2|open_1_T2|con_2_T2|extra_1_T2|neuro_1_T2|agree_2_T2|agree_1_T2|neuro_2_T2
3/26/25 11:24,3/26/25 11:30,0,100,351,1,3/26/25 11:30,R_6RCMWYNJfg8F10l,,,,,anonymous,EN,1,5,6,3,3,5,6,6,6,6,3,1,,,,,,,,,,,,,,,,,,,,,,,,,,,,,,,,,,,,,,,,,175,2,67,5,1,1,2,1,3,4,7,5,3,2,5,6,2,5,6,7,24,1,6,,30,1,2,5,,1,0,Nonstress,,FL_36,Description|extra_1_T1|neuro_1_T1|agree_1_T1|agree_2_T1|neuro_2_T1|open_1_T1|con_2_T1|open_2_T1|extra_2_T1|con_1_T1,Description|con_2_T2|agree_2_T2|open_2_T2|agree_1_T2|open_1_T2|con_1_T2|neuro_2_T2|extra_2_T2|extra_1_T2|neuro_1_T2
3/26/25 11:11,3/26/25 11:30,0,100,1135,1,3/26/25 11:30,R_1tFrqMXkU7qPgpJ,,,,,anonymous,EN,1,4,2,4,3,6,2,7,6,6,6,1,,,,,,,,,,,,,,,,,,,,,,,,,,,,,,,,,,,,,,,,,180,3,67,17,1,5,2,1,2,4,6,1,3,4,6,2,7,6,4,7,24,1,6,,65,1,5,5,,1,0,Nonstress,,FL_36,Description|extra_1_T1|neuro_1_T1|neuro_2_T1|agree_1_T1|open_1_T1|extra_2_T1|con_1_T1|agree_2_T1|con_2_T1|open_2_T1,Description|open_1_T2|extra_1_T2|con_2_T2|agree_1_T2|extra_2_T2|con_1_T2|agree_2_T2|neuro_2_T2|neuro_1_T2|open_2_T2
3/26/25 11:25,3/26/25 11:31,0,100,349,1,3/26/25 11:31,R_6ih7zuGYTElluss,,,,,anonymous,EN,1,5,4,6,3,6,2,6,6,4,5,1,,,,,,,,,,,,,,,,,,,,,,,,,,,,,,,,,,,,,,,,,170,3,67,2,1,5,2,1,1,3,4,4,5,3,5,2,6,5,4,5,24,2,6,,74,1,3,4,,4,0,Nonstress,,FL_36,Description|agree_2_T1|con_2_T1|open_2_T1|extra_2_T1|extra_1_T1|agree_1_T1|open_1_T1|neuro_1_T1|con_1_T1|neuro_2_T1,Description|open_1_T2|agree_2_T2|con_1_T2|con_2_T2|neuro_2_T2|agree_1_T2|extra_1_T2|extra_2_T2|neuro_1_T2|open_2_T2
3/26/25 11:26,3/26/25 11:32,0,100,355,1,3/26/25 11:32,R_1HtAVLLn2pQbhmh,,,,,anonymous,EN,1,6,2,4,5,7,6,3,6,5,5,1,,,,,,,,,,,,,,,,,,,,,,,,,,,,,,,,,,,,,,,,,180,3,67,17,1,5,2,1,3,3,7,7,5,5,7,5,6,6,6,7,24,1,6,,36,1,2,4,,1,0,Nonstress,,FL_36,Description|extra_2_T1|neuro_1_T1|open_1_T1|con_1_T1|open_2_T1|con_2_T1|agree_1_T1|extra_1_T1|neuro_2_T1|agree_2_T1,Description|agree_1_T2|neuro_1_T2|con_1_T2|open_1_T2|agree_2_T2|con_2_T2|neuro_2_T2|open_2_T2|extra_1_T2|extra_2_T2
3/26/25 11:13,3/26/25 11:32,0,100,1090,1,3/26/25 11:32,R_1CB6CMEXnioj1PH,,,,,anonymous,EN,1,6,6,6,2,5,2,6,6,6,3,1,,,,,,,,,,,,,,,,,,,,,,,,,,,,,,,,,,,,,,,,,180,3,67,17,1,5,2,1,1,5,6,6,6,2,6,2,6,5,6,6,24,2,6,,32,1,3,5,,2,0,Nonstress,,FL_36,Description|con_1_T1|neuro_2_T1|agree_2_T1|open_1_T1|extra_1_T1|agree_1_T1|extra_2_T1|open_2_T1|neuro_1_T1|con_2_T1,Description|neuro_2_T2|neuro_1_T2|con_2_T2|con_1_T2|extra_1_T2|agree_1_T2|agree_2_T2|open_2_T2|extra_2_T2|open_1_T2
3/26/25 11:26,3/26/25 11:32,0,100,331,1,3/26/25 11:32,R_1UVp1WKLVW5KOVV,,,,,anonymous,EN,1,3,5,3,3,5,3,4,4,6,7,1,4.5,19.146,37.508,44.108,3,,0,0,8.116,0,12,2.026,2.026,10.698,1,,0.803,0.803,7.01,1,3,12.775,12.775,13.753,1,,0,0,7.106,0,2,6.321,6.321,7.244,1,2,2.372,2.372,3.064,1,,,,,,,,,4,2,5,7,1,6,6,2,4,4,6,7,24,1,3,,27,1,3,6,,1,1,Stress,1,FL_35,Description|agree_2_T1|open_2_T1|extra_2_T1|neuro_2_T1|agree_1_T1|con_2_T1|open_1_T1|con_1_T1|neuro_1_T1|extra_1_T1,Description|agree_1_T2|neuro_2_T2|extra_2_T2|con_2_T2|open_1_T2|agree_2_T2|open_2_T2|con_1_T2|extra_1_T2|neuro_1_T2
3/26/25 11:28,3/26/25 11:32,0,100,264,1,3/26/25 11:32,R_1lPUuETFBL987Yh,,,,,anonymous,EN,1,4,4,6,4,6,2,6,4,7,7,1,,,,,,,,,,,,,,,,,,,,,,,,,,,,,,,,,,,,,,,,,200,3,67,17,1,5,2,1,1,5,4,2,5,2,7,2,6,4,7,7,24,1,6,,33,1,3,4,,2,0,Nonstress,,FL_36,Description|open_2_T1|agree_2_T1|open_1_T1|neuro_2_T1|extra_2_T1|agree_1_T1|con_1_T1|extra_1_T1|con_2_T1|neuro_1_T1,Description|extra_1_T2|neuro_1_T2|open_1_T2|agree_1_T2|neuro_2_T2|con_2_T2|agree_2_T2|extra_2_T2|con_1_T2|open_2_T2
3/26/25 11:20,3/26/25 11:32,0,100,730,1,3/26/25 11:32,R_7d3QSbBhMZEJymp,,,,,anonymous,EN,1,6,5,5,3,5,3,5,6,5,6,1,,,,,,,,,,,,,,,,,,,,,,,,,,,,,,,,,,,,,,,,,180,3,67,17,1,5,2,1,3,4,6,5,6,3,5,3,6,6,5,6,24,1,7,,35,1,3,4,,1,0,Nonstress,,FL_36,Description|neuro_1_T1|open_1_T1|agree_1_T1|extra_1_T1|con_2_T1|agree_2_T1|open_2_T1|extra_2_T1|neuro_2_T1|con_1_T1,Description|extra_1_T2|extra_2_T2|neuro_1_T2|neuro_2_T2|con_1_T2|open_1_T2|agree_1_T2|agree_2_T2|open_2_T2|con_2_T2
3/26/25 11:24,3/26/25 11:33,0,100,523,1,3/26/25 11:33,R_5ekgm2QdW8E4q7n,,,,,anonymous,EN,1,5,4,4,4,6,2,6,7,7,6,1,5,24.261,24.261,31.996,1,1,7.041,7.041,8.125,1,12,4.663,4.663,6.602,1,0,5.073,5.073,6.979,1,3,4.081,4.081,6.259,1,5,6.466,6.466,7.083,1,4,3.039,3.039,3.981,1,2,3.457,3.457,4.27,1,,,,,,,,,4,3,5,4,3,6,7,2,6,7,6,6,24,2,6,,55,1,5,2,,2,1,Stress,1,FL_35,Description|agree_1_T1|con_2_T1|open_1_T1|neuro_1_T1|agree_2_T1|con_1_T1|extra_2_T1|neuro_2_T1|extra_1_T1|open_2_T1,Description|neuro_1_T2|open_1_T2|neuro_2_T2|open_2_T2|con_1_T2|extra_2_T2|agree_2_T2|agree_1_T2|con_2_T2|extra_1_T2
3/26/25 11:09,3/26/25 11:33,0,100,1452,1,3/26/25 11:33,R_6f2BWXeSLfehUFp,,,,,anonymous,EN,1,6,2,7,2,7,1,6,6,7,6,1,,,,,,,,,,,,,,,,,,,,,,,,,,,,,,,,,,,,,,,,,180,3,67,17,1,5,2,1,1,5,7,1,7,1,7,1,6,7,7,6,24,2,2,,35,1,3,6,,1,0,Nonstress,,FL_36,Description|open_2_T1|neuro_2_T1|agree_2_T1|con_1_T1|open_1_T1|con_2_T1|extra_2_T1|agree_1_T1|neuro_1_T1|extra_1_T1,Description|con_2_T2|open_2_T2|extra_2_T2|extra_1_T2|neuro_2_T2|con_1_T2|agree_1_T2|open_1_T2|agree_2_T2|neuro_1_T2
3/26/25 11:29,3/26/25 11:34,0,100,279,1,3/26/25 11:34,R_1ARa9I1qRNBMVX9,,,,,anonymous,EN,1,3,7,6,2,7,2,3,6,6,7,1,4.5,3.338,33.91,44.107,10,0.05,0.955,3.852,7.353,4,12,1.043,1.043,9.097,1,,0,0,7.115,0,1,2.189,10.899,12.315,6,5,0.941,2.509,4.321,5,5,1.354,4.048,4.842,5,,0.964,1.161,5.013,2,,,,,,,,,4,2,6,7,5,6,6,2,3,5,7,7,24,1,7,,35,1,2,7,,1,2,Stress,2,FL_35,Description|con_1_T1|agree_1_T1|agree_2_T1|extra_2_T1|neuro_2_T1|open_1_T1|extra_1_T1|neuro_1_T1|open_2_T1|con_2_T1,Description|con_1_T2|con_2_T2|neuro_1_T2|open_2_T2|extra_1_T2|extra_2_T2|agree_1_T2|neuro_2_T2|open_1_T2|agree_2_T2
3/26/25 11:18,3/26/25 11:34,0,100,956,1,3/26/25 11:34,R_7lsH6GG6RClL2D2,,,,,anonymous,EN,1,5,4,6,3,6,3,6,6,5,6,1,,,,,,,,,,,,,,,,,,,,,,,,,,,,,,,,,,,,,,,,,180,3,67,17,1,5,2,1,3,3,5,4,5,2,6,2,6,6,5,6,24,2,4,,26,1,5,2,,3,0,Nonstress,,FL_36,Description|open_1_T1|extra_1_T1|open_2_T1|con_2_T1|agree_2_T1|neuro_1_T1|neuro_2_T1|agree_1_T1|extra_2_T1|con_1_T1,Description|con_1_T2|con_2_T2|open_1_T2|neuro_2_T2|open_2_T2|agree_2_T2|extra_2_T2|extra_1_T2|agree_1_T2|neuro_1_T2
3/26/25 11:25,3/26/25 11:35,0,100,566,1,3/26/25 11:35,R_1Lp1npWBE5TFXTa,,,,,anonymous,EN,1,6,3,5,2,6,3,5,5,7,6,1,,,,,,,,,,,,,,,,,,,,,,,,,,,,,,,,,,,,,,,,,150,3,67,2,1,5,2,1,2,4,6,5,7,3,5,2,5,6,6,6,24,1,3,,38,1,5,4,,1,0,Nonstress,,FL_36,Description|extra_1_T1|agree_2_T1|con_2_T1|neuro_2_T1|agree_1_T1|open_2_T1|open_1_T1|neuro_1_T1|con_1_T1|extra_2_T1,Description|open_2_T2|con_1_T2|con_2_T2|agree_2_T2|extra_1_T2|neuro_1_T2|extra_2_T2|neuro_2_T2|open_1_T2|agree_1_T2
3/26/25 11:15,3/26/25 11:35,0,100,1174,1,3/26/25 11:35,R_62tf9vKRMuyqm5u,,,,,anonymous,EN,1,5,5,6,3,5,5,4,5,4,5,1,,,,,,,,,,,,,,,,,,,,,,,,,,,,,,,,,,,,,,,,,180,2,67,10,1,1,2,1,1,3,4,5,4,5,5,4,4,4,5,5,24,2,2,,34,1,4,3,,3,0,Nonstress,,FL_36,Description|con_1_T1|agree_2_T1|open_2_T1|extra_2_T1|agree_1_T1|neuro_2_T1|neuro_1_T1|con_2_T1|open_1_T1|extra_1_T1,Description|agree_1_T2|extra_2_T2|con_1_T2|neuro_2_T2|open_2_T2|agree_2_T2|open_1_T2|neuro_1_T2|con_2_T2|extra_1_T2
3/26/25 11:29,3/26/25 11:36,0,100,423,1,3/26/25 11:36,R_14hCLf040TSWznD,,,,,anonymous,EN,1,5,5,4,4,6,4,5,6,5,5,1,,,,,,,,,,,,,,,,,,,,,,,,,,,,,,,,,,,,,,,,,80,3,67,4,1,5,2,3,1,4,6,7,5,5,5,4,6,6,6,5,24,2,6,,21,1,4,5,,2,0,Nonstress,,FL_36,Description|agree_1_T1|neuro_1_T1|neuro_2_T1|agree_2_T1|con_2_T1|extra_1_T1|con_1_T1|open_2_T1|extra_2_T1|open_1_T1,Description|agree_1_T2|open_1_T2|extra_1_T2|extra_2_T2|neuro_1_T2|con_1_T2|agree_2_T2|open_2_T2|neuro_2_T2|con_2_T2
3/26/25 11:28,3/26/25 11:36,0,100,473,1,3/26/25 11:36,R_3gTlMFyXwAUGVtC,,,,,anonymous,EN,1,6,3,5,5,4,3,3,5,5,5,1,,,,,,,,,,,,,,,,,,,,,,,,,,,,,,,,,,,,,,,,,180,3,67,14,1,1,2,1,2,3,5,3,5,5,5,3,3,5,5,5,24,1,1,,27,1,3,3,,1,0,Nonstress,,FL_36,Description|neuro_1_T1|agree_1_T1|con_1_T1|con_2_T1|neuro_2_T1|agree_2_T1|open_2_T1|open_1_T1|extra_1_T1|extra_2_T1,Description|extra_1_T2|extra_2_T2|agree_2_T2|con_2_T2|agree_1_T2|neuro_1_T2|con_1_T2|open_1_T2|open_2_T2|neuro_2_T2
3/26/25 11:31,3/26/25 11:36,0,100,297,1,3/26/25 11:36,R_5DdpPw15I0uZdzP,,,,,anonymous,EN,1,3,5,3,5,5,5,3,3,6,6,1,12,7.575,7.575,44.008,1,,5.365,5.365,8.019,1,20,1.06,1.06,11.113,1,0,4.05,4.05,7.121,1,3,2.435,2.435,17.007,1,4,5.116,5.116,7.114,1,3,3.857,3.857,8.119,1,2,2.269,2.269,3.52,1,,,,,,,,,5,1,5,6,1,7,5,4,2,2,3,2,24,2,6,,48,1,3,3,,2,0,Stress,0,FL_35,Description|con_2_T1|neuro_1_T1|open_2_T1|extra_2_T1|con_1_T1|agree_1_T1|open_1_T1|agree_2_T1|extra_1_T1|neuro_2_T1,Description|open_2_T2|con_2_T2|extra_2_T2|open_1_T2|neuro_2_T2|neuro_1_T2|agree_2_T2|agree_1_T2|extra_1_T2|con_1_T2
3/26/25 11:22,3/26/25 11:36,0,100,887,1,3/26/25 11:36,R_3P5BUClrE6TsfIs,,,,,anonymous,EN,1,7,1,7,1,7,1,7,7,7,7,1,,,,,,,,,,,,,,,,,,,,,,,,,,,,,,,,,,,,,,,,,180,3,67,17,1,5,2,1,1,5,7,1,7,1,7,1,7,7,7,7,24,2,2,,27,1,2,6,,1,0,Nonstress,,FL_36,Description|con_2_T1|neuro_1_T1|open_1_T1|neuro_2_T1|agree_1_T1|con_1_T1|open_2_T1|agree_2_T1|extra_1_T1|extra_2_T1,Description|extra_1_T2|open_1_T2|con_2_T2|con_1_T2|extra_2_T2|open_2_T2|neuro_1_T2|agree_1_T2|neuro_2_T2|agree_2_T2
3/26/25 11:13,3/26/25 11:37,0,100,1407,1,3/26/25 11:37,R_54PkWLjvBJjdVtz,,,,,anonymous,EN,1,7,1,6,5,7,5,5,5,4,7,1,,,,,,,,,,,,,,,,,,,,,,,,,,,,,,,,,,,,,,,,,3,2,67,10,1,5,2,1,2,3,5,1,7,3,7,1,6,5,2,7,Twenty four,2,6,,38,1,1,5,,1,0,Nonstress,,FL_36,Description|open_1_T1|neuro_1_T1|agree_2_T1|neuro_2_T1|con_2_T1|con_1_T1|extra_1_T1|agree_1_T1|open_2_T1|extra_2_T1,Description|con_1_T2|con_2_T2|neuro_1_T2|agree_2_T2|extra_1_T2|extra_2_T2|agree_1_T2|open_2_T2|neuro_2_T2|open_1_T2
3/26/25 11:29,3/26/25 11:38,0,100,510,1,3/26/25 11:38,R_1rHigNj4z3BLoii,,,,,anonymous,EN,1,6,4,6,3,6,2,5,6,4,4,1,4,3.93,41.438,44.131,4,11,3.703,3.703,8.013,1,0,5.006,5.006,11.012,1,3,2.082,2.082,7.026,1,2,1.733,12.52,17.017,5,3,5.014,6.551,7.016,2,3,3.412,5.111,8.119,2,,2.606,2.606,5.039,1,,,,,,,,,3,3,5,4,5,3,6,2,6,6,4,4,24,1,6,,27,1,2,9,,1,2,Stress,2,FL_35,Description|con_1_T1|open_1_T1|extra_1_T1|con_2_T1|agree_1_T1|agree_2_T1|extra_2_T1|neuro_2_T1|open_2_T1|neuro_1_T1,Description|extra_1_T2|extra_2_T2|open_1_T2|neuro_2_T2|open_2_T2|con_1_T2|neuro_1_T2|con_2_T2|agree_2_T2|agree_1_T2
3/26/25 11:34,3/26/25 11:39,0,100,351,1,3/26/25 11:39,R_1zTq1qlij0e7hmL,,,,,anonymous,EN,1,4,3,4,3,5,3,4,3,5,6,1,4,1.597,1.597,31.302,1,,1.464,1.464,8.112,1,20,1.259,1.259,7.49,1,,0,0,7.004,0,2,4.211,4.211,17.003,1,3,6.07,6.69,7.011,2,5,5.21,6.339,8.107,2,2,2.794,2.794,4.651,1,,,,,,,,,2,2,4,3,4,3,5,3,4,3,5,5,24,2,6,,52,1,3,2,,1,3,Stress,3,FL_35,Description|neuro_1_T1|neuro_2_T1|con_2_T1|agree_2_T1|open_2_T1|agree_1_T1|open_1_T1|con_1_T1|extra_1_T1|extra_2_T1,Description|neuro_1_T2|extra_2_T2|agree_1_T2|extra_1_T2|open_1_T2|neuro_2_T2|open_2_T2|con_1_T2|con_2_T2|agree_2_T2
3/26/25 11:25,3/26/25 11:40,0,100,876,1,3/26/25 11:40,R_1L6ZsxKyh7G6ixG,,,,,anonymous,EN,1,6,6,6,2,5,2,5,6,6,5,1,,43.388,43.388,44.112,1,3,3.428,3.428,8.027,1,,0,0,11.015,0,32,4.207,4.207,7.109,1,,0,0,17.107,0,,0,0,7.119,0,4,7.233,7.233,8.122,1,,0,0,5.109,0,,,,,,,,,3,2,6,3,6,2,6,2,6,5,6,6,24,1,2,,34,1,2,4,,1,0,Stress,0,FL_35,Description|agree_2_T1|extra_2_T1|neuro_1_T1|agree_1_T1|con_1_T1|extra_1_T1|open_2_T1|con_2_T1|neuro_2_T1|open_1_T1,Description|open_2_T2|con_1_T2|extra_1_T2|extra_2_T2|neuro_2_T2|agree_1_T2|neuro_1_T2|agree_2_T2|con_2_T2|open_1_T2
3/26/25 11:36,3/26/25 11:41,0,100,268,1,3/26/25 11:41,R_75B9aji4TjbZ6OR,,,,,anonymous,EN,1,4,4,4,3,3,4,3,5,5,6,1,4,1.521,1.521,22.068,1,5,1.387,1.446,8.111,2,20,1.317,1.317,7.589,1,,1.281,1.281,7.009,1,,0,0,17.012,0,5,5.484,5.484,6.227,1,4,4.543,4.543,5.633,1,2,2.519,2.519,5.011,1,,,,,,,,,3,2,5,3,5,4,5,4,4,3,5,5,24,1,6,,35,1,4,4,,3,2,Stress,2,FL_35,Description|con_2_T1|extra_2_T1|agree_1_T1|con_1_T1|neuro_1_T1|open_2_T1|open_1_T1|neuro_2_T1|agree_2_T1|extra_1_T1,Description|con_2_T2|extra_1_T2|neuro_1_T2|extra_2_T2|con_1_T2|agree_1_T2|agree_2_T2|open_2_T2|open_1_T2|neuro_2_T2
3/26/25 11:38,3/26/25 11:42,0,100,237,1,3/26/25 11:42,R_52MmxsZ1S1MSo01,,,,,anonymous,EN,1,5,3,6,2,6,3,5,5,5,5,1,,,,,,,,,,,,,,,,,,,,,,,,,,,,,,,,,,,,,,,,,1180,3,67,17,1,5,2,1,1,4,4,5,5,2,5,3,5,5,4,4,24,1,6,,18,1,3,3,,2,0,Nonstress,,FL_36,Description|neuro_2_T1|extra_2_T1|extra_1_T1|agree_1_T1|con_1_T1|neuro_1_T1|open_1_T1|con_2_T1|open_2_T1|agree_2_T1,Description|con_2_T2|open_1_T2|con_1_T2|extra_1_T2|open_2_T2|neuro_1_T2|neuro_2_T2|agree_1_T2|extra_2_T2|agree_2_T2
3/26/25 11:37,3/26/25 11:42,0,100,313,1,3/26/25 11:42,R_6Oxka4tn6mgLhC0,,,,,anonymous,EN,1,5,5,5,5,5,3,5,6,6,6,1,,,,,,,,,,,,,,,,,,,,,,,,,,,,,,,,,,,,,,,,,200,3,67,20,1,5,2,1,2,3,5,5,5,5,5,3,5,6,6,6,24,2,6,,42,1,3,4,,1,0,Nonstress,,FL_36,Description|neuro_2_T1|neuro_1_T1|agree_1_T1|con_2_T1|extra_1_T1|con_1_T1|agree_2_T1|open_1_T1|extra_2_T1|open_2_T1,Description|agree_1_T2|con_2_T2|neuro_2_T2|agree_2_T2|neuro_1_T2|open_2_T2|con_1_T2|open_1_T2|extra_1_T2|extra_2_T2
3/26/25 11:35,3/26/25 11:44,0,100,543,1,3/26/25 11:44,R_1njCJ7DjKNeEDLB,,,,,anonymous,EN,1,3,6,5,2,5,5,3,2,5,5,1,4,1.544,1.544,20.524,1,10,1.454,1.454,6.069,1,10,1.267,1.267,5.218,1,0,0.956,0.956,3.521,1,4,5.34,5.34,5.706,1,4,4.022,4.022,4.449,1,,0,0,8.106,0,2,2.329,2.329,2.667,1,,,,,,,,,2,2,3,6,4,3,3,6,3,3,5,3,24,2,6,,33,1,4,3,,1,2,Stress,2,FL_35,Description|agree_1_T1|con_1_T1|extra_1_T1|con_2_T1|neuro_1_T1|agree_2_T1|extra_2_T1|neuro_2_T1|open_2_T1|open_1_T1,Description|open_2_T2|neuro_1_T2|con_1_T2|con_2_T2|agree_1_T2|agree_2_T2|neuro_2_T2|extra_2_T2|open_1_T2|extra_1_T2
3/26/25 11:39,3/26/25 11:45,0,100,349,1,3/26/25 11:45,R_6ci9ISC34B1nIj8,,,,,anonymous,EN,1,4,6,4,5,6,2,6,4,6,6,1,,,,,,,,,,,,,,,,,,,,,,,,,,,,,,,,,,,,,,,,,180,3,67,17,1,5,2,1,1,3,4,6,4,5,6,2,6,4,6,6,24,1,6,,43,1,4,4,,1,0,Nonstress,,FL_36,Description|agree_2_T1|neuro_2_T1|neuro_1_T1|open_1_T1|con_2_T1|con_1_T1|open_2_T1|extra_1_T1|extra_2_T1|agree_1_T1,Description|con_1_T2|open_1_T2|agree_1_T2|open_2_T2|extra_2_T2|agree_2_T2|neuro_1_T2|con_2_T2|extra_1_T2|neuro_2_T2
3/26/25 11:37,3/26/25 11:45,0,100,507,1,3/26/25 11:46,R_52r678zlyWkUf0e,,,,,anonymous,EN,1,7,2,6,4,7,1,7,7,7,7,1,,,,,,,,,,,,,,,,,,,,,,,,,,,,,,,,,,,,,,,,,180,0,67,17,1,5,2,1,2,3,7,7,6,3,7,1,7,6,7,7,24,2,6,,25,1,3,5,,2,0,Nonstress,,FL_36,Description|open_2_T1|extra_2_T1|agree_2_T1|agree_1_T1|neuro_1_T1|extra_1_T1|con_2_T1|neuro_2_T1|con_1_T1|open_1_T1,Description|agree_2_T2|con_1_T2|extra_2_T2|open_2_T2|extra_1_T2|con_2_T2|agree_1_T2|neuro_1_T2|open_1_T2|neuro_2_T2
3/26/25 11:43,3/26/25 11:46,0,100,183,1,3/26/25 11:46,R_6DfftLd20J22q2Z,,,,,anonymous,EN,1,2,7,3,3,5,7,1,6,3,3,1,,,,,,,,,,,,,,,,,,,,,,,,,,,,,,,,,,,,,,,,,180,3,67,97,1,5,2,1,1,2,1,7,3,3,3,7,1,5,3,3,24,1,3,,40,1,5,3,,1,0,Nonstress,,FL_36,Description|agree_2_T1|open_2_T1|con_1_T1|extra_1_T1|agree_1_T1|open_1_T1|extra_2_T1|neuro_1_T1|con_2_T1|neuro_2_T1,Description|agree_1_T2|open_2_T2|extra_2_T2|con_2_T2|neuro_1_T2|con_1_T2|extra_1_T2|agree_2_T2|open_1_T2|neuro_2_T2
3/26/25 11:40,3/26/25 11:46,0,100,332,1,3/26/25 11:46,R_7cbXlfIhhq07ntG,,,,,anonymous,EN,1,6,2,5,2,7,3,3,3,6,6,1,,,,,,,,,,,,,,,,,,,,,,,,,,,,,,,,,,,,,,,,,180,3,67,10,1,5,2,1,2,3,6,2,5,3,6,2,2,2,5,6,24,1,6,,39,1,3,4,,1,0,Nonstress,,FL_36,Description|extra_2_T1|agree_2_T1|open_2_T1|con_1_T1|con_2_T1|open_1_T1|extra_1_T1|neuro_2_T1|agree_1_T1|neuro_1_T1,Description|neuro_2_T2|extra_2_T2|extra_1_T2|agree_1_T2|open_1_T2|con_1_T2|con_2_T2|neuro_1_T2|agree_2_T2|open_2_T2
3/26/25 11:31,3/26/25 11:47,0,100,939,1,3/26/25 11:47,R_1uzFHGzMfVFbwWJ,,,,,anonymous,EN,1,7,4,6,3,7,1,7,6,7,7,1,,,,,,,,,,,,,,,,,,,,,,,,,,,,,,,,,,,,,,,,,180,3,67,17,1,2,2,1,1,5,7,6,7,1,7,1,7,7,7,6,24,1,6,,44,1,2,8,,1,0,Nonstress,,FL_36,Description|extra_1_T1|extra_2_T1|open_1_T1|open_2_T1|con_1_T1|neuro_1_T1|neuro_2_T1|agree_2_T1|con_2_T1|agree_1_T1,Description|agree_2_T2|agree_1_T2|neuro_1_T2|open_1_T2|extra_1_T2|con_1_T2|con_2_T2|open_2_T2|neuro_2_T2|extra_2_T2
3/26/25 11:15,3/26/25 11:48,0,100,1942,1,3/26/25 11:48,R_3R8mz13EPpjSzue,,,,,anonymous,EN,1,7,5,6,6,6,6,6,6,7,6,1,,,,,,,,,,,,,,,,,,,,,,,,,,,,,,,,,,,,,,,,,40,2,68,17,1,1,2,1,1,5,6,4,6,1,7,1,6,7,7,7,24,1,2,,28,1,5,3,,2,0,Nonstress,,FL_36,Description|open_2_T1|neuro_1_T1|extra_2_T1|con_1_T1|agree_1_T1|neuro_2_T1|con_2_T1|open_1_T1|agree_2_T1|extra_1_T1,Description|neuro_1_T2|open_1_T2|con_1_T2|extra_1_T2|open_2_T2|agree_2_T2|agree_1_T2|con_2_T2|extra_2_T2|neuro_2_T2
3/26/25 11:45,3/26/25 11:49,0,100,249,1,3/26/25 11:49,R_5kHCFdhJaUBWEqB,,,,,anonymous,EN,1,4,1,7,2,6,4,2,2,3,6,1,4,25.198,25.198,38.647,1,5,2.926,2.926,8.11,1,12,8.302,8.302,9.387,1,,0,0,6.366,0,2,6.779,8.336,9.851,2,3,4.315,4.315,5.221,1,3,3.248,3.248,4.102,1,2,1.785,1.785,2.807,1,,,,,,,,,2,2,4,1,6,2,6,4,2,2,3,7,24,1,6,,53,1,2,9,,1,4,Stress,4,FL_35,Description|agree_1_T1|con_2_T1|agree_2_T1|open_1_T1|open_2_T1|neuro_1_T1|extra_1_T1|extra_2_T1|con_1_T1|neuro_2_T1,Description|extra_1_T2|agree_1_T2|neuro_1_T2|con_2_T2|neuro_2_T2|open_1_T2|agree_2_T2|open_2_T2|extra_2_T2|con_1_T2
3/26/25 11:38,3/26/25 11:49,0,100,701,1,3/26/25 11:49,R_6WtQ3Q9HtSpOfq9,,,,,anonymous,EN,1,6,4,6,2,6,2,5,4,3,5,1,6,38.445,38.445,40.012,1,,5.749,5.749,8.008,1,30,4.244,4.244,6.892,1,,0,0,6.811,0,3,2.147,2.833,3.384,2,1,5.737,5.737,7.109,1,4,4.219,5.053,5.546,2,2,2.466,2.466,3.177,1,,,,,,,,,4,4,6,3,6,3,6,2,5,5,3,6,24,2,6,,63,1,4,2,,1,0,Stress,0,FL_35,Description|extra_1_T1|neuro_2_T1|open_2_T1|extra_2_T1|open_1_T1|agree_2_T1|con_1_T1|agree_1_T1|con_2_T1|neuro_1_T1,Description|con_1_T2|neuro_1_T2|neuro_2_T2|extra_1_T2|con_2_T2|agree_2_T2|extra_2_T2|open_1_T2|open_2_T2|agree_1_T2
3/26/25 11:45,3/26/25 11:51,0,100,388,1,3/26/25 11:51,R_61oXq1OSaS5mGPL,,,,,anonymous,EN,1,7,4,7,1,7,1,7,7,7,7,1,,,,,,,,,,,,,,,,,,,,,,,,,,,,,,,,,,,,,,,,,170,3,67,17,1,5,2,1,1,4,7,4,7,1,7,1,7,7,7,7,24,2,6,,62,1,4,4,,1,0,Nonstress,,FL_36,Description|open_1_T1|con_1_T1|open_2_T1|extra_1_T1|agree_2_T1|extra_2_T1|con_2_T1|agree_1_T1|neuro_1_T1|neuro_2_T1,Description|open_2_T2|extra_2_T2|open_1_T2|neuro_1_T2|extra_1_T2|agree_1_T2|neuro_2_T2|con_2_T2|agree_2_T2|con_1_T2
3/26/25 11:42,3/26/25 11:54,0,100,709,1,3/26/25 11:54,R_5Q5CNYvYpsRkDWM,,,,,anonymous,EN,1,6,2,6,1,6,1,6,6,7,7,1,4,0.979,7.947,18.982,3,,1.872,1.872,8.041,1,6,2.301,5.21,6.94,4,,1.54,2.74,7.083,2,3,1.811,7.73,15.838,2,2,0.71,3.951,5.386,3,4,0.786,0.786,2.059,1,1,3.332,3.332,4.589,1,,,,,,,,,3,4,7,3,5,5,7,2,7,6,2,6,24,2,2,,25,1,2,6,,1,1,Stress,1,FL_35,Description|extra_1_T1|agree_1_T1|neuro_2_T1|con_1_T1|open_2_T1|open_1_T1|extra_2_T1|con_2_T1|agree_2_T1|neuro_1_T1,Description|agree_2_T2|neuro_2_T2|neuro_1_T2|open_1_T2|open_2_T2|con_2_T2|extra_2_T2|agree_1_T2|extra_1_T2|con_1_T2
3/26/25 11:44,3/26/25 12:00,0,100,973,1,3/26/25 12:00,R_6GdIMXoCboseXtc,,,,,anonymous,EN,1,2,7,6,2,5,3,7,5,6,6,1,3,12.346,32.861,33.553,2,,0,0,8.119,0,20,7.117,7.117,8.787,1,,6.329,6.329,7.109,1,2,2.219,3.384,3.974,3,,0,0,7.111,0,2,3.967,5.882,6.309,3,4,3.5,4.398,5.007,2,,,,,,,,,3,4,6,7,6,2,7,2,7,6,7,6,24,1,6,,72,1,3,6,,1,1,Stress,1,FL_35,Description|extra_1_T1|neuro_2_T1|agree_2_T1|con_1_T1|con_2_T1|agree_1_T1|neuro_1_T1|extra_2_T1|open_1_T1|open_2_T1,Description|open_2_T2|con_1_T2|agree_2_T2|agree_1_T2|neuro_2_T2|extra_1_T2|con_2_T2|neuro_1_T2|extra_2_T2|open_1_T2
3/26/25 12:02,3/26/25 12:09,0,100,411,1,3/26/25 12:09,R_35Kn4kn7766rvDw,,,,,anonymous,EN,1,1,4,4,7,7,5,7,1,7,7,1,,,,,,,,,,,,,,,,,,,,,,,,,,,,,,,,,,,,,,,,,180,3,67,17,1,5,2,1,5,1,1,7,1,7,7,7,7,1,7,7,24,1,6,,32,1,6,1,,3,0,Nonstress,,FL_36,Description|extra_2_T1|agree_2_T1|open_2_T1|neuro_1_T1|extra_1_T1|con_2_T1|agree_1_T1|neuro_2_T1|open_1_T1|con_1_T1,Description|extra_1_T2|extra_2_T2|neuro_1_T2|con_2_T2|con_1_T2|open_2_T2|neuro_2_T2|open_1_T2|agree_2_T2|agree_1_T2
3/26/25 12:05,3/26/25 12:10,0,100,316,1,3/26/25 12:10,R_3dyVlLtz5hwcszC,,,,,anonymous,EN,1,3,4,1,4,7,3,4,2,6,7,1,,1.253,1.253,44.018,1,1.05,1.423,1.934,8.024,2,,1.728,1.728,11.025,1,,0,0,7.016,0,2,15.771,17.001,17.119,3,1,6.52,6.52,7.115,1,5,4.044,4.044,5.286,1,2,1.814,1.814,2.803,1,,,,,,,,,5,1,3,4,1,4,6,4,4,2,6,7,24,1,6,,31,1,5,2,,3,1,Stress,1,FL_35,Description|neuro_2_T1|extra_1_T1|open_2_T1|neuro_1_T1|con_1_T1|agree_1_T1|agree_2_T1|con_2_T1|open_1_T1|extra_2_T1,Description|open_2_T2|con_2_T2|open_1_T2|neuro_1_T2|neuro_2_T2|extra_2_T2|extra_1_T2|agree_2_T2|agree_1_T2|con_1_T2
3/26/25 12:06,3/26/25 12:11,0,100,352,1,3/26/25 12:11,R_79itJVhw3kXQanB,,,,,anonymous,EN,1,5,3,7,2,4,4,6,6,6,7,1,,41.245,41.245,44.111,1,1,2.907,2.907,8.009,1,20,1.165,1.165,7.984,1,,1.414,1.414,6.617,1,3,4.453,5.246,6.342,2,4,5.876,5.876,6.31,1,5,4.125,4.125,5.226,1,2,2.18,2.18,2.614,1,,,,,,,,,4,2,6,3,7,5,4,1,6,7,7,7,24,1,2,,31,1,4,6,,1,1,Stress,1,FL_35,Description|neuro_2_T1|open_1_T1|neuro_1_T1|open_2_T1|extra_1_T1|agree_2_T1|con_1_T1|con_2_T1|agree_1_T1|extra_2_T1,Description|con_2_T2|neuro_2_T2|extra_1_T2|open_2_T2|agree_2_T2|neuro_1_T2|extra_2_T2|con_1_T2|open_1_T2|agree_1_T2
3/26/25 12:07,3/26/25 12:19,0,100,726,1,3/26/25 12:19,R_2HjZl6QRuEpfuT3,,,,,anonymous,EN,1,7,6,6,1,7,1,7,6,7,7,1,,,,,,,,,,,,,,,,,,,,,,,,,,,,,,,,,,,,,,,,,180,3,67,17,1,4,2,1,1,5,7,7,7,1,7,1,7,7,7,6,24,2,2,,40,1,2,9,,1,0,Nonstress,,FL_36,Description|extra_2_T1|open_2_T1|open_1_T1|neuro_2_T1|neuro_1_T1|con_2_T1|extra_1_T1|agree_2_T1|agree_1_T1|con_1_T1,Description|agree_1_T2|con_2_T2|neuro_2_T2|neuro_1_T2|extra_2_T2|con_1_T2|open_1_T2|extra_1_T2|open_2_T2|agree_2_T2
3/26/25 10:18,3/26/25 10:18,0,1,21,0,3/26/25 14:37,R_1exKNVpy7WIqWLi,,,,,anonymous,EN,1,,,,,,,,,,,,,,,,,,,,,,,,,,,,,,,,,,,,,,,,,,,,,,,,,,,,,,,,,,,,,,,,,,,,,,,,,,,,,,,,,,0,Stress,,FL_35,Description|neuro_1_T1|con_1_T1|agree_2_T1|agree_1_T1|open_2_T1|open_1_T1|extra_1_T1|extra_2_T1|neuro_2_T1|con_2_T1,
3/26/25 10:38,3/26/25 10:45,0,19,448,0,3/26/25 14:37,R_14LS4eqVcRg4u2N,,,,,anonymous,EN,1,1,6,1,3,2,2,1,2,2,4,1,,,,,,,,,,,,,,,,,,,,,,,,,,,,,,,,,,,,,,,,,,,,,,,,,,,,,,,,,,,,,,,,,,,,,,,0,Stress,,FL_35,Description|extra_2_T1|open_2_T1|con_2_T1|extra_1_T1|open_1_T1|agree_2_T1|agree_1_T1|neuro_1_T1|neuro_2_T1|con_1_T1,
3/26/25 10:05,3/26/25 10:09,0,19,256,0,3/26/25 14:37,R_3oi3wAoiiUylvtn,,,,,anonymous,EN,1,2,5,1,6,1,6,3,1,4,6,1,,,,,,,,,,,,,,,,,,,,,,,,,,,,,,,,,,,,,,,,,,,,,,,,,,,,,,,,,,,,,,,,,,,,,,,0,Stress,,FL_35,Description|neuro_2_T1|neuro_1_T1|con_2_T1|open_1_T1|extra_1_T1|agree_2_T1|con_1_T1|extra_2_T1|open_2_T1|agree_1_T1,
3/26/25 10:41,3/26/25 10:43,0,15,105,0,3/26/25 14:37,R_1GCSnKAMl4RMLCh,,,,,anonymous,EN,1,3,5,5,5,5,3,5,3,3,5,,,,,,,,,,,,,,,,,,,,,,,,,,,,,,,,,,,,,,,,,,,,,,,,,,,,,,,,,,,,,,,,,,,,,,,,0,Stress,,FL_35,Description|agree_2_T1|con_2_T1|con_1_T1|open_2_T1|agree_1_T1|neuro_2_T1|extra_1_T1|open_1_T1|extra_2_T1|neuro_1_T1,
3/26/25 10:50,3/26/25 10:56,0,26,394,0,3/26/25 14:37,R_1IuTKXwHV7h022e,,,,,anonymous,EN,1,5,4,2,4,6,1,7,7,7,7,1,1,2.336,2.336,44.014,1,,0,0,8.009,0,,,,,,,,,,,,,,,,,,,,,,,,,,,,,,,,,,,,,,,,,,,,,,,,,,,,,,,,,,,,,0,Stress,,FL_35,Description|open_2_T1|con_1_T1|agree_2_T1|agree_1_T1|open_1_T1|neuro_2_T1|extra_1_T1|con_2_T1|extra_2_T1|neuro_1_T1,
3/26/25 10:52,3/26/25 10:56,0,38,252,0,3/26/25 14:37,R_1m1rP3O1PzlTPjf,,,,,anonymous,EN,1,3,2,6,5,5,6,6,5,5,6,1,,18.255,43.351,44.01,2,,6.576,6.576,8.006,1,20,3.332,3.332,5.582,1,,0,0,7.012,0,,,,,,,,,,,,,,,,,,,,,,,,,,,,,,,,,,,,,,,,,,,,,,,,,,,0,Stress,,FL_35,Description|open_1_T1|agree_2_T1|agree_1_T1|neuro_2_T1|con_1_T1|extra_2_T1|open_2_T1|extra_1_T1|con_2_T1|neuro_1_T1,
3/26/25 10:16,3/26/25 10:20,0,15,231,0,3/26/25 14:37,R_72kWei811XGd3Kt,,,,,anonymous,EN,1,7,7,6,1,6,1,6,6,7,7,,,,,,,,,,,,,,,,,,,,,,,,,,,,,,,,,,,,,,,,,,,,,,,,,,,,,,,,,,,,,,,,,,,,,,,,0,Stress,,FL_35,Description|neuro_1_T1|open_1_T1|con_2_T1|neuro_2_T1|con_1_T1|extra_2_T1|open_2_T1|agree_2_T1|agree_1_T1|extra_1_T1,
3/26/25 11:04,3/26/25 11:08,0,59,227,0,3/26/25 14:37,R_1D2HMMPGzTtgoeH,,,,,anonymous,EN,1,4,2,4,4,6,3,6,4,6,7,1,4,17.146,35.248,35.838,4,,2.544,5.808,8.021,2,10,5.73,8.5,9.153,2,3,2.044,3.517,5.014,2,,2.696,2.696,18.445,1,1,3.425,6.689,7.117,3,4,4.477,7.568,8.013,4,2,1.912,4.039,5.118,4,,,,,,,,,,,,,,,,,,,,,,,,,,,,,,,1,Stress,1,FL_35,Description|extra_2_T1|open_1_T1|open_2_T1|neuro_1_T1|neuro_2_T1|agree_2_T1|con_2_T1|agree_1_T1|con_1_T1|extra_1_T1,
3/26/25 10:26,3/26/25 10:31,0,19,335,0,3/26/25 14:37,R_3wVQFiQa75GPr8d,,,,,anonymous,EN,1,3,5,6,2,3,3,5,2,5,6,1,,,,,,,,,,,,,,,,,,,,,,,,,,,,,,,,,,,,,,,,,,,,,,,,,,,,,,,,,,,,,,,,,,,,,,,0,Stress,,FL_35,Description|extra_2_T1|con_1_T1|con_2_T1|extra_1_T1|neuro_2_T1|agree_1_T1|open_1_T1|neuro_1_T1|agree_2_T1|open_2_T1,
3/26/25 11:04,3/26/25 11:06,0,17,72,0,3/26/25 14:37,R_12PWBTUdzH4WqMV,,,,,anonymous,EN,1,4,6,1,4,6,1,7,3,6,5,1,,,,,,,,,,,,,,,,,,,,,,,,,,,,,,,,,,,,,,,,,,,,,,,,,,,,,,,,,,,,,,,,,,,,,,,0,Stress,,FL_35,Description|open_1_T1|con_2_T1|open_2_T1|neuro_1_T1|con_1_T1|neuro_2_T1|extra_2_T1|agree_2_T1|agree_1_T1|extra_1_T1,
3/26/25 10:35,3/26/25 10:37,0,31,123,0,3/26/25 14:37,R_7hhgTWzr3uFs4MS,,,,,anonymous,EN,1,6,5,5,5,7,2,5,3,5,7,1,5.5,1.57,33.718,34.453,2,,1.627,1.627,8.117,1,25,1.24,1.24,7.4,1,,,,,,,,,,,,,,,,,,,,,,,,,,,,,,,,,,,,,,,,,,,,,,,,,,,,,,,,0,Stress,,FL_35,Description|extra_2_T1|con_1_T1|open_1_T1|extra_1_T1|neuro_1_T1|open_2_T1|con_2_T1|agree_2_T1|agree_1_T1|neuro_2_T1,
3/26/25 10:09,3/26/25 10:14,0,58,269,0,3/26/25 14:37,R_53Td3ZU8kxpyxjj,,,,,anonymous,EN,1,3,7,5,6,7,1,7,2,7,7,1,5,2.253,35.633,38.877,3,0.1,2.237,2.237,7.995,1,20,0.901,9.182,9.758,2,9,0.958,6.819,7.005,3,3,5.063,11.09,12.468,5,5,2.345,4.754,5.585,3,2,3.371,6.042,7.329,4,2,3.203,3.91,5.005,2,,,,,,,,,,,,,,,,,,,,,,,,,,,,,,,0,Stress,,FL_35,Description|con_1_T1|neuro_2_T1|neuro_1_T1|con_2_T1|extra_1_T1|agree_1_T1|open_2_T1|extra_2_T1|agree_2_T1|open_1_T1,
3/26/25 10:28,3/26/25 10:30,0,19,126,0,3/26/25 14:37,R_5D7NmmIe7lVb0mo,,,,,anonymous,EN,1,3,7,2,6,3,3,5,2,6,6,1,,,,,,,,,,,,,,,,,,,,,,,,,,,,,,,,,,,,,,,,,,,,,,,,,,,,,,,,,,,,,,,,,,,,,,,0,Stress,,FL_35,Description|extra_2_T1|agree_2_T1|extra_1_T1|con_2_T1|agree_1_T1|neuro_1_T1|open_1_T1|con_1_T1|open_2_T1|neuro_2_T1,
3/26/25 10:31,3/26/25 10:32,0,15,60,0,3/26/25 14:37,R_5mo2i81B8cT8gJX,,,,,anonymous,EN,1,4,4,6,3,6,3,4,5,3,7,,,,,,,,,,,,,,,,,,,,,,,,,,,,,,,,,,,,,,,,,,,,,,,,,,,,,,,,,,,,,,,,,,,,,,,,0,Stress,,FL_35,Description|agree_2_T1|con_2_T1|extra_2_T1|neuro_2_T1|neuro_1_T1|open_1_T1|agree_1_T1|extra_1_T1|con_1_T1|open_2_T1,
3/26/25 11:10,3/26/25 11:13,0,36,172,0,3/26/25 14:37,R_1q2SoHmB6dreuvO,,,,,anonymous,EN,1,5,3,6,2,6,3,5,3,2,5,1,4.5,1.807,1.807,37.692,1,,7.606,7.606,8.109,1,10,1.337,1.337,6.364,1,,1.812,1.812,8.016,1,,,,,,,,,,,,,,,,,,,,,,,,,,,,,,,,,,,,,,,,,,,,,,,,,,,0,Stress,,FL_35,Description|open_1_T1|agree_2_T1|con_1_T1|agree_1_T1|con_2_T1|neuro_2_T1|neuro_1_T1|extra_1_T1|extra_2_T1|open_2_T1,
3/26/25 10:42,3/26/25 10:46,0,19,229,0,3/26/25 14:37,R_7AJlwYiG7YMqeNb,,,,,anonymous,EN,1,6,2,5,2,4,4,3,1,6,7,1,,,,,,,,,,,,,,,,,,,,,,,,,,,,,,,,,,,,,,,,,,,,,,,,,,,,,,,,,,,,,,,,,,,,,,,0,Stress,,FL_35,Description|open_2_T1|open_1_T1|agree_1_T1|con_2_T1|neuro_1_T1|con_1_T1|neuro_2_T1|extra_1_T1|extra_2_T1|agree_2_T1,
3/26/25 10:34,3/26/25 10:39,0,63,266,0,3/26/25 14:37,R_3yrURd1iidpeUuk,,,,,anonymous,EN,1,3,6,2,5,5,5,4,4,6,4,1,,,,,,,,,,,,,,,,,,,,,,,,,,,,,,,,,,,,,,,,,180,,,,,,,,,,,,,,,,,,,,,,,,,,,,,,0,Nonstress,,FL_36,Description|extra_1_T1|neuro_1_T1|extra_2_T1|neuro_2_T1|con_1_T1|open_2_T1|con_2_T1|open_1_T1|agree_2_T1|agree_1_T1,
3/26/25 10:33,3/26/25 10:36,0,19,170,0,3/26/25 14:37,R_5Pdg38kJIWakKEs,,,,,anonymous,EN,1,4,4,4,4,6,2,6,4,6,6,1,,,,,,,,,,,,,,,,,,,,,,,,,,,,,,,,,,,,,,,,,,,,,,,,,,,,,,,,,,,,,,,,,,,,,,,0,Stress,,FL_35,Description|extra_1_T1|con_2_T1|open_1_T1|open_2_T1|neuro_2_T1|neuro_1_T1|agree_2_T1|con_1_T1|extra_2_T1|agree_1_T1,
3/26/25 10:37,3/26/25 10:41,0,75,245,0,3/26/25 14:37,R_3rpHqoee7qpcwvX,,,,,anonymous,EN,1,5,7,3,5,6,1,6,7,7,6,1,,11.456,14.732,44.14,3,,0,0,8.115,0,30,2.327,2.327,8.558,1,2,1.195,4.929,6.561,2,3,0.6,10.115,10.937,2,4,5.039,5.039,5.832,1,2,5.098,5.098,7.231,1,,0,0,5.058,0,,,,,,,,,4,2,,,,,,,,,,,,,,,,,,,,,1,Stress,1,FL_35,Description|con_1_T1|neuro_1_T1|agree_1_T1|con_2_T1|agree_2_T1|extra_1_T1|open_1_T1|neuro_2_T1|extra_2_T1|open_2_T1,Description|open_2_T2|agree_1_T2|agree_2_T2|con_2_T2|open_1_T2|extra_1_T2|neuro_1_T2|neuro_2_T2|extra_2_T2|con_1_T2
3/26/25 10:45,3/26/25 10:47,0,33,133,0,3/26/25 14:37,R_7jDHIgZOG9eyA6c,,,,,anonymous,EN,1,4,6,6,4,7,3,2,1,5,6,1,7,16.9,40.66,42.001,2,,0,0,8.02,0,25,5.319,7.977,8.664,2,,,,,,,,,,,,,,,,,,,,,,,,,,,,,,,,,,,,,,,,,,,,,,,,,,,,,,,,0,Stress,,FL_35,Description|agree_2_T1|extra_2_T1|neuro_1_T1|con_2_T1|open_1_T1|extra_1_T1|agree_1_T1|con_1_T1|neuro_2_T1|open_2_T1,
3/26/25 10:40,3/26/25 10:44,0,38,209,0,3/26/25 14:37,R_56gq2LZrb6HqjMK,,,,,anonymous,EN,1,7,4,5,1,7,1,7,7,4,7,1,3,36.806,36.806,41.288,1,,0,0,8.008,0,12,1.912,1.912,11.109,1,,0,0,7.108,0,,,,,,,,,,,,,,,,,,,,,,,,,,,,,,,,,,,,,,,,,,,,,,,,,,,1,Stress,,FL_35,Description|agree_1_T1|con_2_T1|extra_2_T1|neuro_1_T1|open_1_T1|con_1_T1|extra_1_T1|neuro_2_T1|open_2_T1|agree_2_T1,
3/26/25 10:43,3/26/25 10:50,0,19,443,0,3/26/25 14:37,R_50uQshPGbZZisXS,,,,,anonymous,EN,1,4,4,6,2,6,2,6,4,6,6,1,,,,,,,,,,,,,,,,,,,,,,,,,,,,,,,,,,,,,,,,,,,,,,,,,,,,,,,,,,,,,,,,,,,,,,,0,Stress,,FL_35,Description|con_2_T1|extra_1_T1|extra_2_T1|neuro_2_T1|open_1_T1|agree_2_T1|neuro_1_T1|agree_1_T1|open_2_T1|con_1_T1,
3/26/25 10:49,3/26/25 10:54,0,58,323,0,3/26/25 14:37,R_7meXfgTDzqEJAj6,,,,,anonymous,EN,1,7,4,5,2,4,1,6,3,5,5,1,4.5,12.55,21.339,22.332,2,,0.996,6.131,8.004,4,14,1.505,10.831,11.104,6,,1.028,4.829,7.112,2,5,3.271,12.15,13.458,3,4,2.964,4.647,5.662,4,3,0.906,7.838,8.009,5,3,0.412,0.412,1.502,1,,,,,,,,,,,,,,,,,,,,,,,,,,,,,,,0,Stress,,FL_35,Description|open_1_T1|neuro_1_T1|extra_2_T1|agree_1_T1|agree_2_T1|open_2_T1|con_1_T1|con_2_T1|extra_1_T1|neuro_2_T1,
3/26/25 10:53,3/26/25 10:57,0,59,195,0,3/26/25 14:37,R_7pnXFxLJ6IyrhmN,,,,,anonymous,EN,1,4,4,2,5,7,3,6,6,7,7,1,4.5,1.181,22.242,28.762,3,,1.317,1.317,8.011,1,20,1.395,5.327,7.662,2,,0,0,6.575,0,,0,0,17.122,0,2,6.55,6.55,7.006,1,4,3.999,3.999,4.87,1,2,2.393,2.393,3.675,1,,,,,,,,,,,,,,,,,,,,,,,,,,,,,,,0,Stress,0,FL_35,Description|agree_1_T1|con_1_T1|extra_1_T1|neuro_2_T1|open_1_T1|neuro_1_T1|extra_2_T1|open_2_T1|con_2_T1|agree_2_T1,
3/26/25 10:57,3/26/25 10:59,0,19,112,0,3/26/25 14:37,R_7SxiV1VtMUAOyeb,,,,,anonymous,EN,1,4,3,3,5,5,3,6,4,5,5,1,,,,,,,,,,,,,,,,,,,,,,,,,,,,,,,,,,,,,,,,,,,,,,,,,,,,,,,,,,,,,,,,,,,,,,,0,Stress,,FL_35,Description|extra_2_T1|open_2_T1|agree_2_T1|open_1_T1|agree_1_T1|con_2_T1|neuro_2_T1|con_1_T1|extra_1_T1|neuro_1_T1,
3/26/25 10:59,3/26/25 11:05,0,58,372,0,3/26/25 14:37,R_7RxU59sQx9Nkkjg,,,,,anonymous,EN,1,6,6,5,5,6,1,7,3,7,4,1,3,11.321,11.321,44.088,1,1.05,5.334,5.334,8.127,1,,0,0,11.023,0,0,4.054,4.054,6.845,1,2,11.525,11.525,13.163,1,3,5.299,5.299,7.026,1,5,6.319,6.319,8.122,1,2,3.599,3.599,5.019,1,,,,,,,,,,,,,,,,,,,,,,,,,,,,,,,2,Stress,,FL_35,Description|open_2_T1|neuro_1_T1|con_2_T1|agree_1_T1|extra_1_T1|open_1_T1|extra_2_T1|con_1_T1|agree_2_T1|neuro_2_T1,
3/26/25 10:21,3/26/25 10:28,0,33,451,0,3/26/25 14:37,R_6Bll6RQClaIVzLM,,,,,anonymous,EN,1,5,6,5,6,7,1,6,4,7,6,1,10,16.906,16.906,44.004,1,,6.485,6.485,8.004,1,,2.292,2.292,11.005,1,,,,,,,,,,,,,,,,,,,,,,,,,,,,,,,,,,,,,,,,,,,,,,,,,,,,,,,,0,Stress,,FL_35,Description|open_1_T1|con_2_T1|neuro_2_T1|open_2_T1|agree_2_T1|agree_1_T1|con_1_T1|extra_1_T1|extra_2_T1|neuro_1_T1,
3/26/25 10:59,3/26/25 11:35,0,15,2124,0,3/26/25 14:37,R_7czNuS4jgooWNoF,,,,,anonymous,EN,1,5,3,5,5,5,2,5,6,5,5,,,,,,,,,,,,,,,,,,,,,,,,,,,,,,,,,,,,,,,,,,,,,,,,,,,,,,,,,,,,,,,,,,,,,,,,0,Stress,,FL_35,Description|neuro_1_T1|extra_2_T1|agree_1_T1|neuro_2_T1|extra_1_T1|con_1_T1|open_2_T1|con_2_T1|open_1_T1|agree_2_T1,
3/26/25 10:39,3/26/25 10:50,0,15,641,0,3/26/25 14:37,R_3Ey0p9GT6p1emtE,,,,,anonymous,EN,1,5,5,5,5,5,5,5,5,5,5,,,,,,,,,,,,,,,,,,,,,,,,,,,,,,,,,,,,,,,,,,,,,,,,,,,,,,,,,,,,,,,,,,,,,,,,0,Nonstress,,FL_36,Description|extra_1_T1|open_1_T1|con_1_T1|agree_2_T1|neuro_1_T1|neuro_2_T1|open_2_T1|con_2_T1|agree_1_T1|extra_2_T1,
3/26/25 10:48,3/26/25 10:51,0,38,159,0,3/26/25 14:37,R_3Qn61XZ8jSWQz4v,,,,,anonymous,EN,1,3,7,1,5,6,1,6,3,7,7,1,5,34.345,34.345,36.467,1,,0,0,8.014,0,,0,0,10.004,0,,0,0,6.774,0,,,,,,,,,,,,,,,,,,,,,,,,,,,,,,,,,,,,,,,,,,,,,,,,,,,0,Stress,,FL_35,Description|con_1_T1|agree_1_T1|open_2_T1|extra_2_T1|neuro_2_T1|neuro_1_T1|con_2_T1|agree_2_T1|extra_1_T1|open_1_T1,
3/26/25 10:43,3/26/25 11:05,0,1,1315,0,3/26/25 14:37,R_5S38Pc7eeq0cBFw,,,,,anonymous,EN,1,,,,,,,,,,,,,,,,,,,,,,,,,,,,,,,,,,,,,,,,,,,,,,,,,,,,,,,,,,,,,,,,,,,,,,,,,,,,,,,,,,0,Nonstress,,FL_36,Description|agree_2_T1|con_2_T1|con_1_T1|extra_2_T1|open_2_T1|neuro_1_T1|extra_1_T1|agree_1_T1|open_1_T1|neuro_2_T1,
3/26/25 11:03,3/26/25 11:06,0,36,207,0,3/26/25 14:37,R_74HnGXpd3jmlvy9,,,,,anonymous,EN,1,2,5,2,3,3,5,5,5,6,3,1,,0,0,44.107,0,,4.22,4.22,8.103,1,22,1.377,1.377,9.857,1,,1.837,1.837,7.006,1,,,,,,,,,,,,,,,,,,,,,,,,,,,,,,,,,,,,,,,,,,,,,,,,,,,0,Stress,,FL_35,Description|neuro_2_T1|open_1_T1|extra_2_T1|neuro_1_T1|con_2_T1|open_2_T1|agree_1_T1|con_1_T1|extra_1_T1|agree_2_T1,
3/26/25 11:03,3/26/25 11:06,0,19,158,0,3/26/25 14:37,R_7qvBf5lneLprfRk,,,,,anonymous,EN,1,5,4,7,1,7,1,4,4,6,6,1,,,,,,,,,,,,,,,,,,,,,,,,,,,,,,,,,,,,,,,,,,,,,,,,,,,,,,,,,,,,,,,,,,,,,,,0,Stress,,FL_35,Description|neuro_1_T1|agree_1_T1|agree_2_T1|open_2_T1|open_1_T1|neuro_2_T1|con_2_T1|extra_2_T1|con_1_T1|extra_1_T1,
3/26/25 10:55,3/26/25 11:04,0,31,573,0,3/26/25 14:37,R_5HqnDZODlH2p224,,,,,anonymous,EN,1,6,3,6,2,1,6,3,1,6,7,1,6,5.911,18.523,43.24,5,,2.266,2.403,9.98,2,,3.251,3.251,12.646,1,,,,,,,,,,,,,,,,,,,,,,,,,,,,,,,,,,,,,,,,,,,,,,,,,,,,,,,,0,Stress,,FL_35,Description|open_1_T1|extra_2_T1|extra_1_T1|open_2_T1|agree_2_T1|agree_1_T1|con_1_T1|con_2_T1|neuro_2_T1|neuro_1_T1,
3/26/25 11:10,3/26/25 11:18,0,36,497,0,3/26/25 14:37,R_7dGYf8VJ6FNGxgz,,,,,anonymous,EN,1,5,3,5,3,6,3,5,6,6,6,1,4.5,4.508,17.029,20.993,3,,0,0,8.017,0,,4.879,4.879,11.027,1,,6.929,6.929,7.024,1,,,,,,,,,,,,,,,,,,,,,,,,,,,,,,,,,,,,,,,,,,,,,,,,,,,0,Stress,,FL_35,Description|open_1_T1|con_1_T1|neuro_2_T1|extra_1_T1|agree_2_T1|extra_2_T1|agree_1_T1|neuro_1_T1|open_2_T1|con_2_T1,
3/26/25 11:19,3/26/25 11:22,0,28,200,0,3/26/25 14:37,R_7QYMn3eyG4WYubQ,,,,,anonymous,EN,1,7,3,7,1,7,1,7,7,7,7,1,5,22.773,22.773,37.587,1,,0,0,8.006,0,,,,,,,,,,,,,,,,,,,,,,,,,,,,,,,,,,,,,,,,,,,,,,,,,,,,,,,,,,,,,0,Stress,,FL_35,Description|agree_2_T1|extra_2_T1|neuro_2_T1|con_1_T1|neuro_1_T1|con_2_T1|open_1_T1|open_2_T1|agree_1_T1|extra_1_T1,
3/26/25 10:56,3/26/25 10:59,0,28,162,0,3/26/25 14:37,R_5FOpknrMKKqonx4,,,,,anonymous,EN,1,2,7,7,2,7,5,4,5,6,6,1,,4.254,4.254,44.118,1,,4.397,4.397,8.116,1,,,,,,,,,,,,,,,,,,,,,,,,,,,,,,,,,,,,,,,,,,,,,,,,,,,,,,,,,,,,,0,Stress,,FL_35,Description|open_2_T1|neuro_2_T1|extra_1_T1|open_1_T1|neuro_1_T1|agree_2_T1|agree_1_T1|con_2_T1|con_1_T1|extra_2_T1,
3/26/25 10:38,3/26/25 10:42,0,19,240,0,3/26/25 14:37,R_69QaxJF58KlAsxP,,,,,anonymous,EN,1,4,5,5,3,6,5,5,7,5,5,1,,,,,,,,,,,,,,,,,,,,,,,,,,,,,,,,,,,,,,,,,,,,,,,,,,,,,,,,,,,,,,,,,,,,,,,0,Stress,,FL_35,Description|extra_1_T1|agree_2_T1|neuro_2_T1|neuro_1_T1|con_1_T1|agree_1_T1|open_2_T1|con_2_T1|open_1_T1|extra_2_T1,
3/26/25 10:39,3/26/25 10:43,0,38,230,0,3/26/25 14:37,R_6cC822CPcVYjdCL,,,,,anonymous,EN,1,3,4,3,3,2,3,6,4,6,6,1,8,25.11,25.11,30.336,1,,0,0,8.132,0,,10.316,10.316,11.02,1,,0,0,7.117,0,,,,,,,,,,,,,,,,,,,,,,,,,,,,,,,,,,,,,,,,,,,,,,,,,,,0,Stress,,FL_35,Description|con_2_T1|open_1_T1|con_1_T1|agree_2_T1|open_2_T1|neuro_2_T1|extra_1_T1|extra_2_T1|agree_1_T1|neuro_1_T1,
3/26/25 11:20,3/26/25 11:32,0,1,749,0,3/26/25 14:37,R_74BTHFv1yKcWdG1,,,,,anonymous,EN,1,,,,,,,,,,,,,,,,,,,,,,,,,,,,,,,,,,,,,,,,,,,,,,,,,,,,,,,,,,,,,,,,,,,,,,,,,,,,,,,,,,0,Nonstress,,FL_36,Description|extra_2_T1|neuro_2_T1|open_1_T1|open_2_T1|con_1_T1|agree_1_T1|extra_1_T1|agree_2_T1|neuro_1_T1|con_2_T1,
3/26/25 10:45,3/26/25 10:48,0,28,166,0,3/26/25 14:37,R_6emJaW0ztUBf8MG,,,,,anonymous,EN,1,1,7,1,4,3,6,6,2,2,2,1,5,36.191,36.191,39.432,1,,1.006,1.006,8.006,1,,,,,,,,,,,,,,,,,,,,,,,,,,,,,,,,,,,,,,,,,,,,,,,,,,,,,,,,,,,,,0,Stress,,FL_35,Description|con_2_T1|con_1_T1|open_2_T1|neuro_1_T1|neuro_2_T1|extra_2_T1|open_1_T1|agree_2_T1|extra_1_T1|agree_1_T1,
3/26/25 10:47,3/26/25 10:49,0,28,154,0,3/26/25 14:37,R_6oQIWAdiBn8Dg3h,,,,,anonymous,EN,1,7,5,7,1,7,1,6,6,6,7,1,,42.855,42.855,44.115,1,,7.031,7.031,8.114,1,,,,,,,,,,,,,,,,,,,,,,,,,,,,,,,,,,,,,,,,,,,,,,,,,,,,,,,,,,,,,0,Stress,,FL_35,Description|neuro_2_T1|agree_2_T1|agree_1_T1|neuro_1_T1|con_1_T1|con_2_T1|open_1_T1|extra_1_T1|open_2_T1|extra_2_T1,
3/26/25 11:03,3/26/25 11:11,0,1,479,0,3/26/25 14:37,R_3hRnZRNYlcZ4MjY,,,,,anonymous,EN,1,,,,,,,,,,,,,,,,,,,,,,,,,,,,,,,,,,,,,,,,,,,,,,,,,,,,,,,,,,,,,,,,,,,,,,,,,,,,,,,,,,0,Stress,,FL_35,Description|agree_1_T1|neuro_2_T1|con_1_T1|open_1_T1|agree_2_T1|extra_2_T1|neuro_1_T1|extra_1_T1|con_2_T1|open_2_T1,
3/26/25 10:54,3/26/25 10:56,0,21,151,0,3/26/25 14:37,R_61QxaXakCaVTeZh,,,,,anonymous,EN,1,7,7,7,1,7,1,5,7,4,7,1,,0,0,45.085,0,,,,,,,,,,,,,,,,,,,,,,,,,,,,,,,,,,,,,,,,,,,,,,,,,,,,,,,,,,,,,,,,,,0,Stress,,FL_35,Description|agree_2_T1|extra_2_T1|neuro_1_T1|open_1_T1|con_1_T1|con_2_T1|extra_1_T1|neuro_2_T1|agree_1_T1|open_2_T1,
3/26/25 10:59,3/26/25 11:00,0,19,90,0,3/26/25 14:37,R_6S9y85KbVTZOCEy,,,,,anonymous,EN,1,4,6,4,3,6,3,3,4,5,6,1,,,,,,,,,,,,,,,,,,,,,,,,,,,,,,,,,,,,,,,,,,,,,,,,,,,,,,,,,,,,,,,,,,,,,,,0,Stress,,FL_35,Description|neuro_2_T1|agree_1_T1|open_2_T1|neuro_1_T1|con_1_T1|agree_2_T1|open_1_T1|extra_1_T1|con_2_T1|extra_2_T1,
3/26/25 10:57,3/26/25 11:01,0,31,261,0,3/26/25 14:37,R_5EaBGNHfVqu3M9P,,,,,anonymous,EN,1,7,2,7,2,6,1,6,6,7,7,1,5,25.373,25.373,35.52,1,,2.821,2.821,8.019,1,,8.808,8.808,11.004,1,,,,,,,,,,,,,,,,,,,,,,,,,,,,,,,,,,,,,,,,,,,,,,,,,,,,,,,,0,Stress,,FL_35,Description|agree_2_T1|extra_1_T1|neuro_1_T1|open_1_T1|open_2_T1|neuro_2_T1|con_1_T1|agree_1_T1|extra_2_T1|con_2_T1,
3/26/25 11:00,3/26/25 11:00,0,1,24,0,3/26/25 14:37,R_6iLDwgPk2ikQDBv,,,,,anonymous,EN,1,,,,,,,,,,,,,,,,,,,,,,,,,,,,,,,,,,,,,,,,,,,,,,,,,,,,,,,,,,,,,,,,,,,,,,,,,,,,,,,,,,0,Stress,,FL_35,Description|con_1_T1|con_2_T1|neuro_1_T1|agree_1_T1|agree_2_T1|extra_2_T1|extra_1_T1|neuro_2_T1|open_2_T1|open_1_T1,
3/26/25 11:04,3/26/25 11:15,0,41,706,0,3/26/25 14:37,R_3CHvnGWlULZ4Kkd,,,,,anonymous,EN,1,5,7,3,5,4,4,5,6,6,6,1,,6.664,7.93,45.762,2,,3.348,3.348,8.01,1,,3.308,3.686,12.816,2,,2.797,3.421,7.112,2,3,2.172,16.998,17.079,4,,,,,,,,,,,,,,,,,,,,,,,,,,,,,,,,,,,,,,,,,,,,,,0,Stress,,FL_35,Description|con_2_T1|agree_1_T1|con_1_T1|agree_2_T1|open_1_T1|extra_2_T1|open_2_T1|neuro_1_T1|extra_1_T1|neuro_2_T1,
3/26/25 10:57,3/26/25 10:58,0,60,80,0,3/26/25 14:37,R_5Rqru9RMy9okyW0,,,,,anonymous,EN,1,2,5,4,3,4,4,2,4,6,3,1,,,,,,,,,,,,,,,,,,,,,,,,,,,,,,,,,,,,,,,,,,,,,,,,,,,,,,,,,,,,,,,,,,,,,,,0,Nonstress,,FL_36,Description|con_2_T1|open_1_T1|extra_2_T1|agree_2_T1|extra_1_T1|open_2_T1|neuro_2_T1|con_1_T1|neuro_1_T1|agree_1_T1,
3/26/25 11:02,3/26/25 11:07,0,21,304,0,3/26/25 14:37,R_6lDiqJQYMjYOmrX,,,,,anonymous,EN,1,6,5,6,5,7,3,3,2,7,5,1,,11.805,11.805,44.135,1,,,,,,,,,,,,,,,,,,,,,,,,,,,,,,,,,,,,,,,,,,,,,,,,,,,,,,,,,,,,,,,,,,0,Stress,,FL_35,Description|extra_2_T1|neuro_2_T1|extra_1_T1|agree_1_T1|open_1_T1|open_2_T1|con_2_T1|agree_2_T1|con_1_T1|neuro_1_T1,
3/26/25 11:01,3/26/25 11:04,0,21,180,0,3/26/25 14:37,R_58YukPGYV4yglD1,,,,,anonymous,EN,1,6,3,5,5,6,1,6,3,6,6,1,,34.014,34.014,44.004,1,,,,,,,,,,,,,,,,,,,,,,,,,,,,,,,,,,,,,,,,,,,,,,,,,,,,,,,,,,,,,,,,,,0,Stress,,FL_35,Description|agree_1_T1|extra_1_T1|open_1_T1|con_1_T1|agree_2_T1|extra_2_T1|con_2_T1|open_2_T1|neuro_1_T1|neuro_2_T1,
3/26/25 11:03,3/26/25 11:07,0,33,240,0,3/26/25 14:37,R_6M5JY5BX2hI6mdV,,,,,anonymous,EN,1,5,3,3,6,6,2,5,5,3,3,1,15,11.568,32.518,35.307,2,,0,0,8.007,0,20,3.858,3.858,5.528,1,,,,,,,,,,,,,,,,,,,,,,,,,,,,,,,,,,,,,,,,,,,,,,,,,,,,,,,,0,Stress,,FL_35,Description|open_1_T1|agree_1_T1|extra_2_T1|neuro_2_T1|extra_1_T1|con_2_T1|neuro_1_T1|open_2_T1|con_1_T1|agree_2_T1,
3/26/25 11:05,3/26/25 11:40,0,26,2105,0,3/26/25 14:37,R_6BRt9QChIuALET0,,,,,anonymous,EN,1,5,5,6,4,6,1,7,7,7,6,1,,3.183,3.183,44.023,1,,1.271,1.271,8.013,1,,,,,,,,,,,,,,,,,,,,,,,,,,,,,,,,,,,,,,,,,,,,,,,,,,,,,,,,,,,,,0,Stress,,FL_35,Description|open_2_T1|neuro_1_T1|con_1_T1|open_1_T1|extra_1_T1|agree_1_T1|extra_2_T1|con_2_T1|agree_2_T1|neuro_2_T1,
3/26/25 11:06,3/26/25 11:07,0,19,79,0,3/26/25 14:37,R_60OiGh3p4GVPVJ4,,,,,anonymous,EN,1,5,5,3,6,7,1,6,2,6,6,1,,,,,,,,,,,,,,,,,,,,,,,,,,,,,,,,,,,,,,,,,,,,,,,,,,,,,,,,,,,,,,,,,,,,,,,0,Stress,,FL_35,Description|agree_2_T1|extra_1_T1|agree_1_T1|neuro_1_T1|open_1_T1|con_2_T1|extra_2_T1|neuro_2_T1|open_2_T1|con_1_T1,
3/26/25 11:04,3/26/25 11:07,0,36,214,0,3/26/25 14:37,R_31WQth8r6WdDD2x,,,,,anonymous,EN,1,4,3,7,1,6,7,6,5,6,6,1,5,2.336,14.658,27.977,2,,6.805,6.805,8.007,1,20,4.994,4.994,9.47,1,,6.175,6.175,7.009,1,,,,,,,,,,,,,,,,,,,,,,,,,,,,,,,,,,,,,,,,,,,,,,,,,,,0,Stress,,FL_35,Description|neuro_1_T1|con_2_T1|agree_2_T1|open_2_T1|agree_1_T1|extra_2_T1|con_1_T1|extra_1_T1|open_1_T1|neuro_2_T1,
3/26/25 11:09,3/26/25 11:34,0,68,1516,0,3/26/25 14:37,R_62AkQVudNAWkKrf,,,,,anonymous,EN,1,7,7,7,1,7,1,7,7,7,7,2,,,,,,,,,,,,,,,,,,,,,,,,,,,,,,,,,,,,,,,,,180,3,67,17,1,,,,,,,,,,,,,,,,,,,,,,,,,,0,Nonstress,,FL_36,Description|neuro_1_T1|agree_1_T1|agree_2_T1|con_1_T1|extra_1_T1|open_2_T1|open_1_T1|con_2_T1|neuro_2_T1|extra_2_T1,
3/26/25 11:28,3/26/25 11:31,0,31,183,0,3/26/25 14:37,R_6kU3kkkfAlHfukF,,,,,anonymous,EN,1,6,5,5,5,6,2,2,5,6,6,1,3,23.284,33.839,38.162,4,,0,0,8.109,0,,10.476,10.476,11.105,1,,,,,,,,,,,,,,,,,,,,,,,,,,,,,,,,,,,,,,,,,,,,,,,,,,,,,,,,0,Stress,,FL_35,Description|extra_1_T1|agree_1_T1|agree_2_T1|neuro_2_T1|con_1_T1|extra_2_T1|con_2_T1|open_2_T1|neuro_1_T1|open_1_T1,
3/26/25 11:05,3/26/25 11:08,0,36,151,0,3/26/25 14:37,R_5sSiSO72U7DIAP5,,,,,anonymous,EN,1,7,7,7,7,7,7,7,7,7,7,1,3,10.507,39.012,43.513,4,,6.722,7.594,8.012,2,,6.656,7.259,12.523,2,,3.564,4.069,8.577,2,,,,,,,,,,,,,,,,,,,,,,,,,,,,,,,,,,,,,,,,,,,,,,,,,,,0,Stress,,FL_35,Description|open_2_T1|con_1_T1|neuro_2_T1|neuro_1_T1|extra_2_T1|open_1_T1|agree_1_T1|agree_2_T1|con_2_T1|extra_1_T1,
3/26/25 11:08,3/26/25 11:10,0,65,136,0,3/26/25 14:37,R_3Z3mmBPSzYL8wJX,,,,,anonymous,EN,1,6,2,4,2,5,3,6,5,7,6,1,,,,,,,,,,,,,,,,,,,,,,,,,,,,,,,,,,,,,,,,,1600,2,67,,,,,,,,,,,,,,,,,,,,,,,,,,,,0,Nonstress,,FL_36,Description|agree_2_T1|agree_1_T1|extra_1_T1|extra_2_T1|con_2_T1|con_1_T1|neuro_2_T1|neuro_1_T1|open_1_T1|open_2_T1,
3/26/25 11:08,3/26/25 11:11,0,48,188,0,3/26/25 14:37,R_36FTyhR3fjS1sNb,,,,,anonymous,EN,1,6,2,6,3,6,1,6,6,6,7,1,12,28.342,41.869,44.017,10,,7.717,7.717,8.015,1,2,1.344,3.57,11.116,2,2,2.645,6.404,7.023,3,3,4.712,4.712,6.2,1,,0,0,7.116,0,,,,,,,,,,,,,,,,,,,,,,,,,,,,,,,,,,,,,,,,,1,Stress,,FL_35,Description|neuro_1_T1|open_2_T1|agree_2_T1|con_2_T1|extra_2_T1|agree_1_T1|con_1_T1|open_1_T1|extra_1_T1|neuro_2_T1,
3/26/25 11:16,3/26/25 11:18,0,19,130,0,3/26/25 14:37,R_37j7ptwyhPCjBjM,,,,,anonymous,EN,1,6,4,6,2,6,1,6,6,6,6,1,,,,,,,,,,,,,,,,,,,,,,,,,,,,,,,,,,,,,,,,,,,,,,,,,,,,,,,,,,,,,,,,,,,,,,,0,Stress,,FL_35,Description|agree_1_T1|extra_1_T1|extra_2_T1|con_1_T1|open_1_T1|neuro_2_T1|open_2_T1|agree_2_T1|con_2_T1|neuro_1_T1,
3/26/25 11:17,3/26/25 11:22,0,19,313,0,3/26/25 14:37,R_3dYe3XFk6sk3pZv,,,,,anonymous,EN,1,3,6,4,5,5,3,2,2,7,7,1,,,,,,,,,,,,,,,,,,,,,,,,,,,,,,,,,,,,,,,,,,,,,,,,,,,,,,,,,,,,,,,,,,,,,,,0,Stress,,FL_35,Description|con_2_T1|agree_1_T1|open_1_T1|neuro_2_T1|extra_1_T1|open_2_T1|agree_2_T1|extra_2_T1|neuro_1_T1|con_1_T1,
3/26/25 11:17,3/26/25 11:19,0,19,91,0,3/26/25 14:37,R_3CwIjxQmfd2ODO9,,,,,anonymous,EN,1,5,4,6,1,5,5,3,4,5,6,1,,,,,,,,,,,,,,,,,,,,,,,,,,,,,,,,,,,,,,,,,,,,,,,,,,,,,,,,,,,,,,,,,,,,,,,0,Stress,,FL_35,Description|open_2_T1|agree_2_T1|neuro_1_T1|agree_1_T1|extra_1_T1|neuro_2_T1|extra_2_T1|con_2_T1|open_1_T1|con_1_T1,
3/26/25 11:18,3/26/25 11:23,0,19,322,0,3/26/25 14:37,R_3iDXYI7vFADdStP,,,,,anonymous,EN,1,3,6,4,3,6,3,4,5,5,6,1,,,,,,,,,,,,,,,,,,,,,,,,,,,,,,,,,,,,,,,,,,,,,,,,,,,,,,,,,,,,,,,,,,,,,,,0,Stress,,FL_35,Description|agree_2_T1|con_1_T1|open_1_T1|open_2_T1|extra_1_T1|neuro_2_T1|agree_1_T1|con_2_T1|extra_2_T1|neuro_1_T1,
3/26/25 11:26,3/26/25 11:34,0,19,490,0,3/26/25 14:37,R_3uyOtQ3uRcnpNqp,,,,,anonymous,EN,1,5,4,6,1,6,1,7,7,6,7,1,,,,,,,,,,,,,,,,,,,,,,,,,,,,,,,,,,,,,,,,,,,,,,,,,,,,,,,,,,,,,,,,,,,,,,,0,Stress,,FL_35,Description|extra_1_T1|agree_2_T1|con_1_T1|agree_1_T1|con_2_T1|open_1_T1|open_2_T1|extra_2_T1|neuro_1_T1|neuro_2_T1,